Collection,Record,/eml:eml/@packageId,/eml:eml/@scope,/eml:eml/@system,/eml:eml/@xsi:schemaLocation,/eml:eml/access/@authSystem,/eml:eml/access/@order,/eml:eml/access/@scope,/eml:eml/access/allow/permission,/eml:eml/access/allow/principal,/eml:eml/additionalMetadata/metadata/stmml:unitList/@convention,/eml:eml/additionalMetadata/metadata/stmml:unitList/stmml:unit/@constantToSI,/eml:eml/additionalMetadata/metadata/stmml:unitList/stmml:unit/@id,/eml:eml/additionalMetadata/metadata/stmml:unitList/stmml:unit/@multiplierToSI,/eml:eml/additionalMetadata/metadata/stmml:unitList/stmml:unit/@name,/eml:eml/additionalMetadata/metadata/stmml:unitList/stmml:unit/@parentSI,/eml:eml/additionalMetadata/metadata/stmml:unitList/stmml:unit/@unitType,/eml:eml/additionalMetadata/stmml:unitList/@convention,/eml:eml/additionalMetadata/stmml:unitList/stmml:unit/@constantToSI,/eml:eml/additionalMetadata/stmml:unitList/stmml:unit/@id,/eml:eml/additionalMetadata/stmml:unitList/stmml:unit/@multiplierToSI,/eml:eml/additionalMetadata/stmml:unitList/stmml:unit/@name,/eml:eml/additionalMetadata/stmml:unitList/stmml:unit/@parentSI,/eml:eml/additionalMetadata/stmml:unitList/stmml:unit/@unitType,/eml:eml/dataset/@scope,/eml:eml/dataset/abstract/section/para,/eml:eml/dataset/access/@authSystem,/eml:eml/dataset/access/@order,/eml:eml/dataset/access/@scope,/eml:eml/dataset/access/allow/permission,/eml:eml/dataset/access/allow/principal,/eml:eml/dataset/additionalInfo/para/literalLayout,/eml:eml/dataset/alternateIdentifier,/eml:eml/dataset/contact/@id,/eml:eml/dataset/contact/@scope,/eml:eml/dataset/contact/address/@scope,/eml:eml/dataset/contact/address/administrativeArea,/eml:eml/dataset/contact/address/city,/eml:eml/dataset/contact/address/deliveryPoint,/eml:eml/dataset/contact/address/postalCode,/eml:eml/dataset/contact/electronicMailAddress,/eml:eml/dataset/contact/individualName/surName,/eml:eml/dataset/contact/onlineUrl,/eml:eml/dataset/contact/phone,/eml:eml/dataset/contact/phone/@phonetype,/eml:eml/dataset/contact/positionName,/eml:eml/dataset/coverage/@scope,/eml:eml/dataset/coverage/temporalCoverage/@scope,/eml:eml/dataset/coverage/temporalCoverage/rangeOfDates/beginDate/calendarDate,/eml:eml/dataset/coverage/temporalCoverage/rangeOfDates/endDate/calendarDate,/eml:eml/dataset/creator/@scope,/eml:eml/dataset/creator/address/@scope,/eml:eml/dataset/creator/address/administrativeArea,/eml:eml/dataset/creator/address/city,/eml:eml/dataset/creator/address/country,/eml:eml/dataset/creator/address/deliveryPoint,/eml:eml/dataset/creator/address/postalCode,/eml:eml/dataset/creator/electronicMailAddress,/eml:eml/dataset/creator/individualName/givenName,/eml:eml/dataset/creator/individualName/surName,/eml:eml/dataset/creator/onlineUrl,/eml:eml/dataset/creator/phone,/eml:eml/dataset/creator/phone/@phonetype,/eml:eml/dataset/dataTable/@scope,/eml:eml/dataset/dataTable/alternateIdentifier,/eml:eml/dataset/dataTable/attributeList/attribute/@scope,/eml:eml/dataset/dataTable/attributeList/attribute/attributeDefinition,/eml:eml/dataset/dataTable/attributeList/attribute/attributeName,/eml:eml/dataset/dataTable/attributeList/attribute/measurementScale/dateTime/dateTimeDomain/bounds/maximum/@exclusive,/eml:eml/dataset/dataTable/attributeList/attribute/measurementScale/dateTime/dateTimeDomain/bounds/minimum/@exclusive,/eml:eml/dataset/dataTable/attributeList/attribute/measurementScale/dateTime/dateTimePrecision,/eml:eml/dataset/dataTable/attributeList/attribute/measurementScale/dateTime/formatString,/eml:eml/dataset/dataTable/attributeList/attribute/measurementScale/datetime/dateTimeDomain/bounds/maximum/@exclusive,/eml:eml/dataset/dataTable/attributeList/attribute/measurementScale/datetime/dateTimeDomain/bounds/minimum/@exclusive,/eml:eml/dataset/dataTable/attributeList/attribute/measurementScale/datetime/dateTimePrecision,/eml:eml/dataset/dataTable/attributeList/attribute/measurementScale/datetime/formatString,/eml:eml/dataset/dataTable/attributeList/attribute/measurementScale/interval/numericDomain/bounds/maximum/@exclusive,/eml:eml/dataset/dataTable/attributeList/attribute/measurementScale/interval/numericDomain/bounds/minimum/@exclusive,/eml:eml/dataset/dataTable/attributeList/attribute/measurementScale/interval/numericDomain/numberType,/eml:eml/dataset/dataTable/attributeList/attribute/measurementScale/interval/precision,/eml:eml/dataset/dataTable/attributeList/attribute/measurementScale/interval/unit/standardUnit,/eml:eml/dataset/dataTable/attributeList/attribute/measurementScale/nominal/nonNumericDomain/enumeratedDomain/@enforced,/eml:eml/dataset/dataTable/attributeList/attribute/measurementScale/nominal/nonNumericDomain/enumeratedDomain/codeDefinition/code,/eml:eml/dataset/dataTable/attributeList/attribute/measurementScale/nominal/nonNumericDomain/enumeratedDomain/codeDefinition/definition,/eml:eml/dataset/dataTable/attributeList/attribute/measurementScale/nominal/nonNumericDomain/textDomain/definition,/eml:eml/dataset/dataTable/attributeList/attribute/measurementScale/ratio/numericDomain/bounds/maximum/@exclusive,/eml:eml/dataset/dataTable/attributeList/attribute/measurementScale/ratio/numericDomain/bounds/minimum/@exclusive,/eml:eml/dataset/dataTable/attributeList/attribute/measurementScale/ratio/numericDomain/numberType,/eml:eml/dataset/dataTable/attributeList/attribute/measurementScale/ratio/precision,/eml:eml/dataset/dataTable/attributeList/attribute/measurementScale/ratio/unit/standardUnit,/eml:eml/dataset/dataTable/attributeList/attribute/missingValueCode/code,/eml:eml/dataset/dataTable/attributeList/attribute/missingValueCode/codeExplanation,/eml:eml/dataset/dataTable/attributeList/attribute/storageType,/eml:eml/dataset/dataTable/attributeList/attribute/storageType/@typeSystem,/eml:eml/dataset/dataTable/coverage/@scope,/eml:eml/dataset/dataTable/coverage/temporalCoverage/@scope,/eml:eml/dataset/dataTable/coverage/temporalCoverage/rangeOfDates/beginDate/calendarDate,/eml:eml/dataset/dataTable/coverage/temporalCoverage/rangeOfDates/endDate/calendarDate,/eml:eml/dataset/dataTable/entityDescription,/eml:eml/dataset/dataTable/entityName,/eml:eml/dataset/dataTable/physical/@scope,/eml:eml/dataset/dataTable/physical/dataFormat/textFormat/attributeOrientation,/eml:eml/dataset/dataTable/physical/dataFormat/textFormat/numHeaderLines,/eml:eml/dataset/dataTable/physical/dataFormat/textFormat/recordDelimiter,/eml:eml/dataset/dataTable/physical/dataFormat/textFormat/simpleDelimited/collapseDelimiters,/eml:eml/dataset/dataTable/physical/dataFormat/textFormat/simpleDelimited/fieldDelimiter,/eml:eml/dataset/dataTable/physical/dataFormat/textFormat/simpleDelimited/quoteCharacter,/eml:eml/dataset/dataTable/physical/distribution/@scope,/eml:eml/dataset/dataTable/physical/distribution/online/url,/eml:eml/dataset/dataTable/physical/distribution/online/url/@function,/eml:eml/dataset/dataTable/physical/encodingMethod,/eml:eml/dataset/dataTable/physical/objectName,/eml:eml/dataset/distribution/@scope,/eml:eml/dataset/distribution/online/url,/eml:eml/dataset/distribution/online/url/@function,/eml:eml/dataset/keywordSet/keyword,/eml:eml/dataset/keywordSet/keyword/@keywordType,/eml:eml/dataset/methods/methodStep/description/para,/eml:eml/dataset/methods/methodStep/description/para/literalLayout,/eml:eml/dataset/methods/methodStep/description/para/ulink,/eml:eml/dataset/title
2005,1.7.xml,1.0,1.0,1.0,1.0,0.0,0.0,0.0,0.0,0.0,1.0,2.0,2.0,2.0,2.0,2.0,2.0,0.0,0.0,0.0,0.0,0.0,0.0,0.0,1.0,1.0,1.0,1.0,1.0,2.0,2.0,0.0,1.0,1.0,1.0,1.0,1.0,1.0,2.0,1.0,1.0,0.0,1.0,2.0,2.0,1.0,1.0,1.0,1.0,1.0,1.0,1.0,1.0,1.0,1.0,1.0,0.0,1.0,2.0,1.0,0.0,1.0,1.0,2.0,2.0,40.0,38.0,40.0,0.0,0.0,0.0,0.0,1.0,1.0,1.0,1.0,0.0,0.0,2.0,2.0,2.0,0.0,0.0,0.0,4.0,0.0,0.0,33.0,33.0,33.0,0.0,0.0,40.0,40.0,2.0,2.0,2.0,2.0,2.0,0.0,1.0,1.0,1.0,1.0,1.0,1.0,1.0,1.0,1.0,1.0,1.0,1.0,1.0,1.0,1.0,9.0,0.0,0.0,1.0,0.0,1.0
2005,11.3.xml,1.0,1.0,1.0,1.0,0.0,0.0,0.0,0.0,0.0,0.0,0.0,0.0,0.0,0.0,0.0,0.0,0.0,0.0,0.0,0.0,0.0,0.0,0.0,1.0,1.0,1.0,1.0,1.0,2.0,2.0,0.0,1.0,0.0,1.0,0.0,0.0,0.0,0.0,0.0,0.0,0.0,0.0,0.0,0.0,0.0,1.0,1.0,1.0,1.0,1.0,1.0,1.0,1.0,1.0,1.0,1.0,1.0,2.0,1.0,0.0,1.0,1.0,1.0,1.0,14.0,14.0,14.0,0.0,0.0,0.0,0.0,1.0,1.0,0.0,1.0,2.0,2.0,2.0,2.0,2.0,0.0,0.0,0.0,3.0,8.0,8.0,8.0,8.0,8.0,0.0,0.0,14.0,14.0,0.0,0.0,0.0,0.0,0.0,0.0,0.0,0.0,0.0,0.0,0.0,0.0,0.0,0.0,0.0,0.0,0.0,0.0,1.0,1.0,1.0,3.0,0.0,0.0,1.0,0.0,1.0
2005,14.7.xml,1.0,1.0,1.0,1.0,1.0,1.0,1.0,2.0,2.0,0.0,0.0,6.0,6.0,6.0,6.0,6.0,0.0,0.0,0.0,0.0,0.0,0.0,0.0,0.0,1.0,0.0,0.0,0.0,0.0,0.0,0.0,1.0,1.0,0.0,0.0,1.0,1.0,2.0,1.0,1.0,0.0,1.0,2.0,2.0,1.0,0.0,0.0,1.0,1.0,0.0,0.0,1.0,1.0,1.0,1.0,1.0,1.0,2.0,1.0,1.0,1.0,0.0,0.0,2.0,0.0,32.0,32.0,8.0,8.0,8.0,8.0,0.0,0.0,0.0,0.0,0.0,0.0,9.0,9.0,9.0,0.0,0.0,0.0,6.0,0.0,0.0,9.0,9.0,9.0,10.0,10.0,32.0,0.0,0.0,0.0,0.0,0.0,2.0,2.0,0.0,2.0,2.0,2.0,2.0,2.0,2.0,0.0,2.0,0.0,2.0,2.0,0.0,1.0,0.0,7.0,0.0,2.0,0.0,2.0,1.0
2005,2.3.xml,1.0,1.0,1.0,1.0,0.0,0.0,0.0,0.0,0.0,0.0,0.0,0.0,0.0,0.0,0.0,0.0,0.0,0.0,0.0,0.0,0.0,0.0,0.0,1.0,1.0,1.0,1.0,1.0,2.0,2.0,0.0,1.0,0.0,1.0,0.0,0.0,0.0,0.0,0.0,0.0,0.0,0.0,0.0,0.0,0.0,1.0,1.0,1.0,1.0,1.0,1.0,1.0,1.0,1.0,1.0,0.0,1.0,2.0,1.0,0.0,1.0,1.0,1.0,1.0,15.0,7.0,15.0,0.0,0.0,0.0,0.0,1.0,1.0,0.0,1.0,2.0,2.0,2.0,2.0,2.0,0.0,0.0,0.0,1.0,8.0,8.0,8.0,8.0,8.0,0.0,0.0,15.0,15.0,0.0,0.0,0.0,0.0,0.0,0.0,0.0,0.0,0.0,0.0,0.0,0.0,0.0,0.0,0.0,0.0,0.0,0.0,1.0,1.0,1.0,8.0,0.0,0.0,1.0,0.0,1.0
2005,24.3.xml,1.0,1.0,1.0,1.0,0.0,0.0,0.0,0.0,0.0,0.0,0.0,0.0,0.0,0.0,0.0,0.0,0.0,0.0,0.0,0.0,0.0,0.0,0.0,1.0,1.0,1.0,1.0,1.0,2.0,2.0,0.0,1.0,0.0,1.0,0.0,0.0,0.0,0.0,0.0,0.0,0.0,0.0,0.0,0.0,0.0,1.0,1.0,1.0,1.0,1.0,0.0,0.0,0.0,0.0,0.0,0.0,0.0,2.0,1.0,0.0,0.0,0.0,1.0,1.0,2.0,2.0,2.0,0.0,0.0,0.0,0.0,0.0,0.0,0.0,0.0,0.0,0.0,0.0,0.0,0.0,1.0,212.0,212.0,1.0,0.0,0.0,0.0,0.0,0.0,0.0,0.0,2.0,2.0,0.0,0.0,0.0,0.0,0.0,0.0,0.0,0.0,0.0,0.0,0.0,0.0,0.0,0.0,0.0,0.0,0.0,0.0,1.0,1.0,1.0,3.0,0.0,0.0,1.0,0.0,1.0
2005,3.7.xml,1.0,1.0,1.0,1.0,1.0,1.0,1.0,2.0,2.0,0.0,0.0,3.0,3.0,3.0,3.0,3.0,0.0,0.0,0.0,0.0,0.0,0.0,0.0,0.0,1.0,0.0,0.0,0.0,0.0,0.0,0.0,1.0,1.0,0.0,0.0,1.0,1.0,2.0,1.0,1.0,0.0,1.0,2.0,2.0,1.0,0.0,0.0,1.0,1.0,0.0,0.0,1.0,1.0,1.0,1.0,1.0,1.0,2.0,1.0,0.0,1.0,0.0,0.0,2.0,0.0,60.0,60.0,5.0,5.0,5.0,5.0,0.0,0.0,0.0,0.0,0.0,0.0,8.0,8.0,8.0,0.0,42.0,42.0,10.0,0.0,0.0,29.0,29.0,29.0,0.0,0.0,60.0,0.0,0.0,0.0,1.0,1.0,2.0,2.0,0.0,2.0,2.0,2.0,2.0,2.0,2.0,0.0,2.0,0.0,2.0,2.0,0.0,1.0,0.0,18.0,4.0,0.0,1.0,0.0,1.0
2005,3.8.xml,1.0,1.0,1.0,1.0,1.0,1.0,1.0,2.0,2.0,0.0,0.0,3.0,3.0,3.0,3.0,3.0,0.0,0.0,0.0,0.0,0.0,0.0,0.0,0.0,1.0,0.0,0.0,0.0,0.0,0.0,0.0,1.0,1.0,0.0,0.0,1.0,1.0,2.0,1.0,1.0,0.0,1.0,2.0,2.0,1.0,0.0,0.0,1.0,1.0,0.0,0.0,1.0,1.0,1.0,1.0,1.0,1.0,2.0,1.0,0.0,1.0,0.0,0.0,2.0,0.0,60.0,60.0,5.0,5.0,5.0,5.0,0.0,0.0,0.0,0.0,0.0,0.0,8.0,8.0,8.0,0.0,42.0,42.0,10.0,0.0,0.0,29.0,29.0,29.0,0.0,0.0,60.0,0.0,0.0,0.0,1.0,1.0,2.0,2.0,0.0,2.0,2.0,2.0,2.0,2.0,2.0,0.0,2.0,0.0,2.0,2.0,0.0,1.0,0.0,18.0,4.0,0.0,1.0,0.0,1.0
2005,32.3.xml,1.0,1.0,1.0,1.0,0.0,0.0,0.0,0.0,0.0,0.0,0.0,0.0,0.0,0.0,0.0,0.0,1.0,3.0,3.0,3.0,3.0,3.0,3.0,1.0,1.0,1.0,1.0,1.0,2.0,2.0,0.0,1.0,0.0,1.0,0.0,0.0,0.0,0.0,0.0,0.0,1.0,0.0,0.0,0.0,0.0,1.0,1.0,1.0,1.0,1.0,1.0,1.0,1.0,1.0,1.0,0.0,1.0,2.0,1.0,0.0,1.0,1.0,3.0,3.0,60.0,60.0,60.0,0.0,0.0,0.0,0.0,9.0,9.0,9.0,9.0,0.0,0.0,6.0,6.0,6.0,6.0,135.0,135.0,9.0,0.0,0.0,30.0,30.0,30.0,0.0,0.0,60.0,60.0,0.0,0.0,0.0,0.0,3.0,0.0,0.0,0.0,0.0,0.0,0.0,0.0,0.0,0.0,0.0,0.0,0.0,0.0,1.0,1.0,1.0,4.0,0.0,0.0,1.0,0.0,1.0
2005,37.5.xml,1.0,1.0,1.0,1.0,0.0,0.0,0.0,0.0,0.0,1.0,3.0,3.0,3.0,3.0,3.0,3.0,0.0,0.0,0.0,0.0,0.0,0.0,0.0,1.0,1.0,1.0,1.0,1.0,2.0,2.0,0.0,1.0,1.0,1.0,1.0,1.0,1.0,2.0,1.0,1.0,0.0,1.0,2.0,2.0,1.0,1.0,1.0,1.0,1.0,1.0,1.0,1.0,1.0,1.0,1.0,1.0,1.0,2.0,1.0,0.0,1.0,1.0,2.0,2.0,50.0,50.0,50.0,0.0,0.0,0.0,0.0,6.0,6.0,6.0,6.0,0.0,0.0,4.0,4.0,4.0,4.0,14.0,14.0,4.0,0.0,0.0,32.0,32.0,32.0,0.0,0.0,50.0,50.0,2.0,2.0,2.0,2.0,2.0,2.0,2.0,2.0,2.0,2.0,2.0,2.0,2.0,2.0,2.0,2.0,2.0,2.0,1.0,1.0,1.0,7.0,0.0,0.0,1.0,0.0,1.0
2005,4.4.xml,1.0,1.0,1.0,1.0,0.0,0.0,0.0,0.0,0.0,0.0,0.0,0.0,0.0,0.0,0.0,0.0,0.0,0.0,0.0,0.0,0.0,0.0,0.0,1.0,1.0,1.0,1.0,1.0,2.0,2.0,1.0,1.0,1.0,1.0,1.0,1.0,1.0,2.0,1.0,1.0,0.0,1.0,2.0,2.0,1.0,1.0,1.0,1.0,1.0,1.0,1.0,1.0,1.0,1.0,1.0,0.0,1.0,2.0,1.0,1.0,1.0,1.0,1.0,1.0,15.0,15.0,15.0,0.0,0.0,0.0,0.0,1.0,1.0,0.0,1.0,0.0,0.0,1.0,1.0,1.0,0.0,0.0,0.0,2.0,0.0,0.0,11.0,11.0,11.0,0.0,0.0,15.0,15.0,0.0,0.0,0.0,0.0,0.0,0.0,0.0,0.0,0.0,0.0,0.0,0.0,0.0,0.0,0.0,0.0,0.0,0.0,1.0,1.0,1.0,1.0,0.0,0.0,1.0,0.0,1.0
2005,4.7.xml,1.0,1.0,1.0,1.0,1.0,1.0,1.0,2.0,2.0,0.0,0.0,0.0,0.0,0.0,0.0,0.0,0.0,0.0,0.0,0.0,0.0,0.0,0.0,0.0,1.0,0.0,0.0,0.0,0.0,0.0,1.0,1.0,1.0,0.0,0.0,1.0,1.0,2.0,1.0,1.0,0.0,1.0,2.0,2.0,1.0,0.0,0.0,1.0,1.0,0.0,0.0,1.0,1.0,1.0,1.0,1.0,1.0,2.0,1.0,1.0,1.0,1.0,0.0,1.0,0.0,15.0,15.0,1.0,1.0,1.0,1.0,0.0,0.0,0.0,0.0,0.0,0.0,1.0,1.0,1.0,0.0,0.0,0.0,2.0,0.0,0.0,11.0,11.0,11.0,0.0,0.0,15.0,0.0,0.0,0.0,0.0,0.0,1.0,1.0,0.0,1.0,1.0,1.0,1.0,1.0,1.0,0.0,1.0,0.0,1.0,1.0,0.0,1.0,0.0,6.0,0.0,0.0,1.0,0.0,1.0
2005,47.3.xml,1.0,1.0,1.0,1.0,0.0,0.0,0.0,0.0,0.0,0.0,0.0,0.0,0.0,0.0,0.0,0.0,1.0,1.0,1.0,1.0,1.0,1.0,1.0,1.0,1.0,1.0,1.0,1.0,2.0,2.0,0.0,1.0,0.0,1.0,0.0,0.0,0.0,0.0,0.0,0.0,1.0,0.0,0.0,0.0,0.0,1.0,1.0,1.0,1.0,1.0,0.0,0.0,0.0,0.0,0.0,0.0,0.0,2.0,1.0,0.0,0.0,0.0,1.0,1.0,31.0,31.0,31.0,0.0,0.0,0.0,0.0,1.0,1.0,0.0,0.0,0.0,0.0,3.0,3.0,3.0,1.0,3.0,3.0,4.0,0.0,0.0,22.0,22.0,22.0,0.0,0.0,31.0,31.0,0.0,0.0,0.0,0.0,1.0,0.0,0.0,0.0,0.0,0.0,0.0,0.0,0.0,0.0,0.0,0.0,0.0,0.0,1.0,1.0,1.0,7.0,0.0,0.0,1.0,0.0,1.0
2005,55.3.xml,1.0,1.0,1.0,1.0,0.0,0.0,0.0,0.0,0.0,0.0,0.0,0.0,0.0,0.0,0.0,0.0,1.0,3.0,3.0,3.0,3.0,3.0,3.0,1.0,1.0,1.0,1.0,1.0,2.0,2.0,0.0,1.0,0.0,1.0,0.0,0.0,0.0,0.0,0.0,0.0,1.0,0.0,0.0,0.0,0.0,1.0,1.0,1.0,1.0,1.0,1.0,1.0,1.0,1.0,1.0,1.0,1.0,2.0,1.0,0.0,1.0,1.0,4.0,4.0,57.0,57.0,57.0,0.0,0.0,0.0,0.0,10.0,10.0,9.0,9.0,0.0,0.0,8.0,8.0,8.0,4.0,12.0,12.0,14.0,0.0,0.0,21.0,21.0,21.0,0.0,0.0,57.0,57.0,3.0,3.0,3.0,3.0,4.0,0.0,0.0,0.0,0.0,0.0,0.0,0.0,0.0,0.0,0.0,0.0,0.0,0.0,1.0,1.0,1.0,4.0,0.0,0.0,1.0,0.0,1.0
2005,55.4.xml,1.0,1.0,1.0,1.0,0.0,0.0,0.0,0.0,0.0,0.0,0.0,0.0,0.0,0.0,0.0,0.0,1.0,3.0,3.0,3.0,3.0,3.0,3.0,1.0,1.0,1.0,1.0,1.0,2.0,2.0,0.0,1.0,1.0,1.0,1.0,1.0,1.0,2.0,1.0,1.0,0.0,1.0,2.0,2.0,1.0,1.0,1.0,1.0,1.0,1.0,1.0,1.0,1.0,1.0,1.0,1.0,1.0,2.0,1.0,0.0,1.0,1.0,4.0,4.0,59.0,59.0,59.0,0.0,0.0,0.0,0.0,12.0,12.0,9.0,12.0,0.0,0.0,8.0,8.0,8.0,4.0,12.0,12.0,14.0,0.0,0.0,21.0,21.0,21.0,0.0,0.0,59.0,59.0,3.0,3.0,3.0,3.0,4.0,0.0,0.0,0.0,0.0,0.0,0.0,0.0,0.0,0.0,0.0,0.0,0.0,0.0,1.0,1.0,1.0,4.0,0.0,0.0,1.0,0.0,1.0
2005,62.4.xml,1.0,1.0,1.0,1.0,0.0,0.0,0.0,0.0,0.0,0.0,0.0,0.0,0.0,0.0,0.0,0.0,1.0,3.0,3.0,3.0,3.0,3.0,3.0,1.0,1.0,1.0,1.0,1.0,2.0,2.0,0.0,1.0,1.0,1.0,1.0,1.0,1.0,2.0,1.0,1.0,0.0,1.0,2.0,2.0,1.0,1.0,1.0,1.0,1.0,1.0,1.0,1.0,1.0,1.0,1.0,0.0,1.0,2.0,1.0,1.0,1.0,1.0,1.0,1.0,12.0,12.0,12.0,0.0,0.0,0.0,0.0,3.0,3.0,3.0,3.0,0.0,0.0,3.0,3.0,3.0,1.0,2.0,2.0,2.0,0.0,0.0,3.0,3.0,3.0,0.0,0.0,12.0,12.0,0.0,0.0,0.0,0.0,0.0,0.0,0.0,0.0,0.0,0.0,0.0,0.0,0.0,0.0,0.0,0.0,0.0,0.0,1.0,1.0,1.0,4.0,0.0,0.0,1.0,0.0,1.0
2005,67.3.xml,1.0,1.0,1.0,1.0,0.0,0.0,0.0,0.0,0.0,0.0,0.0,0.0,0.0,0.0,0.0,0.0,1.0,3.0,3.0,3.0,3.0,3.0,3.0,1.0,1.0,1.0,1.0,1.0,2.0,2.0,0.0,1.0,0.0,1.0,0.0,0.0,0.0,0.0,0.0,0.0,1.0,0.0,0.0,0.0,0.0,1.0,1.0,1.0,1.0,1.0,1.0,1.0,1.0,1.0,1.0,1.0,1.0,2.0,1.0,0.0,1.0,1.0,3.0,3.0,45.0,45.0,45.0,0.0,0.0,0.0,0.0,9.0,9.0,9.0,9.0,0.0,0.0,9.0,9.0,9.0,0.0,0.0,0.0,8.0,0.0,0.0,19.0,19.0,19.0,0.0,0.0,45.0,45.0,0.0,0.0,0.0,0.0,3.0,0.0,0.0,0.0,0.0,0.0,0.0,0.0,0.0,0.0,0.0,0.0,0.0,0.0,1.0,1.0,1.0,11.0,0.0,0.0,1.0,0.0,1.0
2005,71.3.xml,1.0,1.0,1.0,1.0,0.0,0.0,0.0,0.0,0.0,0.0,0.0,0.0,0.0,0.0,0.0,0.0,0.0,0.0,0.0,0.0,0.0,0.0,0.0,1.0,1.0,1.0,1.0,1.0,2.0,2.0,0.0,1.0,0.0,1.0,0.0,0.0,0.0,0.0,0.0,0.0,0.0,0.0,0.0,0.0,0.0,1.0,1.0,1.0,1.0,1.0,1.0,1.0,1.0,1.0,1.0,0.0,1.0,2.0,1.0,1.0,1.0,1.0,1.0,1.0,14.0,14.0,14.0,0.0,0.0,0.0,0.0,1.0,1.0,0.0,0.0,3.0,3.0,3.0,3.0,3.0,1.0,15.0,15.0,4.0,5.0,5.0,5.0,5.0,5.0,0.0,0.0,14.0,14.0,0.0,0.0,0.0,0.0,1.0,0.0,0.0,0.0,0.0,0.0,0.0,0.0,0.0,0.0,0.0,0.0,0.0,0.0,1.0,1.0,1.0,4.0,0.0,0.0,1.0,0.0,1.0
2005,8.3.xml,1.0,1.0,1.0,1.0,0.0,0.0,0.0,0.0,0.0,0.0,0.0,0.0,0.0,0.0,0.0,0.0,1.0,5.0,5.0,5.0,5.0,5.0,5.0,1.0,1.0,1.0,1.0,1.0,2.0,2.0,0.0,1.0,0.0,1.0,0.0,0.0,0.0,0.0,0.0,0.0,1.0,0.0,0.0,0.0,0.0,1.0,1.0,1.0,1.0,1.0,1.0,1.0,1.0,1.0,1.0,0.0,1.0,2.0,1.0,0.0,1.0,1.0,2.0,2.0,25.0,25.0,25.0,0.0,0.0,0.0,0.0,11.0,11.0,0.0,9.0,0.0,0.0,4.0,4.0,4.0,0.0,0.0,0.0,4.0,0.0,0.0,6.0,6.0,6.0,0.0,0.0,25.0,25.0,0.0,0.0,0.0,0.0,2.0,0.0,0.0,0.0,0.0,0.0,0.0,0.0,0.0,0.0,0.0,0.0,0.0,0.0,1.0,1.0,1.0,5.0,0.0,0.0,1.0,0.0,1.0
2005,9.3.xml,1.0,1.0,1.0,1.0,0.0,0.0,0.0,0.0,0.0,0.0,0.0,0.0,0.0,0.0,0.0,0.0,1.0,5.0,5.0,5.0,5.0,5.0,5.0,1.0,1.0,1.0,1.0,1.0,2.0,2.0,0.0,1.0,0.0,1.0,0.0,0.0,0.0,0.0,0.0,0.0,1.0,0.0,0.0,0.0,0.0,1.0,1.0,1.0,1.0,1.0,1.0,1.0,1.0,1.0,1.0,0.0,1.0,2.0,1.0,0.0,1.0,1.0,2.0,2.0,25.0,25.0,25.0,0.0,0.0,0.0,0.0,11.0,11.0,0.0,9.0,0.0,0.0,4.0,4.0,4.0,0.0,0.0,0.0,4.0,0.0,0.0,6.0,6.0,6.0,0.0,0.0,25.0,25.0,0.0,0.0,0.0,0.0,2.0,0.0,0.0,0.0,0.0,0.0,0.0,0.0,0.0,0.0,0.0,0.0,0.0,0.0,1.0,1.0,1.0,5.0,0.0,0.0,1.0,0.0,1.0
2005,9.4.xml,1.0,1.0,1.0,1.0,0.0,0.0,0.0,0.0,0.0,0.0,0.0,0.0,0.0,0.0,0.0,0.0,1.0,5.0,5.0,5.0,5.0,5.0,5.0,1.0,1.0,1.0,1.0,1.0,2.0,2.0,0.0,1.0,1.0,1.0,1.0,1.0,1.0,2.0,1.0,1.0,0.0,1.0,2.0,2.0,1.0,1.0,1.0,1.0,1.0,1.0,1.0,1.0,1.0,1.0,1.0,0.0,1.0,2.0,1.0,0.0,1.0,1.0,2.0,2.0,25.0,25.0,25.0,0.0,0.0,0.0,0.0,11.0,11.0,0.0,9.0,0.0,0.0,4.0,4.0,4.0,0.0,0.0,0.0,4.0,0.0,0.0,6.0,6.0,6.0,0.0,0.0,25.0,25.0,0.0,0.0,0.0,0.0,2.0,0.0,0.0,0.0,0.0,0.0,0.0,0.0,0.0,0.0,0.0,0.0,0.0,0.0,1.0,1.0,1.0,5.0,0.0,0.0,1.0,0.0,1.0
2005,9.5.xml,1.0,1.0,1.0,1.0,0.0,0.0,0.0,0.0,0.0,1.0,5.0,5.0,5.0,5.0,5.0,5.0,0.0,0.0,0.0,0.0,0.0,0.0,0.0,1.0,1.0,1.0,1.0,1.0,2.0,2.0,0.0,1.0,1.0,1.0,1.0,1.0,1.0,2.0,1.0,1.0,0.0,1.0,2.0,2.0,1.0,1.0,1.0,1.0,1.0,1.0,1.0,1.0,1.0,1.0,1.0,1.0,1.0,2.0,1.0,0.0,1.0,1.0,2.0,2.0,25.0,25.0,25.0,0.0,0.0,0.0,0.0,11.0,11.0,0.0,9.0,0.0,0.0,4.0,4.0,4.0,0.0,0.0,0.0,4.0,0.0,0.0,6.0,6.0,6.0,0.0,0.0,25.0,25.0,0.0,0.0,0.0,0.0,2.0,0.0,2.0,2.0,2.0,2.0,2.0,2.0,2.0,2.0,2.0,2.0,2.0,2.0,1.0,1.0,1.0,5.0,0.0,0.0,1.0,0.0,1.0
2005,9.6.xml,1.0,1.0,1.0,1.0,0.0,0.0,0.0,0.0,0.0,1.0,5.0,5.0,5.0,5.0,5.0,5.0,0.0,0.0,0.0,0.0,0.0,0.0,0.0,1.0,1.0,1.0,1.0,1.0,2.0,2.0,0.0,1.0,1.0,1.0,1.0,1.0,1.0,2.0,1.0,1.0,0.0,1.0,2.0,2.0,1.0,1.0,1.0,1.0,1.0,1.0,1.0,1.0,1.0,1.0,1.0,1.0,1.0,2.0,1.0,0.0,1.0,1.0,2.0,2.0,25.0,25.0,25.0,0.0,0.0,0.0,0.0,11.0,11.0,0.0,9.0,0.0,0.0,4.0,4.0,4.0,0.0,0.0,0.0,4.0,0.0,0.0,6.0,6.0,6.0,0.0,0.0,25.0,25.0,0.0,0.0,0.0,0.0,2.0,0.0,2.0,2.0,2.0,2.0,2.0,2.0,2.0,2.0,2.0,2.0,2.0,2.0,1.0,1.0,1.0,5.0,0.0,0.0,1.0,0.0,1.0
