Collection,Record,/eml:eml/@packageId,/eml:eml/@scope,/eml:eml/@system,/eml:eml/@xsi:schemaLocation,/eml:eml/additionalMetadata/additionalDataset/DatasetDistributionTypeandRestrictions,/eml:eml/additionalMetadata/additionalDataset/LTERsites/sitename,/eml:eml/additionalMetadata/additionalDataset/addDistribution/submissionDate,/eml:eml/additionalMetadata/additionalDataset/datasetAnomolies/anomolies,/eml:eml/additionalMetadata/additionalDataset/datasetInfoManagementNotes/notes,/eml:eml/additionalMetadata/additionalDataset/datasetSubmissionNotes/notes,/eml:eml/additionalMetadata/additionalDataset/projectPermits/permit,/eml:eml/additionalMetadata/additionalDataset/researchType,/eml:eml/additionalMetadata/stmml:unitList/@convention,/eml:eml/additionalMetadata/stmml:unitList/@xsi:schemaLocation,/eml:eml/additionalMetadata/stmml:unitList/stmml:unit/@constantToSI,/eml:eml/additionalMetadata/stmml:unitList/stmml:unit/@id,/eml:eml/additionalMetadata/stmml:unitList/stmml:unit/@multiplierToSI,/eml:eml/additionalMetadata/stmml:unitList/stmml:unit/@name,/eml:eml/additionalMetadata/stmml:unitList/stmml:unit/@parentSI,/eml:eml/additionalMetadata/stmml:unitList/stmml:unit/@unitType,/eml:eml/additionalMetadata/stmml:unitList/stmml:unit/stmml:description,/eml:eml/dataset/@id,/eml:eml/dataset/@scope,/eml:eml/dataset/abstract/para,/eml:eml/dataset/access/@authSystem,/eml:eml/dataset/access/@order,/eml:eml/dataset/access/@scope,/eml:eml/dataset/access/allow/permission,/eml:eml/dataset/access/allow/principal,/eml:eml/dataset/alternateIdentifier,/eml:eml/dataset/associatedParty/@scope,/eml:eml/dataset/associatedParty/address/@scope,/eml:eml/dataset/associatedParty/address/administrativeArea,/eml:eml/dataset/associatedParty/address/city,/eml:eml/dataset/associatedParty/address/country,/eml:eml/dataset/associatedParty/address/deliveryPoint,/eml:eml/dataset/associatedParty/address/postalCode,/eml:eml/dataset/associatedParty/electronicMailAddress,/eml:eml/dataset/associatedParty/individualName/givenName,/eml:eml/dataset/associatedParty/individualName/surName,/eml:eml/dataset/associatedParty/onlineUrl,/eml:eml/dataset/associatedParty/organizationName,/eml:eml/dataset/associatedParty/phone,/eml:eml/dataset/associatedParty/phone/@phonetype,/eml:eml/dataset/associatedParty/role,/eml:eml/dataset/contact/@scope,/eml:eml/dataset/contact/address/@scope,/eml:eml/dataset/contact/address/administrativeArea,/eml:eml/dataset/contact/address/city,/eml:eml/dataset/contact/address/country,/eml:eml/dataset/contact/address/deliveryPoint,/eml:eml/dataset/contact/address/postalCode,/eml:eml/dataset/contact/electronicMailAddress,/eml:eml/dataset/contact/individualName/givenName,/eml:eml/dataset/contact/individualName/surName,/eml:eml/dataset/contact/onlineUrl,/eml:eml/dataset/contact/organizationName,/eml:eml/dataset/contact/phone,/eml:eml/dataset/contact/phone/@phonetype,/eml:eml/dataset/contact/positionName,/eml:eml/dataset/coverage/@scope,/eml:eml/dataset/coverage/geographicCoverage/@scope,/eml:eml/dataset/coverage/geographicCoverage/boundingCoordinates/eastBoundingCoordinate,/eml:eml/dataset/coverage/geographicCoverage/boundingCoordinates/northBoundingCoordinate,/eml:eml/dataset/coverage/geographicCoverage/boundingCoordinates/southBoundingCoordinate,/eml:eml/dataset/coverage/geographicCoverage/boundingCoordinates/westBoundingCoordinate,/eml:eml/dataset/coverage/geographicCoverage/geographicDescription,/eml:eml/dataset/coverage/temporalCoverage/@scope,/eml:eml/dataset/coverage/temporalCoverage/rangeOfDates/beginDate/calendarDate,/eml:eml/dataset/coverage/temporalCoverage/rangeOfDates/endDate/calendarDate,/eml:eml/dataset/creator/@scope,/eml:eml/dataset/creator/address/@scope,/eml:eml/dataset/creator/address/administrativeArea,/eml:eml/dataset/creator/address/city,/eml:eml/dataset/creator/address/country,/eml:eml/dataset/creator/address/deliveryPoint,/eml:eml/dataset/creator/address/postalCode,/eml:eml/dataset/creator/electronicMailAddress,/eml:eml/dataset/creator/individualName/givenName,/eml:eml/dataset/creator/individualName/salutation,/eml:eml/dataset/creator/individualName/surName,/eml:eml/dataset/creator/onlineUrl,/eml:eml/dataset/creator/organizationName,/eml:eml/dataset/creator/phone,/eml:eml/dataset/creator/phone/@phonetype,/eml:eml/dataset/creator/positionName,/eml:eml/dataset/dataTable/@scope,/eml:eml/dataset/dataTable/attributeList/attribute/@id,/eml:eml/dataset/dataTable/attributeList/attribute/@scope,/eml:eml/dataset/dataTable/attributeList/attribute/attributeDefinition,/eml:eml/dataset/dataTable/attributeList/attribute/attributeLabel,/eml:eml/dataset/dataTable/attributeList/attribute/attributeName,/eml:eml/dataset/dataTable/attributeList/attribute/measurementScale/datetime/dateTimeDomain/bounds/maximum,/eml:eml/dataset/dataTable/attributeList/attribute/measurementScale/datetime/dateTimeDomain/bounds/maximum/@exclusive,/eml:eml/dataset/dataTable/attributeList/attribute/measurementScale/datetime/dateTimeDomain/bounds/minimum,/eml:eml/dataset/dataTable/attributeList/attribute/measurementScale/datetime/dateTimeDomain/bounds/minimum/@exclusive,/eml:eml/dataset/dataTable/attributeList/attribute/measurementScale/datetime/dateTimePrecision,/eml:eml/dataset/dataTable/attributeList/attribute/measurementScale/datetime/formatString,/eml:eml/dataset/dataTable/attributeList/attribute/measurementScale/nominal/nonNumericDomain/enumeratedDomain/@enforced,/eml:eml/dataset/dataTable/attributeList/attribute/measurementScale/nominal/nonNumericDomain/enumeratedDomain/codeDefinition/code,/eml:eml/dataset/dataTable/attributeList/attribute/measurementScale/nominal/nonNumericDomain/enumeratedDomain/codeDefinition/definition,/eml:eml/dataset/dataTable/attributeList/attribute/measurementScale/nominal/nonNumericDomain/textDomain/definition,/eml:eml/dataset/dataTable/attributeList/attribute/measurementScale/ordinal/nonNumericDomain/textDomain/definition,/eml:eml/dataset/dataTable/attributeList/attribute/measurementScale/ratio/numericDomain/numberType,/eml:eml/dataset/dataTable/attributeList/attribute/measurementScale/ratio/precision,/eml:eml/dataset/dataTable/attributeList/attribute/measurementScale/ratio/unit/customUnit,/eml:eml/dataset/dataTable/attributeList/attribute/measurementScale/ratio/unit/standardUnit,/eml:eml/dataset/dataTable/attributeList/attribute/method/methodStep/description/para,/eml:eml/dataset/dataTable/attributeList/attribute/missingValueCode/code,/eml:eml/dataset/dataTable/attributeList/attribute/missingValueCode/codeExplanation,/eml:eml/dataset/dataTable/attributeList/attribute/storageType,/eml:eml/dataset/dataTable/attributeList/attribute/storageType/@typeSystem,/eml:eml/dataset/dataTable/entityDescription,/eml:eml/dataset/dataTable/entityName,/eml:eml/dataset/dataTable/numberOfRecords,/eml:eml/dataset/dataTable/physical/@scope,/eml:eml/dataset/dataTable/physical/dataFormat/textFormat/attributeOrientation,/eml:eml/dataset/dataTable/physical/dataFormat/textFormat/numHeaderLines,/eml:eml/dataset/dataTable/physical/dataFormat/textFormat/simpleDelimited/fieldDelimiter,/eml:eml/dataset/dataTable/physical/objectName,/eml:eml/dataset/distribution/@scope,/eml:eml/dataset/distribution/online/url,/eml:eml/dataset/distribution/online/url/@function,/eml:eml/dataset/intellectualRights/para,/eml:eml/dataset/keywordSet/keyword,/eml:eml/dataset/maintenance/description/para,/eml:eml/dataset/metadataProvider/@scope,/eml:eml/dataset/metadataProvider/address/@scope,/eml:eml/dataset/metadataProvider/address/administrativeArea,/eml:eml/dataset/metadataProvider/address/city,/eml:eml/dataset/metadataProvider/address/country,/eml:eml/dataset/metadataProvider/address/deliveryPoint,/eml:eml/dataset/metadataProvider/address/postalCode,/eml:eml/dataset/metadataProvider/electronicMailAddress,/eml:eml/dataset/metadataProvider/onlineUrl,/eml:eml/dataset/metadataProvider/organizationName,/eml:eml/dataset/metadataProvider/phone,/eml:eml/dataset/metadataProvider/phone/@phonetype,/eml:eml/dataset/methods/methodStep/citation/@scope,/eml:eml/dataset/methods/methodStep/citation/article/issue,/eml:eml/dataset/methods/methodStep/citation/article/journal,/eml:eml/dataset/methods/methodStep/citation/article/pageRange,/eml:eml/dataset/methods/methodStep/citation/article/volume,/eml:eml/dataset/methods/methodStep/citation/chapter/bookTitle,/eml:eml/dataset/methods/methodStep/citation/chapter/editor/@scope,/eml:eml/dataset/methods/methodStep/citation/chapter/editor/individualName/givenName,/eml:eml/dataset/methods/methodStep/citation/chapter/editor/individualName/surName,/eml:eml/dataset/methods/methodStep/citation/chapter/pageRange,/eml:eml/dataset/methods/methodStep/citation/chapter/publicationPlace,/eml:eml/dataset/methods/methodStep/citation/chapter/publisher/@scope,/eml:eml/dataset/methods/methodStep/citation/chapter/publisher/organizationName,/eml:eml/dataset/methods/methodStep/citation/creator/@scope,/eml:eml/dataset/methods/methodStep/citation/creator/individualName/givenName,/eml:eml/dataset/methods/methodStep/citation/creator/individualName/surName,/eml:eml/dataset/methods/methodStep/citation/pubDate,/eml:eml/dataset/methods/methodStep/citation/title,/eml:eml/dataset/methods/methodStep/description/para,/eml:eml/dataset/methods/methodStep/instrumentation,/eml:eml/dataset/methods/qualityControl,/eml:eml/dataset/methods/qualityControl/description/para,/eml:eml/dataset/methods/sampling/samplingDescription/para,/eml:eml/dataset/methods/sampling/spatialSamplingUnits/coverage/@scope,/eml:eml/dataset/methods/sampling/spatialSamplingUnits/coverage/boundingCoordinates/eastBoundingCoordinate,/eml:eml/dataset/methods/sampling/spatialSamplingUnits/coverage/boundingCoordinates/northBoundingCoordinate,/eml:eml/dataset/methods/sampling/spatialSamplingUnits/coverage/boundingCoordinates/southBoundingCoordinate,/eml:eml/dataset/methods/sampling/spatialSamplingUnits/coverage/boundingCoordinates/westBoundingCoordinate,/eml:eml/dataset/methods/sampling/spatialSamplingUnits/coverage/geographicDescription,/eml:eml/dataset/methods/sampling/studyExtent/description/para,/eml:eml/dataset/project/@id,/eml:eml/dataset/project/@scope,/eml:eml/dataset/project/abstract/para,/eml:eml/dataset/project/funding/para,/eml:eml/dataset/project/personnel/@scope,/eml:eml/dataset/project/personnel/address/@scope,/eml:eml/dataset/project/personnel/address/administrativeArea,/eml:eml/dataset/project/personnel/address/city,/eml:eml/dataset/project/personnel/address/country,/eml:eml/dataset/project/personnel/address/deliveryPoint,/eml:eml/dataset/project/personnel/address/postalCode,/eml:eml/dataset/project/personnel/electronicMailAddress,/eml:eml/dataset/project/personnel/individualName/givenName,/eml:eml/dataset/project/personnel/individualName/surName,/eml:eml/dataset/project/personnel/organizationName,/eml:eml/dataset/project/personnel/phone,/eml:eml/dataset/project/personnel/phone/@phonetype,/eml:eml/dataset/project/personnel/role,/eml:eml/dataset/project/relatedProject/@id,/eml:eml/dataset/project/relatedProject/@scope,/eml:eml/dataset/project/relatedProject/abstract/para,/eml:eml/dataset/project/relatedProject/funding/para,/eml:eml/dataset/project/relatedProject/personnel/@scope,/eml:eml/dataset/project/relatedProject/personnel/address/@scope,/eml:eml/dataset/project/relatedProject/personnel/address/administrativeArea,/eml:eml/dataset/project/relatedProject/personnel/address/city,/eml:eml/dataset/project/relatedProject/personnel/address/country,/eml:eml/dataset/project/relatedProject/personnel/address/deliveryPoint,/eml:eml/dataset/project/relatedProject/personnel/address/postalCode,/eml:eml/dataset/project/relatedProject/personnel/electronicMailAddress,/eml:eml/dataset/project/relatedProject/personnel/individualName/givenName,/eml:eml/dataset/project/relatedProject/personnel/individualName/surName,/eml:eml/dataset/project/relatedProject/personnel/organizationName,/eml:eml/dataset/project/relatedProject/personnel/phone,/eml:eml/dataset/project/relatedProject/personnel/phone/@phonetype,/eml:eml/dataset/project/relatedProject/personnel/positionName,/eml:eml/dataset/project/relatedProject/personnel/role,/eml:eml/dataset/project/relatedProject/studyAreaDescription/coverage/@scope,/eml:eml/dataset/project/relatedProject/studyAreaDescription/coverage/geographicCoverage/@scope,/eml:eml/dataset/project/relatedProject/studyAreaDescription/coverage/geographicCoverage/boundingCoordinates/eastBoundingCoordinate,/eml:eml/dataset/project/relatedProject/studyAreaDescription/coverage/geographicCoverage/boundingCoordinates/northBoundingCoordinate,/eml:eml/dataset/project/relatedProject/studyAreaDescription/coverage/geographicCoverage/boundingCoordinates/southBoundingCoordinate,/eml:eml/dataset/project/relatedProject/studyAreaDescription/coverage/geographicCoverage/boundingCoordinates/westBoundingCoordinate,/eml:eml/dataset/project/relatedProject/studyAreaDescription/coverage/geographicCoverage/geographicDescription,/eml:eml/dataset/project/relatedProject/studyAreaDescription/coverage/temporalCoverage/@scope,/eml:eml/dataset/project/relatedProject/studyAreaDescription/coverage/temporalCoverage/rangeOfDates/beginDate/calendarDate,/eml:eml/dataset/project/relatedProject/studyAreaDescription/coverage/temporalCoverage/rangeOfDates/endDate/calendarDate,/eml:eml/dataset/project/relatedProject/title,/eml:eml/dataset/project/studyAreaDescription/coverage/@scope,/eml:eml/dataset/project/studyAreaDescription/coverage/geographicCoverage/@scope,/eml:eml/dataset/project/studyAreaDescription/coverage/geographicCoverage/boundingCoordinates/eastBoundingCoordinate,/eml:eml/dataset/project/studyAreaDescription/coverage/geographicCoverage/boundingCoordinates/northBoundingCoordinate,/eml:eml/dataset/project/studyAreaDescription/coverage/geographicCoverage/boundingCoordinates/southBoundingCoordinate,/eml:eml/dataset/project/studyAreaDescription/coverage/geographicCoverage/boundingCoordinates/westBoundingCoordinate,/eml:eml/dataset/project/studyAreaDescription/coverage/geographicCoverage/geographicDescription,/eml:eml/dataset/project/studyAreaDescription/coverage/temporalCoverage/@scope,/eml:eml/dataset/project/studyAreaDescription/coverage/temporalCoverage/rangeOfDates/beginDate/calendarDate,/eml:eml/dataset/project/studyAreaDescription/coverage/temporalCoverage/rangeOfDates/endDate/calendarDate,/eml:eml/dataset/project/title,/eml:eml/dataset/pubDate,/eml:eml/dataset/publisher/@scope,/eml:eml/dataset/publisher/address/@scope,/eml:eml/dataset/publisher/address/administrativeArea,/eml:eml/dataset/publisher/address/city,/eml:eml/dataset/publisher/address/country,/eml:eml/dataset/publisher/address/deliveryPoint,/eml:eml/dataset/publisher/address/postalCode,/eml:eml/dataset/publisher/electronicMailAddress,/eml:eml/dataset/publisher/onlineUrl,/eml:eml/dataset/publisher/organizationName,/eml:eml/dataset/publisher/phone,/eml:eml/dataset/publisher/phone/@phonetype,/eml:eml/dataset/title
2007,277.1.xml,1.0,1.0,1.0,1.0,1.0,0.0,1.0,0.0,1.0,1.0,0.0,1.0,0.0,0.0,0.0,0.0,0.0,0.0,0.0,0.0,0.0,1.0,1.0,1.0,1.0,1.0,1.0,1.0,2.0,1.0,1.0,1.0,2.0,2.0,1.0,5.0,2.0,2.0,2.0,2.0,2.0,2.0,4.0,2.0,2.0,1.0,1.0,2.0,2.0,1.0,6.0,2.0,2.0,0.0,0.0,2.0,2.0,4.0,2.0,1.0,1.0,1.0,2.0,2.0,2.0,2.0,2.0,1.0,1.0,1.0,1.0,1.0,1.0,1.0,1.0,3.0,1.0,1.0,0.0,0.0,0.0,1.0,1.0,2.0,2.0,0.0,1.0,11.0,1.0,11.0,5.0,11.0,1.0,1.0,1.0,1.0,1.0,1.0,0.0,0.0,0.0,4.0,2.0,1.0,2.0,0.0,2.0,0.0,1.0,1.0,3.0,1.0,1.0,1.0,1.0,1.0,1.0,1.0,1.0,1.0,1.0,1.0,1.0,1.0,8.0,1.0,1.0,1.0,1.0,1.0,1.0,3.0,1.0,1.0,1.0,1.0,1.0,1.0,0.0,0.0,0.0,0.0,0.0,0.0,0.0,0.0,0.0,0.0,0.0,0.0,0.0,0.0,0.0,0.0,0.0,0.0,1.0,1.0,1.0,1.0,1.0,1.0,1.0,1.0,1.0,1.0,1.0,1.0,1.0,1.0,1.0,1.0,1.0,1.0,1.0,1.0,1.0,8.0,1.0,1.0,5.0,5.0,1.0,7.0,2.0,2.0,0.0,0.0,0.0,0.0,0.0,0.0,0.0,0.0,0.0,0.0,0.0,0.0,0.0,0.0,0.0,0.0,0.0,0.0,0.0,0.0,0.0,0.0,0.0,0.0,0.0,0.0,0.0,0.0,0.0,0.0,1.0,1.0,1.0,1.0,1.0,1.0,1.0,1.0,1.0,1.0,1.0,1.0,1.0,1.0,1.0,1.0,1.0,3.0,1.0,1.0,1.0,1.0,1.0,1.0,1.0
2007,277.4.xml,1.0,1.0,1.0,1.0,1.0,0.0,1.0,0.0,1.0,1.0,0.0,1.0,0.0,0.0,0.0,0.0,0.0,0.0,0.0,0.0,0.0,1.0,1.0,1.0,1.0,1.0,1.0,2.0,2.0,1.0,1.0,1.0,2.0,2.0,1.0,5.0,2.0,2.0,2.0,2.0,2.0,2.0,4.0,2.0,2.0,1.0,1.0,2.0,2.0,1.0,6.0,2.0,2.0,0.0,0.0,2.0,2.0,4.0,2.0,1.0,1.0,1.0,2.0,2.0,2.0,2.0,2.0,1.0,1.0,1.0,1.0,1.0,1.0,1.0,1.0,3.0,1.0,1.0,0.0,0.0,0.0,1.0,1.0,2.0,2.0,0.0,1.0,11.0,1.0,11.0,5.0,11.0,1.0,1.0,1.0,1.0,1.0,1.0,1.0,1.0,1.0,0.0,2.0,1.0,2.0,0.0,2.0,0.0,1.0,1.0,3.0,1.0,1.0,1.0,1.0,1.0,1.0,1.0,1.0,1.0,1.0,1.0,1.0,1.0,11.0,1.0,1.0,1.0,1.0,1.0,1.0,3.0,1.0,1.0,1.0,1.0,1.0,1.0,0.0,0.0,0.0,0.0,0.0,0.0,0.0,0.0,0.0,0.0,0.0,0.0,0.0,0.0,0.0,0.0,0.0,0.0,1.0,1.0,1.0,1.0,1.0,1.0,1.0,1.0,1.0,1.0,1.0,1.0,1.0,1.0,1.0,1.0,1.0,1.0,1.0,1.0,1.0,8.0,1.0,1.0,5.0,5.0,1.0,7.0,2.0,2.0,0.0,0.0,0.0,0.0,0.0,0.0,0.0,0.0,0.0,0.0,0.0,0.0,0.0,0.0,0.0,0.0,0.0,0.0,0.0,0.0,0.0,0.0,0.0,0.0,0.0,0.0,0.0,0.0,0.0,0.0,1.0,1.0,1.0,1.0,1.0,1.0,1.0,1.0,1.0,1.0,1.0,1.0,1.0,1.0,1.0,1.0,1.0,3.0,1.0,1.0,1.0,1.0,1.0,1.0,1.0
2007,278.3.xml,1.0,1.0,1.0,1.0,1.0,0.0,1.0,0.0,1.0,1.0,0.0,1.0,0.0,0.0,0.0,0.0,0.0,0.0,0.0,0.0,0.0,1.0,1.0,1.0,1.0,1.0,1.0,2.0,2.0,1.0,1.0,1.0,2.0,2.0,1.0,5.0,2.0,2.0,2.0,2.0,2.0,2.0,4.0,2.0,2.0,1.0,1.0,2.0,2.0,1.0,6.0,2.0,2.0,0.0,0.0,2.0,2.0,4.0,2.0,1.0,1.0,1.0,2.0,2.0,2.0,2.0,2.0,1.0,1.0,1.0,1.0,1.0,1.0,1.0,1.0,3.0,1.0,1.0,0.0,0.0,0.0,1.0,1.0,2.0,2.0,0.0,1.0,11.0,1.0,11.0,5.0,11.0,1.0,1.0,1.0,1.0,1.0,1.0,1.0,1.0,1.0,0.0,2.0,1.0,2.0,0.0,2.0,0.0,1.0,1.0,3.0,1.0,1.0,1.0,1.0,1.0,1.0,1.0,1.0,1.0,1.0,1.0,1.0,1.0,13.0,1.0,1.0,1.0,1.0,1.0,1.0,3.0,1.0,1.0,1.0,1.0,1.0,1.0,0.0,0.0,0.0,0.0,0.0,0.0,0.0,0.0,0.0,0.0,0.0,0.0,0.0,0.0,0.0,0.0,0.0,0.0,1.0,1.0,1.0,1.0,1.0,1.0,1.0,1.0,1.0,1.0,1.0,1.0,1.0,1.0,1.0,1.0,1.0,1.0,1.0,1.0,1.0,8.0,1.0,1.0,5.0,5.0,1.0,7.0,2.0,2.0,0.0,0.0,0.0,0.0,0.0,0.0,0.0,0.0,0.0,0.0,0.0,0.0,0.0,0.0,0.0,0.0,0.0,0.0,0.0,0.0,0.0,0.0,0.0,0.0,0.0,0.0,0.0,0.0,0.0,0.0,1.0,1.0,1.0,1.0,1.0,1.0,1.0,1.0,1.0,1.0,1.0,1.0,1.0,1.0,1.0,1.0,1.0,3.0,1.0,1.0,1.0,1.0,1.0,1.0,1.0
2007,278.5.xml,1.0,1.0,1.0,1.0,1.0,0.0,1.0,0.0,1.0,1.0,0.0,1.0,0.0,0.0,0.0,0.0,0.0,0.0,0.0,0.0,0.0,1.0,1.0,1.0,1.0,1.0,1.0,2.0,2.0,1.0,1.0,1.0,2.0,2.0,1.0,5.0,2.0,2.0,2.0,2.0,2.0,2.0,4.0,2.0,2.0,1.0,1.0,2.0,2.0,1.0,6.0,2.0,2.0,0.0,0.0,2.0,2.0,4.0,2.0,1.0,1.0,1.0,2.0,2.0,2.0,2.0,2.0,1.0,1.0,1.0,1.0,1.0,1.0,1.0,1.0,3.0,1.0,1.0,0.0,0.0,0.0,1.0,1.0,2.0,2.0,0.0,1.0,11.0,1.0,11.0,5.0,11.0,1.0,1.0,1.0,1.0,1.0,1.0,1.0,1.0,1.0,0.0,2.0,1.0,2.0,0.0,2.0,0.0,1.0,1.0,3.0,1.0,1.0,1.0,1.0,1.0,1.0,1.0,1.0,1.0,1.0,1.0,1.0,1.0,13.0,1.0,1.0,1.0,1.0,1.0,1.0,3.0,1.0,1.0,1.0,1.0,1.0,1.0,0.0,0.0,0.0,0.0,0.0,0.0,0.0,0.0,0.0,0.0,0.0,0.0,0.0,0.0,0.0,0.0,0.0,0.0,1.0,1.0,1.0,1.0,1.0,1.0,1.0,1.0,1.0,1.0,1.0,1.0,1.0,1.0,1.0,1.0,1.0,1.0,1.0,1.0,1.0,8.0,1.0,1.0,5.0,5.0,1.0,7.0,2.0,2.0,0.0,0.0,0.0,0.0,0.0,0.0,0.0,0.0,0.0,0.0,0.0,0.0,0.0,0.0,0.0,0.0,0.0,0.0,0.0,0.0,0.0,0.0,0.0,0.0,0.0,0.0,0.0,0.0,0.0,0.0,1.0,1.0,1.0,1.0,1.0,1.0,1.0,1.0,1.0,1.0,1.0,1.0,1.0,1.0,1.0,1.0,1.0,3.0,1.0,1.0,1.0,1.0,1.0,1.0,1.0
2007,279.2.xml,1.0,1.0,1.0,1.0,1.0,0.0,1.0,0.0,1.0,1.0,0.0,1.0,0.0,0.0,0.0,0.0,0.0,0.0,0.0,0.0,0.0,1.0,1.0,1.0,1.0,1.0,1.0,1.0,2.0,1.0,1.0,1.0,2.0,2.0,1.0,5.0,2.0,2.0,2.0,2.0,2.0,2.0,4.0,2.0,2.0,1.0,1.0,2.0,2.0,1.0,6.0,2.0,2.0,0.0,0.0,2.0,2.0,4.0,2.0,1.0,1.0,1.0,2.0,2.0,2.0,2.0,2.0,1.0,1.0,1.0,1.0,1.0,1.0,1.0,1.0,3.0,1.0,1.0,0.0,0.0,0.0,1.0,1.0,2.0,2.0,0.0,1.0,11.0,1.0,11.0,5.0,11.0,1.0,1.0,1.0,1.0,1.0,1.0,1.0,1.0,1.0,0.0,2.0,1.0,2.0,0.0,2.0,0.0,1.0,1.0,3.0,1.0,1.0,1.0,1.0,1.0,1.0,1.0,1.0,1.0,1.0,1.0,1.0,1.0,13.0,1.0,1.0,1.0,1.0,1.0,1.0,3.0,1.0,1.0,1.0,1.0,1.0,1.0,0.0,0.0,0.0,0.0,0.0,0.0,0.0,0.0,0.0,0.0,0.0,0.0,0.0,0.0,0.0,0.0,0.0,0.0,1.0,1.0,1.0,1.0,1.0,1.0,1.0,1.0,1.0,1.0,1.0,1.0,1.0,1.0,1.0,1.0,1.0,1.0,1.0,1.0,1.0,8.0,1.0,1.0,5.0,5.0,1.0,7.0,2.0,2.0,0.0,0.0,0.0,0.0,0.0,0.0,0.0,0.0,0.0,0.0,0.0,0.0,0.0,0.0,0.0,0.0,0.0,0.0,0.0,0.0,0.0,0.0,0.0,0.0,0.0,0.0,0.0,0.0,0.0,0.0,1.0,1.0,1.0,1.0,1.0,1.0,1.0,1.0,1.0,1.0,1.0,1.0,1.0,1.0,1.0,1.0,1.0,3.0,1.0,1.0,1.0,1.0,1.0,1.0,1.0
2007,279.6.xml,1.0,1.0,1.0,1.0,1.0,0.0,1.0,0.0,1.0,1.0,0.0,1.0,0.0,0.0,0.0,0.0,0.0,0.0,0.0,0.0,0.0,1.0,1.0,1.0,1.0,1.0,1.0,2.0,2.0,1.0,1.0,1.0,2.0,2.0,1.0,5.0,2.0,2.0,2.0,2.0,2.0,2.0,4.0,2.0,2.0,1.0,1.0,2.0,2.0,1.0,6.0,2.0,2.0,0.0,0.0,2.0,2.0,4.0,2.0,1.0,1.0,1.0,2.0,2.0,2.0,2.0,2.0,1.0,1.0,1.0,1.0,1.0,1.0,1.0,1.0,3.0,1.0,1.0,0.0,0.0,0.0,1.0,1.0,2.0,2.0,0.0,1.0,11.0,1.0,11.0,5.0,11.0,1.0,1.0,1.0,1.0,1.0,1.0,1.0,1.0,1.0,0.0,2.0,1.0,2.0,0.0,2.0,0.0,1.0,1.0,3.0,1.0,1.0,1.0,1.0,1.0,1.0,1.0,1.0,1.0,1.0,1.0,1.0,1.0,13.0,1.0,1.0,1.0,1.0,1.0,1.0,3.0,1.0,1.0,1.0,1.0,1.0,1.0,0.0,0.0,0.0,0.0,0.0,0.0,0.0,0.0,0.0,0.0,0.0,0.0,0.0,0.0,0.0,0.0,0.0,0.0,1.0,1.0,1.0,1.0,1.0,1.0,1.0,1.0,1.0,1.0,1.0,1.0,1.0,1.0,1.0,1.0,1.0,1.0,1.0,1.0,1.0,8.0,1.0,1.0,5.0,5.0,1.0,7.0,2.0,2.0,0.0,0.0,0.0,0.0,0.0,0.0,0.0,0.0,0.0,0.0,0.0,0.0,0.0,0.0,0.0,0.0,0.0,0.0,0.0,0.0,0.0,0.0,0.0,0.0,0.0,0.0,0.0,0.0,0.0,0.0,1.0,1.0,1.0,1.0,1.0,1.0,1.0,1.0,1.0,1.0,1.0,1.0,1.0,1.0,1.0,1.0,1.0,3.0,1.0,1.0,1.0,1.0,1.0,1.0,1.0
2007,280.3.xml,1.0,1.0,1.0,1.0,1.0,0.0,1.0,0.0,1.0,1.0,0.0,1.0,0.0,0.0,0.0,0.0,0.0,0.0,0.0,0.0,0.0,1.0,1.0,1.0,1.0,1.0,1.0,2.0,2.0,1.0,1.0,1.0,2.0,2.0,1.0,5.0,2.0,2.0,2.0,2.0,2.0,2.0,4.0,2.0,2.0,1.0,1.0,2.0,2.0,1.0,6.0,2.0,2.0,0.0,0.0,2.0,2.0,4.0,2.0,1.0,1.0,1.0,2.0,2.0,2.0,2.0,2.0,1.0,1.0,1.0,1.0,1.0,1.0,1.0,1.0,3.0,1.0,1.0,0.0,0.0,0.0,1.0,1.0,2.0,2.0,0.0,1.0,11.0,1.0,11.0,5.0,11.0,1.0,1.0,1.0,1.0,1.0,1.0,1.0,1.0,1.0,0.0,2.0,1.0,2.0,0.0,2.0,0.0,1.0,1.0,3.0,1.0,1.0,1.0,1.0,1.0,1.0,1.0,1.0,1.0,1.0,1.0,1.0,1.0,13.0,1.0,1.0,1.0,1.0,1.0,1.0,3.0,1.0,1.0,1.0,1.0,1.0,1.0,0.0,0.0,0.0,0.0,0.0,0.0,0.0,0.0,0.0,0.0,0.0,0.0,0.0,0.0,0.0,0.0,0.0,0.0,1.0,1.0,1.0,1.0,1.0,1.0,1.0,1.0,1.0,1.0,1.0,1.0,1.0,1.0,1.0,1.0,1.0,1.0,1.0,1.0,1.0,8.0,1.0,1.0,5.0,5.0,1.0,7.0,2.0,2.0,0.0,0.0,0.0,0.0,0.0,0.0,0.0,0.0,0.0,0.0,0.0,0.0,0.0,0.0,0.0,0.0,0.0,0.0,0.0,0.0,0.0,0.0,0.0,0.0,0.0,0.0,0.0,0.0,0.0,0.0,1.0,1.0,1.0,1.0,1.0,1.0,1.0,1.0,1.0,1.0,1.0,1.0,1.0,1.0,1.0,1.0,1.0,3.0,1.0,1.0,1.0,1.0,1.0,1.0,1.0
2007,280.5.xml,1.0,1.0,1.0,1.0,1.0,0.0,1.0,0.0,1.0,1.0,0.0,1.0,0.0,0.0,0.0,0.0,0.0,0.0,0.0,0.0,0.0,1.0,1.0,1.0,1.0,1.0,1.0,2.0,2.0,1.0,1.0,1.0,2.0,2.0,1.0,5.0,2.0,2.0,2.0,2.0,2.0,2.0,4.0,2.0,2.0,1.0,1.0,2.0,2.0,1.0,6.0,2.0,2.0,0.0,0.0,2.0,2.0,4.0,2.0,1.0,1.0,1.0,2.0,2.0,2.0,2.0,2.0,1.0,1.0,1.0,1.0,1.0,1.0,1.0,1.0,3.0,1.0,1.0,0.0,0.0,0.0,1.0,1.0,2.0,2.0,0.0,1.0,11.0,1.0,11.0,5.0,11.0,1.0,1.0,1.0,1.0,1.0,1.0,1.0,1.0,1.0,0.0,2.0,1.0,2.0,0.0,2.0,0.0,1.0,1.0,3.0,1.0,1.0,1.0,1.0,1.0,1.0,1.0,1.0,1.0,1.0,1.0,1.0,1.0,13.0,1.0,1.0,1.0,1.0,1.0,1.0,3.0,1.0,1.0,1.0,1.0,1.0,1.0,0.0,0.0,0.0,0.0,0.0,0.0,0.0,0.0,0.0,0.0,0.0,0.0,0.0,0.0,0.0,0.0,0.0,0.0,1.0,1.0,1.0,1.0,1.0,1.0,1.0,1.0,1.0,1.0,1.0,1.0,1.0,1.0,1.0,1.0,1.0,1.0,1.0,1.0,1.0,8.0,1.0,1.0,5.0,5.0,1.0,7.0,2.0,2.0,0.0,0.0,0.0,0.0,0.0,0.0,0.0,0.0,0.0,0.0,0.0,0.0,0.0,0.0,0.0,0.0,0.0,0.0,0.0,0.0,0.0,0.0,0.0,0.0,0.0,0.0,0.0,0.0,0.0,0.0,1.0,1.0,1.0,1.0,1.0,1.0,1.0,1.0,1.0,1.0,1.0,1.0,1.0,1.0,1.0,1.0,1.0,3.0,1.0,1.0,1.0,1.0,1.0,1.0,1.0
2007,281.1.xml,1.0,1.0,1.0,1.0,1.0,1.0,1.0,0.0,1.0,1.0,1.0,1.0,1.0,1.0,1.0,2.0,2.0,2.0,1.0,2.0,2.0,1.0,1.0,1.0,1.0,1.0,1.0,1.0,2.0,1.0,1.0,1.0,1.0,1.0,1.0,3.0,1.0,2.0,2.0,2.0,1.0,1.0,3.0,2.0,2.0,1.0,1.0,1.0,1.0,1.0,3.0,1.0,2.0,1.0,1.0,2.0,2.0,3.0,2.0,2.0,1.0,1.0,1.0,2.0,1.0,2.0,2.0,1.0,1.0,1.0,1.0,1.0,1.0,1.0,1.0,3.0,1.0,1.0,1.0,1.0,1.0,1.0,1.0,2.0,2.0,1.0,1.0,11.0,1.0,11.0,8.0,11.0,1.0,1.0,1.0,1.0,1.0,1.0,0.0,0.0,0.0,2.0,2.0,1.0,2.0,2.0,1.0,0.0,1.0,1.0,5.0,1.0,1.0,1.0,1.0,1.0,1.0,1.0,1.0,1.0,1.0,1.0,1.0,1.0,13.0,1.0,1.0,1.0,1.0,1.0,1.0,3.0,1.0,1.0,1.0,1.0,1.0,1.0,1.0,1.0,2.0,2.0,2.0,1.0,1.0,2.0,1.0,1.0,1.0,1.0,1.0,1.0,16.0,16.0,3.0,3.0,1.0,1.0,1.0,1.0,1.0,1.0,10.0,10.0,10.0,10.0,10.0,1.0,1.0,1.0,1.0,1.0,1.0,1.0,1.0,1.0,1.0,8.0,1.0,1.0,5.0,5.0,1.0,7.0,2.0,2.0,0.0,0.0,0.0,0.0,0.0,0.0,0.0,0.0,0.0,0.0,0.0,0.0,0.0,0.0,0.0,0.0,0.0,0.0,0.0,0.0,0.0,0.0,0.0,0.0,0.0,0.0,0.0,0.0,0.0,0.0,1.0,1.0,1.0,1.0,1.0,1.0,1.0,1.0,1.0,1.0,1.0,1.0,1.0,1.0,1.0,1.0,1.0,3.0,1.0,1.0,1.0,1.0,1.0,1.0,1.0
2007,281.2.xml,1.0,1.0,1.0,1.0,1.0,1.0,1.0,0.0,1.0,1.0,1.0,1.0,1.0,1.0,1.0,2.0,2.0,2.0,1.0,2.0,2.0,1.0,1.0,1.0,1.0,1.0,1.0,1.0,2.0,1.0,1.0,1.0,1.0,1.0,1.0,3.0,1.0,2.0,2.0,2.0,1.0,1.0,3.0,2.0,2.0,1.0,1.0,1.0,1.0,1.0,3.0,1.0,2.0,1.0,1.0,2.0,2.0,3.0,2.0,2.0,1.0,1.0,1.0,2.0,1.0,2.0,2.0,1.0,1.0,1.0,1.0,1.0,1.0,1.0,1.0,3.0,1.0,1.0,1.0,1.0,1.0,1.0,1.0,2.0,2.0,1.0,1.0,11.0,1.0,11.0,8.0,11.0,1.0,1.0,1.0,1.0,1.0,1.0,0.0,0.0,0.0,2.0,2.0,1.0,2.0,2.0,1.0,0.0,1.0,1.0,5.0,1.0,1.0,1.0,1.0,1.0,1.0,1.0,1.0,1.0,1.0,1.0,1.0,1.0,13.0,1.0,1.0,1.0,1.0,1.0,1.0,3.0,1.0,1.0,1.0,1.0,1.0,1.0,1.0,1.0,2.0,2.0,2.0,1.0,1.0,2.0,1.0,1.0,1.0,1.0,1.0,1.0,16.0,16.0,3.0,3.0,1.0,1.0,1.0,1.0,1.0,1.0,10.0,10.0,10.0,10.0,10.0,1.0,1.0,1.0,1.0,1.0,1.0,1.0,1.0,1.0,1.0,8.0,1.0,1.0,5.0,5.0,1.0,7.0,2.0,2.0,0.0,0.0,0.0,0.0,0.0,0.0,0.0,0.0,0.0,0.0,0.0,0.0,0.0,0.0,0.0,0.0,0.0,0.0,0.0,0.0,0.0,0.0,0.0,0.0,0.0,0.0,0.0,0.0,0.0,0.0,1.0,1.0,1.0,1.0,1.0,1.0,1.0,1.0,1.0,1.0,1.0,1.0,1.0,1.0,1.0,1.0,1.0,3.0,1.0,1.0,1.0,1.0,1.0,1.0,1.0
2007,283.4.xml,1.0,1.0,1.0,1.0,1.0,1.0,1.0,1.0,1.0,1.0,1.0,1.0,1.0,1.0,1.0,2.0,2.0,2.0,0.0,2.0,2.0,1.0,1.0,1.0,1.0,1.0,1.0,2.0,2.0,1.0,1.0,1.0,1.0,1.0,1.0,3.0,1.0,2.0,2.0,2.0,1.0,1.0,3.0,2.0,2.0,1.0,1.0,1.0,1.0,1.0,3.0,1.0,2.0,1.0,1.0,2.0,2.0,3.0,2.0,2.0,1.0,1.0,2.0,2.0,2.0,2.0,2.0,1.0,1.0,1.0,1.0,1.0,1.0,1.0,1.0,3.0,1.0,1.0,1.0,1.0,1.0,1.0,1.0,2.0,2.0,1.0,1.0,14.0,1.0,11.0,9.0,14.0,1.0,1.0,1.0,1.0,1.0,1.0,0.0,0.0,0.0,1.0,2.0,1.0,3.0,2.0,2.0,0.0,1.0,1.0,4.0,1.0,1.0,1.0,1.0,1.0,1.0,1.0,1.0,1.0,1.0,1.0,1.0,1.0,17.0,1.0,1.0,1.0,1.0,1.0,1.0,3.0,1.0,1.0,1.0,1.0,1.0,1.0,1.0,1.0,1.0,2.0,2.0,1.0,1.0,2.0,1.0,1.0,1.0,1.0,1.0,1.0,13.0,14.0,3.0,3.0,1.0,1.0,1.0,1.0,1.0,1.0,5.0,5.0,5.0,5.0,5.0,1.0,1.0,1.0,1.0,1.0,1.0,1.0,1.0,1.0,1.0,8.0,1.0,1.0,5.0,5.0,1.0,7.0,2.0,2.0,0.0,0.0,0.0,0.0,0.0,0.0,0.0,0.0,0.0,0.0,0.0,0.0,0.0,0.0,0.0,0.0,0.0,0.0,0.0,0.0,0.0,0.0,0.0,0.0,0.0,0.0,0.0,0.0,0.0,0.0,1.0,1.0,1.0,1.0,1.0,1.0,1.0,1.0,1.0,1.0,1.0,1.0,1.0,1.0,1.0,1.0,1.0,3.0,1.0,1.0,1.0,1.0,1.0,1.0,1.0
2007,285.3.xml,1.0,1.0,1.0,1.0,1.0,0.0,1.0,0.0,1.0,1.0,0.0,1.0,0.0,0.0,0.0,0.0,0.0,0.0,0.0,0.0,0.0,1.0,1.0,1.0,1.0,1.0,1.0,2.0,2.0,1.0,1.0,1.0,2.0,2.0,1.0,5.0,2.0,2.0,2.0,2.0,2.0,2.0,4.0,2.0,2.0,1.0,1.0,2.0,2.0,1.0,6.0,2.0,2.0,0.0,0.0,2.0,2.0,4.0,2.0,1.0,1.0,1.0,2.0,2.0,2.0,2.0,2.0,1.0,1.0,1.0,1.0,1.0,1.0,1.0,1.0,3.0,1.0,1.0,0.0,0.0,0.0,1.0,1.0,2.0,2.0,0.0,1.0,11.0,1.0,11.0,5.0,11.0,1.0,1.0,1.0,1.0,1.0,1.0,1.0,1.0,1.0,0.0,2.0,1.0,2.0,0.0,2.0,0.0,1.0,1.0,3.0,1.0,1.0,1.0,1.0,1.0,1.0,1.0,1.0,1.0,1.0,1.0,1.0,1.0,10.0,1.0,1.0,1.0,1.0,1.0,1.0,3.0,1.0,1.0,1.0,1.0,1.0,1.0,0.0,0.0,0.0,0.0,0.0,0.0,0.0,0.0,0.0,0.0,0.0,0.0,0.0,0.0,0.0,0.0,0.0,0.0,1.0,1.0,1.0,1.0,1.0,1.0,1.0,1.0,1.0,1.0,1.0,1.0,1.0,1.0,1.0,1.0,1.0,1.0,1.0,1.0,1.0,8.0,1.0,1.0,5.0,5.0,1.0,7.0,2.0,2.0,0.0,0.0,0.0,0.0,0.0,0.0,0.0,0.0,0.0,0.0,0.0,0.0,0.0,0.0,0.0,0.0,0.0,0.0,0.0,0.0,0.0,0.0,0.0,0.0,0.0,0.0,0.0,0.0,0.0,0.0,1.0,1.0,1.0,1.0,1.0,1.0,1.0,1.0,1.0,1.0,1.0,1.0,1.0,1.0,1.0,1.0,1.0,3.0,1.0,1.0,1.0,1.0,1.0,1.0,1.0
2007,286.5.xml,1.0,1.0,1.0,1.0,1.0,0.0,1.0,0.0,1.0,1.0,0.0,1.0,0.0,0.0,0.0,0.0,0.0,0.0,0.0,0.0,0.0,1.0,1.0,1.0,1.0,1.0,1.0,2.0,2.0,1.0,1.0,1.0,2.0,2.0,1.0,5.0,2.0,2.0,2.0,2.0,2.0,2.0,4.0,2.0,2.0,1.0,1.0,2.0,2.0,1.0,6.0,2.0,2.0,0.0,0.0,2.0,2.0,4.0,2.0,1.0,1.0,1.0,2.0,2.0,2.0,2.0,2.0,1.0,1.0,1.0,1.0,1.0,1.0,1.0,1.0,3.0,1.0,1.0,0.0,0.0,0.0,1.0,1.0,2.0,2.0,0.0,1.0,11.0,1.0,11.0,5.0,11.0,1.0,1.0,1.0,1.0,1.0,1.0,1.0,1.0,1.0,0.0,2.0,1.0,2.0,0.0,2.0,0.0,1.0,1.0,3.0,1.0,1.0,1.0,1.0,1.0,1.0,1.0,1.0,1.0,1.0,1.0,1.0,1.0,11.0,1.0,1.0,1.0,1.0,1.0,1.0,3.0,1.0,1.0,1.0,1.0,1.0,1.0,0.0,0.0,0.0,0.0,0.0,0.0,0.0,0.0,0.0,0.0,0.0,0.0,0.0,0.0,0.0,0.0,0.0,0.0,1.0,1.0,1.0,1.0,1.0,1.0,1.0,1.0,1.0,1.0,1.0,1.0,1.0,1.0,1.0,1.0,1.0,1.0,1.0,1.0,1.0,8.0,1.0,1.0,5.0,5.0,1.0,7.0,2.0,2.0,0.0,0.0,0.0,0.0,0.0,0.0,0.0,0.0,0.0,0.0,0.0,0.0,0.0,0.0,0.0,0.0,0.0,0.0,0.0,0.0,0.0,0.0,0.0,0.0,0.0,0.0,0.0,0.0,0.0,0.0,1.0,1.0,1.0,1.0,1.0,1.0,1.0,1.0,1.0,1.0,1.0,1.0,1.0,1.0,1.0,1.0,1.0,3.0,1.0,1.0,1.0,1.0,1.0,1.0,1.0
2007,287.2.xml,1.0,1.0,1.0,1.0,1.0,0.0,1.0,0.0,1.0,1.0,0.0,1.0,0.0,0.0,0.0,0.0,0.0,0.0,0.0,0.0,0.0,1.0,1.0,1.0,1.0,1.0,1.0,1.0,2.0,1.0,1.0,1.0,2.0,2.0,1.0,5.0,2.0,2.0,2.0,2.0,2.0,2.0,4.0,2.0,2.0,1.0,1.0,2.0,2.0,1.0,6.0,2.0,2.0,0.0,0.0,2.0,2.0,4.0,2.0,1.0,1.0,1.0,2.0,2.0,2.0,2.0,2.0,1.0,1.0,1.0,1.0,1.0,1.0,1.0,1.0,3.0,1.0,1.0,0.0,0.0,0.0,1.0,1.0,2.0,2.0,0.0,1.0,11.0,1.0,11.0,5.0,11.0,1.0,1.0,1.0,1.0,1.0,1.0,1.0,1.0,1.0,0.0,2.0,1.0,2.0,0.0,2.0,0.0,1.0,1.0,3.0,1.0,1.0,1.0,1.0,1.0,1.0,1.0,1.0,1.0,1.0,1.0,1.0,1.0,13.0,1.0,1.0,1.0,1.0,1.0,1.0,3.0,1.0,1.0,1.0,1.0,1.0,1.0,0.0,0.0,0.0,0.0,0.0,0.0,0.0,0.0,0.0,0.0,0.0,0.0,0.0,0.0,0.0,0.0,0.0,0.0,1.0,1.0,1.0,1.0,1.0,1.0,1.0,1.0,1.0,1.0,1.0,1.0,1.0,1.0,1.0,1.0,1.0,1.0,1.0,1.0,1.0,8.0,1.0,1.0,5.0,5.0,1.0,7.0,2.0,2.0,0.0,0.0,0.0,0.0,0.0,0.0,0.0,0.0,0.0,0.0,0.0,0.0,0.0,0.0,0.0,0.0,0.0,0.0,0.0,0.0,0.0,0.0,0.0,0.0,0.0,0.0,0.0,0.0,0.0,0.0,1.0,1.0,1.0,1.0,1.0,1.0,1.0,1.0,1.0,1.0,1.0,1.0,1.0,1.0,1.0,1.0,1.0,3.0,1.0,1.0,1.0,1.0,1.0,1.0,1.0
2007,287.4.xml,1.0,1.0,1.0,1.0,1.0,0.0,1.0,0.0,1.0,1.0,0.0,1.0,0.0,0.0,0.0,0.0,0.0,0.0,0.0,0.0,0.0,1.0,1.0,1.0,1.0,1.0,1.0,2.0,2.0,1.0,1.0,1.0,2.0,2.0,1.0,5.0,2.0,2.0,2.0,2.0,2.0,2.0,4.0,2.0,2.0,1.0,1.0,2.0,2.0,1.0,6.0,2.0,2.0,0.0,0.0,2.0,2.0,4.0,2.0,1.0,1.0,1.0,2.0,2.0,2.0,2.0,2.0,1.0,1.0,1.0,1.0,1.0,1.0,1.0,1.0,3.0,1.0,1.0,0.0,0.0,0.0,1.0,1.0,2.0,2.0,0.0,1.0,11.0,1.0,11.0,5.0,11.0,1.0,1.0,1.0,1.0,1.0,1.0,1.0,1.0,1.0,0.0,2.0,1.0,2.0,0.0,2.0,0.0,1.0,1.0,3.0,1.0,1.0,1.0,1.0,1.0,1.0,1.0,1.0,1.0,1.0,1.0,1.0,1.0,13.0,1.0,1.0,1.0,1.0,1.0,1.0,3.0,1.0,1.0,1.0,1.0,1.0,1.0,0.0,0.0,0.0,0.0,0.0,0.0,0.0,0.0,0.0,0.0,0.0,0.0,0.0,0.0,0.0,0.0,0.0,0.0,1.0,1.0,1.0,1.0,1.0,1.0,1.0,1.0,1.0,1.0,1.0,1.0,1.0,1.0,1.0,1.0,1.0,1.0,1.0,1.0,1.0,8.0,1.0,1.0,5.0,5.0,1.0,7.0,2.0,2.0,0.0,0.0,0.0,0.0,0.0,0.0,0.0,0.0,0.0,0.0,0.0,0.0,0.0,0.0,0.0,0.0,0.0,0.0,0.0,0.0,0.0,0.0,0.0,0.0,0.0,0.0,0.0,0.0,0.0,0.0,1.0,1.0,1.0,1.0,1.0,1.0,1.0,1.0,1.0,1.0,1.0,1.0,1.0,1.0,1.0,1.0,1.0,3.0,1.0,1.0,1.0,1.0,1.0,1.0,1.0
2007,287.5.xml,1.0,1.0,1.0,1.0,1.0,0.0,1.0,0.0,1.0,1.0,0.0,1.0,0.0,0.0,0.0,0.0,0.0,0.0,0.0,0.0,0.0,1.0,1.0,1.0,1.0,1.0,1.0,2.0,2.0,1.0,1.0,1.0,2.0,2.0,1.0,5.0,2.0,2.0,2.0,2.0,2.0,2.0,4.0,2.0,2.0,1.0,1.0,2.0,2.0,1.0,6.0,2.0,2.0,0.0,0.0,2.0,2.0,4.0,2.0,1.0,1.0,1.0,2.0,2.0,2.0,2.0,2.0,1.0,1.0,1.0,1.0,1.0,1.0,1.0,1.0,3.0,1.0,1.0,0.0,0.0,0.0,1.0,1.0,2.0,2.0,0.0,1.0,11.0,1.0,11.0,5.0,11.0,1.0,1.0,1.0,1.0,1.0,1.0,1.0,1.0,1.0,0.0,2.0,1.0,2.0,0.0,2.0,0.0,1.0,1.0,3.0,1.0,1.0,1.0,1.0,1.0,1.0,1.0,1.0,1.0,1.0,1.0,1.0,1.0,13.0,1.0,1.0,1.0,1.0,1.0,1.0,3.0,1.0,1.0,1.0,1.0,1.0,1.0,0.0,0.0,0.0,0.0,0.0,0.0,0.0,0.0,0.0,0.0,0.0,0.0,0.0,0.0,0.0,0.0,0.0,0.0,1.0,1.0,1.0,1.0,1.0,1.0,1.0,1.0,1.0,1.0,1.0,1.0,1.0,1.0,1.0,1.0,1.0,1.0,1.0,1.0,1.0,8.0,1.0,1.0,5.0,5.0,1.0,7.0,2.0,2.0,0.0,0.0,0.0,0.0,0.0,0.0,0.0,0.0,0.0,0.0,0.0,0.0,0.0,0.0,0.0,0.0,0.0,0.0,0.0,0.0,0.0,0.0,0.0,0.0,0.0,0.0,0.0,0.0,0.0,0.0,1.0,1.0,1.0,1.0,1.0,1.0,1.0,1.0,1.0,1.0,1.0,1.0,1.0,1.0,1.0,1.0,1.0,3.0,1.0,1.0,1.0,1.0,1.0,1.0,1.0
2007,288.1.xml,1.0,1.0,1.0,1.0,1.0,0.0,1.0,0.0,1.0,1.0,0.0,1.0,0.0,0.0,0.0,0.0,0.0,0.0,0.0,0.0,0.0,1.0,1.0,1.0,1.0,1.0,1.0,1.0,2.0,1.0,1.0,1.0,2.0,2.0,1.0,5.0,2.0,2.0,2.0,2.0,2.0,2.0,4.0,2.0,2.0,1.0,1.0,2.0,2.0,1.0,6.0,2.0,2.0,0.0,0.0,2.0,2.0,4.0,2.0,1.0,1.0,1.0,2.0,2.0,2.0,2.0,2.0,1.0,1.0,1.0,1.0,1.0,1.0,1.0,1.0,3.0,1.0,1.0,0.0,0.0,0.0,1.0,1.0,2.0,2.0,0.0,1.0,11.0,1.0,11.0,5.0,11.0,1.0,1.0,1.0,1.0,1.0,1.0,0.0,0.0,0.0,4.0,2.0,1.0,2.0,0.0,2.0,0.0,1.0,1.0,3.0,1.0,1.0,1.0,1.0,1.0,1.0,1.0,1.0,1.0,1.0,1.0,1.0,1.0,8.0,1.0,1.0,1.0,1.0,1.0,1.0,3.0,1.0,1.0,1.0,1.0,1.0,1.0,0.0,0.0,0.0,0.0,0.0,0.0,0.0,0.0,0.0,0.0,0.0,0.0,0.0,0.0,0.0,0.0,0.0,0.0,1.0,1.0,1.0,1.0,1.0,1.0,1.0,1.0,1.0,1.0,1.0,1.0,1.0,1.0,1.0,1.0,1.0,1.0,1.0,1.0,1.0,8.0,1.0,1.0,5.0,5.0,1.0,7.0,2.0,2.0,0.0,0.0,0.0,0.0,0.0,0.0,0.0,0.0,0.0,0.0,0.0,0.0,0.0,0.0,0.0,0.0,0.0,0.0,0.0,0.0,0.0,0.0,0.0,0.0,0.0,0.0,0.0,0.0,0.0,0.0,1.0,1.0,1.0,1.0,1.0,1.0,1.0,1.0,1.0,1.0,1.0,1.0,1.0,1.0,1.0,1.0,1.0,3.0,1.0,1.0,1.0,1.0,1.0,1.0,1.0
2007,288.2.xml,1.0,1.0,1.0,1.0,1.0,0.0,1.0,0.0,1.0,1.0,0.0,1.0,0.0,0.0,0.0,0.0,0.0,0.0,0.0,0.0,0.0,1.0,1.0,1.0,1.0,1.0,1.0,1.0,2.0,1.0,1.0,1.0,2.0,2.0,1.0,5.0,2.0,2.0,2.0,2.0,2.0,2.0,4.0,2.0,2.0,1.0,1.0,2.0,2.0,1.0,6.0,2.0,2.0,0.0,0.0,2.0,2.0,4.0,2.0,1.0,1.0,1.0,2.0,2.0,2.0,2.0,2.0,1.0,1.0,1.0,1.0,1.0,1.0,1.0,1.0,3.0,1.0,1.0,0.0,0.0,0.0,1.0,1.0,2.0,2.0,0.0,1.0,11.0,1.0,11.0,5.0,11.0,1.0,1.0,1.0,1.0,1.0,1.0,1.0,1.0,1.0,0.0,2.0,1.0,2.0,0.0,2.0,0.0,1.0,1.0,3.0,1.0,1.0,1.0,1.0,1.0,1.0,1.0,1.0,1.0,1.0,1.0,1.0,1.0,13.0,1.0,1.0,1.0,1.0,1.0,1.0,3.0,1.0,1.0,1.0,1.0,1.0,1.0,0.0,0.0,0.0,0.0,0.0,0.0,0.0,0.0,0.0,0.0,0.0,0.0,0.0,0.0,0.0,0.0,0.0,0.0,1.0,1.0,1.0,1.0,1.0,1.0,1.0,1.0,1.0,1.0,1.0,1.0,1.0,1.0,1.0,1.0,1.0,1.0,1.0,1.0,1.0,8.0,1.0,1.0,5.0,5.0,1.0,7.0,2.0,2.0,0.0,0.0,0.0,0.0,0.0,0.0,0.0,0.0,0.0,0.0,0.0,0.0,0.0,0.0,0.0,0.0,0.0,0.0,0.0,0.0,0.0,0.0,0.0,0.0,0.0,0.0,0.0,0.0,0.0,0.0,1.0,1.0,1.0,1.0,1.0,1.0,1.0,1.0,1.0,1.0,1.0,1.0,1.0,1.0,1.0,1.0,1.0,3.0,1.0,1.0,1.0,1.0,1.0,1.0,1.0
2007,288.4.xml,1.0,1.0,1.0,1.0,1.0,0.0,1.0,0.0,1.0,1.0,0.0,1.0,0.0,0.0,0.0,0.0,0.0,0.0,0.0,0.0,0.0,1.0,1.0,1.0,1.0,1.0,1.0,2.0,2.0,1.0,1.0,1.0,2.0,2.0,1.0,5.0,2.0,2.0,2.0,2.0,2.0,2.0,4.0,2.0,2.0,1.0,1.0,2.0,2.0,1.0,6.0,2.0,2.0,0.0,0.0,2.0,2.0,4.0,2.0,1.0,1.0,1.0,2.0,2.0,2.0,2.0,2.0,1.0,1.0,1.0,1.0,1.0,1.0,1.0,1.0,3.0,1.0,1.0,0.0,0.0,0.0,1.0,1.0,2.0,2.0,0.0,1.0,11.0,1.0,11.0,5.0,11.0,1.0,1.0,1.0,1.0,1.0,1.0,1.0,1.0,1.0,0.0,2.0,1.0,2.0,0.0,2.0,0.0,1.0,1.0,3.0,1.0,1.0,1.0,1.0,1.0,1.0,1.0,1.0,1.0,1.0,1.0,1.0,1.0,13.0,1.0,1.0,1.0,1.0,1.0,1.0,3.0,1.0,1.0,1.0,1.0,1.0,1.0,0.0,0.0,0.0,0.0,0.0,0.0,0.0,0.0,0.0,0.0,0.0,0.0,0.0,0.0,0.0,0.0,0.0,0.0,1.0,1.0,1.0,1.0,1.0,1.0,1.0,1.0,1.0,1.0,1.0,1.0,1.0,1.0,1.0,1.0,1.0,1.0,1.0,1.0,1.0,8.0,1.0,1.0,5.0,5.0,1.0,7.0,2.0,2.0,0.0,0.0,0.0,0.0,0.0,0.0,0.0,0.0,0.0,0.0,0.0,0.0,0.0,0.0,0.0,0.0,0.0,0.0,0.0,0.0,0.0,0.0,0.0,0.0,0.0,0.0,0.0,0.0,0.0,0.0,1.0,1.0,1.0,1.0,1.0,1.0,1.0,1.0,1.0,1.0,1.0,1.0,1.0,1.0,1.0,1.0,1.0,3.0,1.0,1.0,1.0,1.0,1.0,1.0,1.0
2007,288.5.xml,1.0,1.0,1.0,1.0,1.0,0.0,1.0,0.0,1.0,1.0,0.0,1.0,0.0,0.0,0.0,0.0,0.0,0.0,0.0,0.0,0.0,1.0,1.0,1.0,1.0,1.0,1.0,2.0,2.0,1.0,1.0,1.0,2.0,2.0,1.0,5.0,2.0,2.0,2.0,2.0,2.0,2.0,4.0,2.0,2.0,1.0,1.0,2.0,2.0,1.0,6.0,2.0,2.0,0.0,0.0,2.0,2.0,4.0,2.0,1.0,1.0,1.0,2.0,2.0,2.0,2.0,2.0,1.0,1.0,1.0,1.0,1.0,1.0,1.0,1.0,3.0,1.0,1.0,0.0,0.0,0.0,1.0,1.0,2.0,2.0,0.0,1.0,11.0,1.0,11.0,5.0,11.0,1.0,1.0,1.0,1.0,1.0,1.0,1.0,1.0,1.0,0.0,2.0,1.0,2.0,0.0,2.0,0.0,1.0,1.0,3.0,1.0,1.0,1.0,1.0,1.0,1.0,1.0,1.0,1.0,1.0,1.0,1.0,1.0,13.0,1.0,1.0,1.0,1.0,1.0,1.0,3.0,1.0,1.0,1.0,1.0,1.0,1.0,0.0,0.0,0.0,0.0,0.0,0.0,0.0,0.0,0.0,0.0,0.0,0.0,0.0,0.0,0.0,0.0,0.0,0.0,1.0,1.0,1.0,1.0,1.0,1.0,1.0,1.0,1.0,1.0,1.0,1.0,1.0,1.0,1.0,1.0,1.0,1.0,1.0,1.0,1.0,8.0,1.0,1.0,5.0,5.0,1.0,7.0,2.0,2.0,0.0,0.0,0.0,0.0,0.0,0.0,0.0,0.0,0.0,0.0,0.0,0.0,0.0,0.0,0.0,0.0,0.0,0.0,0.0,0.0,0.0,0.0,0.0,0.0,0.0,0.0,0.0,0.0,0.0,0.0,1.0,1.0,1.0,1.0,1.0,1.0,1.0,1.0,1.0,1.0,1.0,1.0,1.0,1.0,1.0,1.0,1.0,3.0,1.0,1.0,1.0,1.0,1.0,1.0,1.0
2007,289.1.xml,1.0,1.0,1.0,1.0,1.0,0.0,1.0,0.0,1.0,1.0,0.0,1.0,0.0,0.0,0.0,0.0,0.0,0.0,0.0,0.0,0.0,1.0,1.0,1.0,1.0,1.0,1.0,1.0,2.0,1.0,1.0,1.0,2.0,2.0,1.0,5.0,2.0,2.0,2.0,2.0,2.0,2.0,4.0,2.0,2.0,1.0,1.0,2.0,2.0,1.0,6.0,2.0,2.0,0.0,0.0,2.0,2.0,4.0,2.0,1.0,1.0,1.0,2.0,2.0,2.0,2.0,2.0,1.0,1.0,1.0,1.0,1.0,1.0,1.0,1.0,3.0,1.0,1.0,0.0,0.0,0.0,1.0,1.0,2.0,2.0,0.0,1.0,11.0,1.0,11.0,5.0,11.0,1.0,1.0,1.0,1.0,1.0,1.0,0.0,0.0,0.0,4.0,2.0,1.0,2.0,0.0,2.0,0.0,1.0,1.0,3.0,1.0,1.0,1.0,1.0,1.0,1.0,1.0,1.0,1.0,1.0,1.0,1.0,1.0,8.0,1.0,1.0,1.0,1.0,1.0,1.0,3.0,1.0,1.0,1.0,1.0,1.0,1.0,0.0,0.0,0.0,0.0,0.0,0.0,0.0,0.0,0.0,0.0,0.0,0.0,0.0,0.0,0.0,0.0,0.0,0.0,1.0,1.0,1.0,1.0,1.0,1.0,1.0,1.0,1.0,1.0,1.0,1.0,1.0,1.0,1.0,1.0,1.0,1.0,1.0,1.0,1.0,8.0,1.0,1.0,5.0,5.0,1.0,7.0,2.0,2.0,0.0,0.0,0.0,0.0,0.0,0.0,0.0,0.0,0.0,0.0,0.0,0.0,0.0,0.0,0.0,0.0,0.0,0.0,0.0,0.0,0.0,0.0,0.0,0.0,0.0,0.0,0.0,0.0,0.0,0.0,1.0,1.0,1.0,1.0,1.0,1.0,1.0,1.0,1.0,1.0,1.0,1.0,1.0,1.0,1.0,1.0,1.0,3.0,1.0,1.0,1.0,1.0,1.0,1.0,1.0
2007,289.3.xml,1.0,1.0,1.0,1.0,1.0,0.0,1.0,0.0,1.0,1.0,0.0,1.0,0.0,0.0,0.0,0.0,0.0,0.0,0.0,0.0,0.0,1.0,1.0,1.0,1.0,1.0,1.0,2.0,2.0,1.0,1.0,1.0,2.0,2.0,1.0,5.0,2.0,2.0,2.0,2.0,2.0,2.0,4.0,2.0,2.0,1.0,1.0,2.0,2.0,1.0,6.0,2.0,2.0,0.0,0.0,2.0,2.0,4.0,2.0,1.0,1.0,1.0,2.0,2.0,2.0,2.0,2.0,1.0,1.0,1.0,1.0,1.0,1.0,1.0,1.0,3.0,1.0,1.0,0.0,0.0,0.0,1.0,1.0,2.0,2.0,0.0,1.0,11.0,1.0,11.0,5.0,11.0,1.0,1.0,1.0,1.0,1.0,1.0,1.0,1.0,1.0,0.0,2.0,1.0,2.0,0.0,2.0,0.0,1.0,1.0,3.0,1.0,1.0,1.0,1.0,1.0,1.0,1.0,1.0,1.0,1.0,1.0,1.0,1.0,13.0,1.0,1.0,1.0,1.0,1.0,1.0,3.0,1.0,1.0,1.0,1.0,1.0,1.0,0.0,0.0,0.0,0.0,0.0,0.0,0.0,0.0,0.0,0.0,0.0,0.0,0.0,0.0,0.0,0.0,0.0,0.0,1.0,1.0,1.0,1.0,1.0,1.0,1.0,1.0,1.0,1.0,1.0,1.0,1.0,1.0,1.0,1.0,1.0,1.0,1.0,1.0,1.0,8.0,1.0,1.0,5.0,5.0,1.0,7.0,2.0,2.0,0.0,0.0,0.0,0.0,0.0,0.0,0.0,0.0,0.0,0.0,0.0,0.0,0.0,0.0,0.0,0.0,0.0,0.0,0.0,0.0,0.0,0.0,0.0,0.0,0.0,0.0,0.0,0.0,0.0,0.0,1.0,1.0,1.0,1.0,1.0,1.0,1.0,1.0,1.0,1.0,1.0,1.0,1.0,1.0,1.0,1.0,1.0,3.0,1.0,1.0,1.0,1.0,1.0,1.0,1.0
2007,290.1.xml,1.0,1.0,1.0,1.0,1.0,0.0,1.0,0.0,1.0,0.0,0.0,1.0,0.0,0.0,0.0,0.0,0.0,0.0,0.0,0.0,0.0,1.0,1.0,1.0,1.0,1.0,1.0,1.0,2.0,1.0,1.0,1.0,2.0,2.0,1.0,4.0,2.0,2.0,2.0,2.0,2.0,2.0,4.0,2.0,2.0,1.0,1.0,2.0,2.0,1.0,4.0,2.0,2.0,1.0,1.0,2.0,2.0,4.0,2.0,1.0,1.0,1.0,1.0,1.0,1.0,1.0,1.0,1.0,1.0,1.0,1.0,1.0,1.0,1.0,1.0,2.0,1.0,1.0,0.0,0.0,0.0,1.0,1.0,2.0,2.0,0.0,1.0,4.0,1.0,4.0,4.0,4.0,0.0,0.0,0.0,0.0,0.0,0.0,0.0,0.0,0.0,0.0,3.0,1.0,1.0,0.0,1.0,1.0,1.0,1.0,3.0,1.0,1.0,1.0,1.0,1.0,1.0,1.0,1.0,1.0,1.0,1.0,1.0,1.0,9.0,1.0,1.0,1.0,1.0,1.0,1.0,3.0,1.0,1.0,1.0,1.0,1.0,1.0,0.0,0.0,0.0,0.0,0.0,0.0,0.0,0.0,0.0,0.0,0.0,0.0,0.0,0.0,0.0,0.0,0.0,0.0,1.0,1.0,1.0,1.0,1.0,1.0,1.0,1.0,1.0,1.0,1.0,1.0,0.0,0.0,0.0,0.0,0.0,0.0,0.0,0.0,0.0,0.0,0.0,0.0,0.0,0.0,0.0,0.0,0.0,0.0,0.0,0.0,0.0,0.0,0.0,0.0,0.0,0.0,0.0,0.0,0.0,0.0,0.0,0.0,0.0,0.0,0.0,0.0,0.0,0.0,0.0,0.0,0.0,0.0,0.0,0.0,0.0,0.0,0.0,0.0,0.0,0.0,0.0,0.0,0.0,0.0,0.0,0.0,0.0,0.0,0.0,1.0,1.0,1.0,1.0,1.0,1.0,3.0,1.0,1.0,1.0,1.0,1.0,1.0,1.0
2007,290.2.xml,1.0,1.0,1.0,1.0,1.0,0.0,1.0,0.0,1.0,0.0,0.0,1.0,0.0,0.0,0.0,0.0,0.0,0.0,0.0,0.0,0.0,1.0,1.0,1.0,1.0,1.0,1.0,1.0,2.0,1.0,1.0,1.0,2.0,2.0,1.0,4.0,2.0,2.0,2.0,2.0,2.0,2.0,4.0,2.0,2.0,1.0,1.0,2.0,2.0,1.0,4.0,2.0,2.0,1.0,1.0,2.0,2.0,4.0,2.0,1.0,1.0,1.0,1.0,1.0,1.0,1.0,1.0,1.0,1.0,1.0,1.0,1.0,1.0,1.0,1.0,2.0,1.0,1.0,0.0,0.0,0.0,1.0,1.0,2.0,2.0,0.0,1.0,4.0,1.0,4.0,4.0,4.0,0.0,0.0,0.0,0.0,0.0,0.0,0.0,0.0,0.0,0.0,3.0,1.0,1.0,0.0,1.0,1.0,1.0,1.0,3.0,1.0,1.0,1.0,1.0,1.0,1.0,1.0,1.0,1.0,1.0,1.0,1.0,1.0,9.0,1.0,1.0,1.0,1.0,1.0,1.0,3.0,1.0,1.0,1.0,1.0,1.0,1.0,0.0,0.0,0.0,0.0,0.0,0.0,0.0,0.0,0.0,0.0,0.0,0.0,0.0,0.0,0.0,0.0,0.0,0.0,1.0,1.0,1.0,1.0,1.0,1.0,1.0,1.0,1.0,1.0,1.0,1.0,0.0,0.0,0.0,0.0,0.0,0.0,0.0,0.0,0.0,0.0,0.0,0.0,0.0,0.0,0.0,0.0,0.0,0.0,0.0,0.0,0.0,0.0,0.0,0.0,0.0,0.0,0.0,0.0,0.0,0.0,0.0,0.0,0.0,0.0,0.0,0.0,0.0,0.0,0.0,0.0,0.0,0.0,0.0,0.0,0.0,0.0,0.0,0.0,0.0,0.0,0.0,0.0,0.0,0.0,0.0,0.0,0.0,0.0,0.0,1.0,1.0,1.0,1.0,1.0,1.0,3.0,1.0,1.0,1.0,1.0,1.0,1.0,1.0
2007,290.3.xml,1.0,1.0,1.0,1.0,1.0,0.0,1.0,0.0,1.0,0.0,0.0,1.0,0.0,0.0,0.0,0.0,0.0,0.0,0.0,0.0,0.0,1.0,1.0,1.0,1.0,1.0,1.0,2.0,2.0,1.0,1.0,1.0,2.0,2.0,1.0,4.0,2.0,2.0,2.0,2.0,2.0,2.0,4.0,2.0,2.0,1.0,1.0,2.0,2.0,1.0,4.0,2.0,2.0,1.0,1.0,2.0,2.0,4.0,2.0,1.0,1.0,1.0,1.0,1.0,1.0,1.0,1.0,1.0,1.0,1.0,1.0,1.0,1.0,1.0,1.0,2.0,1.0,1.0,0.0,0.0,0.0,1.0,1.0,2.0,2.0,0.0,1.0,4.0,1.0,4.0,4.0,4.0,0.0,0.0,0.0,0.0,0.0,0.0,0.0,0.0,0.0,0.0,3.0,1.0,1.0,0.0,1.0,1.0,1.0,1.0,3.0,1.0,1.0,1.0,1.0,1.0,1.0,1.0,1.0,1.0,1.0,1.0,1.0,1.0,9.0,1.0,1.0,1.0,1.0,1.0,1.0,3.0,1.0,1.0,1.0,1.0,1.0,1.0,0.0,0.0,0.0,0.0,0.0,0.0,0.0,0.0,0.0,0.0,0.0,0.0,0.0,0.0,0.0,0.0,0.0,0.0,1.0,1.0,1.0,1.0,1.0,1.0,1.0,1.0,1.0,1.0,1.0,1.0,0.0,0.0,0.0,0.0,0.0,0.0,0.0,0.0,0.0,0.0,0.0,0.0,0.0,0.0,0.0,0.0,0.0,0.0,0.0,0.0,0.0,0.0,0.0,0.0,0.0,0.0,0.0,0.0,0.0,0.0,0.0,0.0,0.0,0.0,0.0,0.0,0.0,0.0,0.0,0.0,0.0,0.0,0.0,0.0,0.0,0.0,0.0,0.0,0.0,0.0,0.0,0.0,0.0,0.0,0.0,0.0,0.0,0.0,0.0,1.0,1.0,1.0,1.0,1.0,1.0,3.0,1.0,1.0,1.0,1.0,1.0,1.0,1.0
2007,290.4.xml,1.0,1.0,1.0,1.0,1.0,0.0,1.0,0.0,1.0,0.0,0.0,1.0,0.0,0.0,0.0,0.0,0.0,0.0,0.0,0.0,0.0,1.0,1.0,1.0,1.0,1.0,1.0,2.0,2.0,1.0,1.0,1.0,2.0,2.0,1.0,4.0,2.0,2.0,2.0,2.0,2.0,2.0,4.0,2.0,2.0,1.0,1.0,2.0,2.0,1.0,4.0,2.0,2.0,1.0,1.0,2.0,2.0,4.0,2.0,1.0,1.0,1.0,1.0,1.0,1.0,1.0,1.0,1.0,1.0,1.0,1.0,1.0,1.0,1.0,1.0,2.0,1.0,1.0,0.0,0.0,0.0,1.0,1.0,2.0,2.0,0.0,1.0,4.0,1.0,4.0,4.0,4.0,0.0,0.0,0.0,0.0,0.0,0.0,0.0,0.0,0.0,0.0,3.0,1.0,1.0,0.0,1.0,1.0,1.0,1.0,3.0,1.0,1.0,1.0,1.0,1.0,1.0,1.0,1.0,1.0,1.0,1.0,1.0,1.0,9.0,1.0,1.0,1.0,1.0,1.0,1.0,3.0,1.0,1.0,1.0,1.0,1.0,1.0,0.0,0.0,0.0,0.0,0.0,0.0,0.0,0.0,0.0,0.0,0.0,0.0,0.0,0.0,0.0,0.0,0.0,0.0,1.0,1.0,1.0,1.0,1.0,1.0,1.0,1.0,1.0,1.0,1.0,1.0,0.0,0.0,0.0,0.0,0.0,0.0,0.0,0.0,0.0,0.0,0.0,0.0,0.0,0.0,0.0,0.0,0.0,0.0,0.0,0.0,0.0,0.0,0.0,0.0,0.0,0.0,0.0,0.0,0.0,0.0,0.0,0.0,0.0,0.0,0.0,0.0,0.0,0.0,0.0,0.0,0.0,0.0,0.0,0.0,0.0,0.0,0.0,0.0,0.0,0.0,0.0,0.0,0.0,0.0,0.0,0.0,0.0,0.0,0.0,1.0,1.0,1.0,1.0,1.0,1.0,3.0,1.0,1.0,1.0,1.0,1.0,1.0,1.0
2007,291.1.xml,1.0,1.0,1.0,1.0,1.0,0.0,1.0,0.0,1.0,1.0,0.0,1.0,0.0,0.0,0.0,0.0,0.0,0.0,0.0,0.0,0.0,1.0,1.0,1.0,1.0,1.0,1.0,1.0,2.0,1.0,1.0,1.0,2.0,2.0,1.0,5.0,2.0,2.0,2.0,2.0,2.0,2.0,4.0,2.0,2.0,1.0,1.0,2.0,2.0,1.0,6.0,2.0,2.0,0.0,0.0,2.0,2.0,4.0,2.0,1.0,1.0,1.0,2.0,2.0,2.0,2.0,2.0,1.0,1.0,1.0,1.0,1.0,1.0,1.0,1.0,3.0,1.0,1.0,0.0,0.0,0.0,1.0,1.0,2.0,2.0,0.0,1.0,11.0,1.0,11.0,5.0,11.0,1.0,1.0,1.0,1.0,1.0,1.0,0.0,0.0,0.0,4.0,2.0,1.0,2.0,0.0,2.0,0.0,1.0,1.0,3.0,1.0,1.0,1.0,1.0,1.0,1.0,1.0,1.0,1.0,1.0,1.0,1.0,1.0,7.0,1.0,1.0,1.0,1.0,1.0,1.0,3.0,1.0,1.0,1.0,1.0,1.0,1.0,0.0,0.0,0.0,0.0,0.0,0.0,0.0,0.0,0.0,0.0,0.0,0.0,0.0,0.0,0.0,0.0,0.0,0.0,1.0,1.0,1.0,1.0,1.0,1.0,1.0,1.0,1.0,1.0,1.0,1.0,1.0,1.0,1.0,1.0,1.0,1.0,1.0,1.0,1.0,8.0,1.0,1.0,5.0,5.0,1.0,7.0,2.0,2.0,0.0,0.0,0.0,0.0,0.0,0.0,0.0,0.0,0.0,0.0,0.0,0.0,0.0,0.0,0.0,0.0,0.0,0.0,0.0,0.0,0.0,0.0,0.0,0.0,0.0,0.0,0.0,0.0,0.0,0.0,1.0,1.0,1.0,1.0,1.0,1.0,1.0,1.0,1.0,1.0,1.0,1.0,1.0,1.0,1.0,1.0,1.0,3.0,1.0,1.0,1.0,1.0,1.0,1.0,1.0
2007,292.2.xml,1.0,1.0,1.0,1.0,1.0,0.0,1.0,0.0,1.0,1.0,0.0,1.0,0.0,0.0,0.0,0.0,0.0,0.0,0.0,0.0,0.0,1.0,1.0,1.0,1.0,1.0,1.0,1.0,2.0,1.0,1.0,1.0,2.0,2.0,1.0,5.0,2.0,2.0,2.0,2.0,2.0,2.0,4.0,2.0,2.0,1.0,1.0,2.0,2.0,1.0,6.0,2.0,2.0,0.0,0.0,2.0,2.0,4.0,2.0,1.0,1.0,1.0,2.0,2.0,2.0,2.0,2.0,1.0,1.0,1.0,1.0,1.0,1.0,1.0,1.0,3.0,1.0,1.0,0.0,0.0,0.0,1.0,1.0,2.0,2.0,0.0,1.0,11.0,1.0,11.0,5.0,11.0,1.0,1.0,1.0,1.0,1.0,1.0,1.0,1.0,1.0,0.0,2.0,1.0,2.0,0.0,2.0,0.0,1.0,1.0,3.0,1.0,1.0,1.0,1.0,1.0,1.0,1.0,1.0,1.0,1.0,1.0,1.0,1.0,11.0,1.0,1.0,1.0,1.0,1.0,1.0,3.0,1.0,1.0,1.0,1.0,1.0,1.0,0.0,0.0,0.0,0.0,0.0,0.0,0.0,0.0,0.0,0.0,0.0,0.0,0.0,0.0,0.0,0.0,0.0,0.0,1.0,1.0,1.0,1.0,1.0,1.0,1.0,1.0,1.0,1.0,1.0,1.0,1.0,1.0,1.0,1.0,1.0,1.0,1.0,1.0,1.0,8.0,1.0,1.0,5.0,5.0,1.0,7.0,2.0,2.0,0.0,0.0,0.0,0.0,0.0,0.0,0.0,0.0,0.0,0.0,0.0,0.0,0.0,0.0,0.0,0.0,0.0,0.0,0.0,0.0,0.0,0.0,0.0,0.0,0.0,0.0,0.0,0.0,0.0,0.0,1.0,1.0,1.0,1.0,1.0,1.0,1.0,1.0,1.0,1.0,1.0,1.0,1.0,1.0,1.0,1.0,1.0,3.0,1.0,1.0,1.0,1.0,1.0,1.0,1.0
2007,293.4.xml,1.0,1.0,1.0,1.0,1.0,0.0,1.0,0.0,1.0,1.0,0.0,1.0,0.0,0.0,0.0,0.0,0.0,0.0,0.0,0.0,0.0,1.0,1.0,1.0,1.0,1.0,1.0,2.0,2.0,1.0,1.0,1.0,2.0,2.0,1.0,5.0,2.0,2.0,2.0,2.0,2.0,2.0,4.0,2.0,2.0,1.0,1.0,2.0,2.0,1.0,6.0,2.0,2.0,0.0,0.0,2.0,2.0,4.0,2.0,1.0,1.0,1.0,2.0,2.0,2.0,2.0,2.0,1.0,1.0,1.0,1.0,1.0,1.0,1.0,1.0,3.0,1.0,1.0,0.0,0.0,0.0,1.0,1.0,2.0,2.0,0.0,1.0,11.0,1.0,11.0,5.0,11.0,1.0,1.0,1.0,1.0,1.0,1.0,1.0,1.0,1.0,0.0,2.0,1.0,2.0,0.0,2.0,0.0,1.0,1.0,3.0,1.0,1.0,1.0,1.0,1.0,1.0,1.0,1.0,1.0,1.0,1.0,1.0,1.0,9.0,1.0,1.0,1.0,1.0,1.0,1.0,3.0,1.0,1.0,1.0,1.0,1.0,1.0,0.0,0.0,0.0,0.0,0.0,0.0,0.0,0.0,0.0,0.0,0.0,0.0,0.0,0.0,0.0,0.0,0.0,0.0,1.0,1.0,1.0,1.0,1.0,1.0,1.0,1.0,1.0,1.0,1.0,1.0,1.0,1.0,1.0,1.0,1.0,1.0,1.0,1.0,1.0,8.0,1.0,1.0,5.0,5.0,1.0,7.0,2.0,2.0,0.0,0.0,0.0,0.0,0.0,0.0,0.0,0.0,0.0,0.0,0.0,0.0,0.0,0.0,0.0,0.0,0.0,0.0,0.0,0.0,0.0,0.0,0.0,0.0,0.0,0.0,0.0,0.0,0.0,0.0,1.0,1.0,1.0,1.0,1.0,1.0,1.0,1.0,1.0,1.0,1.0,1.0,1.0,1.0,1.0,1.0,1.0,3.0,1.0,1.0,1.0,1.0,1.0,1.0,1.0
2007,293.5.xml,1.0,1.0,1.0,1.0,1.0,0.0,1.0,0.0,1.0,1.0,0.0,1.0,0.0,0.0,0.0,0.0,0.0,0.0,0.0,0.0,0.0,1.0,1.0,1.0,1.0,1.0,1.0,2.0,2.0,1.0,1.0,1.0,2.0,2.0,1.0,5.0,2.0,2.0,2.0,2.0,2.0,2.0,4.0,2.0,2.0,1.0,1.0,2.0,2.0,1.0,6.0,2.0,2.0,0.0,0.0,2.0,2.0,4.0,2.0,1.0,1.0,1.0,2.0,2.0,2.0,2.0,2.0,1.0,1.0,1.0,1.0,1.0,1.0,1.0,1.0,3.0,1.0,1.0,0.0,0.0,0.0,1.0,1.0,2.0,2.0,0.0,1.0,11.0,1.0,11.0,5.0,11.0,1.0,1.0,1.0,1.0,1.0,1.0,1.0,1.0,1.0,0.0,2.0,1.0,2.0,0.0,2.0,0.0,1.0,1.0,3.0,1.0,1.0,1.0,1.0,1.0,1.0,1.0,1.0,1.0,1.0,1.0,1.0,1.0,9.0,1.0,1.0,1.0,1.0,1.0,1.0,3.0,1.0,1.0,1.0,1.0,1.0,1.0,0.0,0.0,0.0,0.0,0.0,0.0,0.0,0.0,0.0,0.0,0.0,0.0,0.0,0.0,0.0,0.0,0.0,0.0,1.0,1.0,1.0,1.0,1.0,1.0,1.0,1.0,1.0,1.0,1.0,1.0,1.0,1.0,1.0,1.0,1.0,1.0,1.0,1.0,1.0,8.0,1.0,1.0,5.0,5.0,1.0,7.0,2.0,2.0,0.0,0.0,0.0,0.0,0.0,0.0,0.0,0.0,0.0,0.0,0.0,0.0,0.0,0.0,0.0,0.0,0.0,0.0,0.0,0.0,0.0,0.0,0.0,0.0,0.0,0.0,0.0,0.0,0.0,0.0,1.0,1.0,1.0,1.0,1.0,1.0,1.0,1.0,1.0,1.0,1.0,1.0,1.0,1.0,1.0,1.0,1.0,3.0,1.0,1.0,1.0,1.0,1.0,1.0,1.0
2007,295.2.xml,1.0,1.0,1.0,1.0,1.0,0.0,1.0,0.0,1.0,0.0,0.0,1.0,0.0,0.0,0.0,0.0,0.0,0.0,0.0,0.0,0.0,1.0,1.0,1.0,1.0,1.0,1.0,1.0,2.0,1.0,1.0,1.0,1.0,1.0,1.0,3.0,1.0,1.0,1.0,1.0,1.0,1.0,2.0,2.0,1.0,1.0,1.0,1.0,1.0,1.0,4.0,1.0,2.0,1.0,1.0,2.0,2.0,4.0,2.0,2.0,1.0,1.0,2.0,2.0,2.0,2.0,2.0,1.0,1.0,1.0,1.0,1.0,1.0,1.0,1.0,3.0,1.0,1.0,1.0,1.0,1.0,1.0,1.0,2.0,2.0,1.0,1.0,9.0,1.0,9.0,8.0,9.0,1.0,1.0,1.0,1.0,1.0,1.0,1.0,25.0,25.0,1.0,3.0,1.0,1.0,0.0,1.0,0.0,1.0,1.0,4.0,1.0,1.0,1.0,1.0,1.0,1.0,1.0,1.0,1.0,1.0,1.0,1.0,1.0,12.0,1.0,1.0,1.0,1.0,1.0,1.0,3.0,1.0,1.0,1.0,1.0,1.0,1.0,1.0,0.0,1.0,1.0,1.0,0.0,0.0,0.0,0.0,0.0,0.0,0.0,0.0,1.0,1.0,1.0,1.0,1.0,1.0,5.0,1.0,1.0,1.0,1.0,31.0,31.0,31.0,31.0,31.0,1.0,1.0,1.0,1.0,1.0,1.0,1.0,1.0,1.0,1.0,8.0,1.0,1.0,5.0,5.0,1.0,7.0,2.0,2.0,1.0,1.0,1.0,0.0,1.0,1.0,1.0,1.0,1.0,11.0,2.0,4.0,4.0,4.0,1.0,7.0,2.0,0.0,2.0,1.0,1.0,1.0,1.0,1.0,1.0,1.0,1.0,1.0,1.0,1.0,1.0,1.0,1.0,1.0,1.0,1.0,1.0,1.0,1.0,1.0,1.0,1.0,1.0,1.0,1.0,1.0,1.0,3.0,1.0,1.0,1.0,1.0,1.0,1.0,1.0
2007,296.2.xml,1.0,1.0,1.0,1.0,1.0,0.0,1.0,0.0,1.0,1.0,0.0,1.0,0.0,0.0,0.0,0.0,0.0,0.0,0.0,0.0,0.0,1.0,1.0,1.0,1.0,1.0,1.0,1.0,2.0,1.0,1.0,1.0,2.0,2.0,1.0,5.0,2.0,2.0,2.0,2.0,2.0,2.0,4.0,2.0,2.0,1.0,1.0,2.0,2.0,1.0,6.0,2.0,2.0,0.0,0.0,2.0,2.0,4.0,2.0,1.0,1.0,1.0,2.0,2.0,2.0,2.0,2.0,1.0,1.0,1.0,1.0,1.0,1.0,1.0,1.0,3.0,1.0,1.0,0.0,0.0,0.0,1.0,1.0,2.0,2.0,0.0,1.0,11.0,1.0,11.0,5.0,11.0,1.0,1.0,1.0,1.0,1.0,1.0,1.0,1.0,1.0,0.0,2.0,1.0,2.0,0.0,2.0,0.0,1.0,1.0,3.0,1.0,1.0,1.0,1.0,1.0,1.0,1.0,1.0,1.0,1.0,1.0,1.0,1.0,13.0,1.0,1.0,1.0,1.0,1.0,1.0,3.0,1.0,1.0,1.0,1.0,1.0,1.0,0.0,0.0,0.0,0.0,0.0,0.0,0.0,0.0,0.0,0.0,0.0,0.0,0.0,0.0,0.0,0.0,0.0,0.0,1.0,1.0,1.0,1.0,1.0,1.0,1.0,1.0,1.0,1.0,1.0,1.0,1.0,1.0,1.0,1.0,1.0,1.0,1.0,1.0,1.0,8.0,1.0,1.0,5.0,5.0,1.0,7.0,2.0,2.0,0.0,0.0,0.0,0.0,0.0,0.0,0.0,0.0,0.0,0.0,0.0,0.0,0.0,0.0,0.0,0.0,0.0,0.0,0.0,0.0,0.0,0.0,0.0,0.0,0.0,0.0,0.0,0.0,0.0,0.0,1.0,1.0,1.0,1.0,1.0,1.0,1.0,1.0,1.0,1.0,1.0,1.0,1.0,1.0,1.0,1.0,1.0,3.0,1.0,1.0,1.0,1.0,1.0,1.0,1.0
2007,296.4.xml,1.0,1.0,1.0,1.0,1.0,0.0,1.0,0.0,1.0,1.0,0.0,1.0,0.0,0.0,0.0,0.0,0.0,0.0,0.0,0.0,0.0,1.0,1.0,1.0,1.0,1.0,1.0,2.0,2.0,1.0,1.0,1.0,2.0,2.0,1.0,5.0,2.0,2.0,2.0,2.0,2.0,2.0,4.0,2.0,2.0,1.0,1.0,2.0,2.0,1.0,6.0,2.0,2.0,0.0,0.0,2.0,2.0,4.0,2.0,1.0,1.0,1.0,2.0,2.0,2.0,2.0,2.0,1.0,1.0,1.0,1.0,1.0,1.0,1.0,1.0,3.0,1.0,1.0,0.0,0.0,0.0,1.0,1.0,2.0,2.0,0.0,1.0,11.0,1.0,11.0,5.0,11.0,1.0,1.0,1.0,1.0,1.0,1.0,1.0,1.0,1.0,0.0,2.0,1.0,2.0,0.0,2.0,0.0,1.0,1.0,3.0,1.0,1.0,1.0,1.0,1.0,1.0,1.0,1.0,1.0,1.0,1.0,1.0,1.0,13.0,1.0,1.0,1.0,1.0,1.0,1.0,3.0,1.0,1.0,1.0,1.0,1.0,1.0,0.0,0.0,0.0,0.0,0.0,0.0,0.0,0.0,0.0,0.0,0.0,0.0,0.0,0.0,0.0,0.0,0.0,0.0,1.0,1.0,1.0,1.0,1.0,1.0,1.0,1.0,1.0,1.0,1.0,1.0,1.0,1.0,1.0,1.0,1.0,1.0,1.0,1.0,1.0,8.0,1.0,1.0,5.0,5.0,1.0,7.0,2.0,2.0,0.0,0.0,0.0,0.0,0.0,0.0,0.0,0.0,0.0,0.0,0.0,0.0,0.0,0.0,0.0,0.0,0.0,0.0,0.0,0.0,0.0,0.0,0.0,0.0,0.0,0.0,0.0,0.0,0.0,0.0,1.0,1.0,1.0,1.0,1.0,1.0,1.0,1.0,1.0,1.0,1.0,1.0,1.0,1.0,1.0,1.0,1.0,3.0,1.0,1.0,1.0,1.0,1.0,1.0,1.0
2007,297.4.xml,1.0,1.0,1.0,1.0,1.0,1.0,1.0,0.0,0.0,1.0,0.0,1.0,1.0,1.0,1.0,3.0,2.0,3.0,0.0,2.0,3.0,1.0,1.0,1.0,1.0,1.0,1.0,2.0,2.0,1.0,1.0,1.0,1.0,1.0,1.0,3.0,1.0,5.0,5.0,5.0,1.0,1.0,4.0,2.0,2.0,1.0,1.0,1.0,1.0,1.0,3.0,1.0,2.0,1.0,1.0,2.0,2.0,3.0,2.0,2.0,1.0,1.0,1.0,1.0,1.0,1.0,2.0,1.0,1.0,1.0,1.0,1.0,1.0,1.0,1.0,3.0,1.0,1.0,1.0,1.0,1.0,1.0,1.0,2.0,2.0,1.0,1.0,32.0,1.0,32.0,6.0,32.0,1.0,1.0,1.0,1.0,1.0,1.0,0.0,0.0,0.0,0.0,2.0,1.0,5.0,3.0,2.0,0.0,1.0,1.0,4.0,1.0,1.0,1.0,1.0,1.0,1.0,1.0,1.0,1.0,1.0,1.0,1.0,1.0,13.0,1.0,1.0,1.0,1.0,1.0,1.0,3.0,1.0,1.0,1.0,1.0,1.0,1.0,1.0,0.0,2.0,2.0,2.0,1.0,1.0,7.0,3.0,1.0,1.0,1.0,1.0,1.0,7.0,6.0,2.0,3.0,1.0,8.0,1.0,1.0,1.0,1.0,17.0,17.0,17.0,17.0,17.0,1.0,1.0,1.0,1.0,1.0,1.0,1.0,1.0,1.0,1.0,8.0,1.0,1.0,5.0,5.0,1.0,7.0,2.0,2.0,3.0,1.0,3.0,3.0,1.0,1.0,1.0,1.0,1.0,12.0,2.0,5.0,5.0,5.0,2.0,8.0,2.0,1.0,2.0,1.0,1.0,2.0,2.0,2.0,2.0,3.0,1.0,3.0,3.0,3.0,1.0,1.0,1.0,1.0,1.0,1.0,1.0,1.0,1.0,1.0,1.0,1.0,1.0,1.0,1.0,1.0,1.0,3.0,1.0,1.0,1.0,1.0,1.0,1.0,1.0
