XPath,Collection,XPathCount,RecordCount,AverageOccurancePerRecord,CollectionOccurance%
Number of Records,2013_EML,250,250,1.00,100.00%
/eml/@packageId,2013_EML,250,250,1.00,100.00%
/eml/@scope,2013_EML,22,22,0.09,8.80%
/eml/@system,2013_EML,250,250,1.00,100.00%
/eml/@xsi:schemaLocation,2013_EML,250,250,1.00,100.00%
/eml/access,2013_EML,1250,250,5.00,100.00%
/eml/access/@authSystem,2013_EML,250,250,1.00,100.00%
/eml/access/@order,2013_EML,250,250,1.00,100.00%
/eml/access/@scope,2013_EML,249,249,1.00,99.60%
/eml/access/@system,2013_EML,10,10,0.04,4.00%
/eml/access/allow/permission,2013_EML,442,250,1.77,100.00%
/eml/access/allow/principal,2013_EML,500,250,2.00,100.00%
/eml/additionalMetadata/metadata/additionalClassifications/researchTopic,2013_EML,12,6,0.05,2.40%
/eml/additionalMetadata/metadata/additionalClassifications/status,2013_EML,6,6,0.02,2.40%
/eml/additionalMetadata/metadata/additionalClassifications/studyType,2013_EML,6,6,0.02,2.40%
/eml/additionalMetadata/metadata/additionalDataset/DatasetDistributionTypeandRestrictions,2013_EML,61,61,0.24,24.40%
/eml/additionalMetadata/metadata/additionalDataset/LTERsites/sitename,2013_EML,29,29,0.12,11.60%
/eml/additionalMetadata/metadata/additionalDataset/addDistribution/submissionDate,2013_EML,61,61,0.24,24.40%
/eml/additionalMetadata/metadata/additionalDataset/datasetAnomolies/anomolies,2013_EML,22,22,0.09,8.80%
/eml/additionalMetadata/metadata/additionalDataset/datasetInfoManagementNotes/notes,2013_EML,57,57,0.23,22.80%
/eml/additionalMetadata/metadata/additionalDataset/datasetPurpose/para,2013_EML,3,3,0.01,1.20%
/eml/additionalMetadata/metadata/additionalDataset/datasetSubmissionNotes/notes,2013_EML,43,43,0.17,17.20%
/eml/additionalMetadata/metadata/additionalDataset/projectHypotheses/para,2013_EML,23,23,0.09,9.20%
/eml/additionalMetadata/metadata/additionalDataset/projectPermits/permit,2013_EML,22,22,0.09,8.80%
/eml/additionalMetadata/metadata/additionalDataset/researchType,2013_EML,61,61,0.24,24.40%
/eml/additionalMetadata/metadata/additionalLinks/url,2013_EML,18,6,0.07,2.40%
/eml/additionalMetadata/metadata/additionalLinks/url/@name,2013_EML,18,6,0.07,2.40%
/eml/additionalMetadata/metadata/ns2:unitList/@convention,2013_EML,2,2,0.01,0.80%
/eml/additionalMetadata/metadata/ns2:unitList/@xsi:schemaLocation,2013_EML,49,49,0.20,19.60%
/eml/additionalMetadata/metadata/ns2:unitList/ns2:unit/@abbreviation,2013_EML,147,10,0.59,4.00%
/eml/additionalMetadata/metadata/ns2:unitList/ns2:unit/@constantToSI,2013_EML,10,8,0.04,3.20%
/eml/additionalMetadata/metadata/ns2:unitList/ns2:unit/@id,2013_EML,292,52,1.17,20.80%
/eml/additionalMetadata/metadata/ns2:unitList/ns2:unit/@multiplierToSI,2013_EML,95,37,0.38,14.80%
/eml/additionalMetadata/metadata/ns2:unitList/ns2:unit/@name,2013_EML,274,47,1.10,18.80%
/eml/additionalMetadata/metadata/ns2:unitList/ns2:unit/@parentSI,2013_EML,53,25,0.21,10.00%
/eml/additionalMetadata/metadata/ns2:unitList/ns2:unit/@unitType,2013_EML,135,44,0.54,17.60%
/eml/additionalMetadata/metadata/ns2:unitList/ns2:unit/ns2:description,2013_EML,247,42,0.99,16.80%
/eml/additionalMetadata/metadata/ns2:unitList/ns2:unitType/@id,2013_EML,48,1,0.19,0.40%
/eml/additionalMetadata/metadata/ns2:unitList/ns2:unitType/@name,2013_EML,48,1,0.19,0.40%
/eml/additionalMetadata/metadata/ns2:unitList/ns2:unitType/ns2:dimension/@name,2013_EML,9,1,0.04,0.40%
/eml/additionalMetadata/metadata/ns2:unitList/ns2:unitType/ns2:dimension/@power,2013_EML,5,1,0.02,0.40%
/eml/additionalMetadata/metadata/unitList/unit/@abbreviation,2013_EML,36,9,0.14,3.60%
/eml/additionalMetadata/metadata/unitList/unit/@id,2013_EML,186,89,0.74,35.60%
/eml/additionalMetadata/metadata/unitList/unit/@multiplerToSI,2013_EML,36,9,0.14,3.60%
/eml/additionalMetadata/metadata/unitList/unit/@multiplierToSI,2013_EML,110,74,0.44,29.60%
/eml/additionalMetadata/metadata/unitList/unit/@name,2013_EML,167,83,0.67,33.20%
/eml/additionalMetadata/metadata/unitList/unit/@parentSI,2013_EML,131,83,0.52,33.20%
/eml/additionalMetadata/metadata/unitList/unit/@unitType,2013_EML,152,83,0.61,33.20%
/eml/additionalMetadata/metadata/unitList/unit/description,2013_EML,167,83,0.67,33.20%
/eml/dataset/@id,2013_EML,75,75,0.30,30.00%
/eml/dataset/@scope,2013_EML,12,12,0.05,4.80%
/eml/dataset/@system,2013_EML,2,2,0.01,0.80%
/eml/dataset/abstract,2013_EML,250,250,1.00,100.00%
/eml/dataset/abstract/para,2013_EML,302,224,1.21,89.60%
/eml/dataset/abstract/para/literalLayout,2013_EML,1,1,0.00,0.40%
/eml/dataset/abstract/section/para,2013_EML,32,24,0.13,9.60%
/eml/dataset/abstract/section/para/ulink,2013_EML,2,1,0.01,0.40%
/eml/dataset/abstract/section/para/ulink/@url,2013_EML,2,1,0.01,0.40%
/eml/dataset/abstract/section/title,2013_EML,7,6,0.03,2.40%
/eml/dataset/additionalInfo,2013_EML,13,13,0.05,5.20%
/eml/dataset/additionalInfo/para/literalLayout,2013_EML,10,10,0.04,4.00%
/eml/dataset/additionalInfo/section/para/literalLayout,2013_EML,2,2,0.01,0.80%
/eml/dataset/additionalInfo/section/title,2013_EML,2,2,0.01,0.80%
/eml/dataset/alternateIdentifier,2013_EML,195,195,0.78,78.00%
/eml/dataset/alternateIdentifier/@system,2013_EML,9,9,0.04,3.60%
/eml/dataset/associatedParty,2013_EML,647,201,2.59,80.40%
/eml/dataset/associatedParty/@id,2013_EML,2,1,0.01,0.40%
/eml/dataset/associatedParty/address/administrativeArea,2013_EML,216,111,0.86,44.40%
/eml/dataset/associatedParty/address/city,2013_EML,221,111,0.88,44.40%
/eml/dataset/associatedParty/address/country,2013_EML,139,107,0.56,42.80%
/eml/dataset/associatedParty/address/deliveryPoint,2013_EML,540,112,2.16,44.80%
/eml/dataset/associatedParty/address/postalCode,2013_EML,206,111,0.82,44.40%
/eml/dataset/associatedParty/electronicMailAddress,2013_EML,281,75,1.12,30.00%
/eml/dataset/associatedParty/individualName/givenName,2013_EML,622,182,2.49,72.80%
/eml/dataset/associatedParty/individualName/salutation,2013_EML,1,1,0.00,0.40%
/eml/dataset/associatedParty/individualName/surName,2013_EML,630,199,2.52,79.60%
/eml/dataset/associatedParty/onlineUrl,2013_EML,108,59,0.43,23.60%
/eml/dataset/associatedParty/organizationName,2013_EML,156,79,0.62,31.60%
/eml/dataset/associatedParty/phone,2013_EML,289,69,1.16,27.60%
/eml/dataset/associatedParty/phone/@phonetype,2013_EML,139,71,0.56,28.40%
/eml/dataset/associatedParty/positionName,2013_EML,12,5,0.05,2.00%
/eml/dataset/associatedParty/role,2013_EML,347,201,1.39,80.40%
/eml/dataset/associatedParty/userId,2013_EML,3,3,0.01,1.20%
/eml/dataset/associatedParty/userId/@directory,2013_EML,3,3,0.01,1.20%
/eml/dataset/contact,2013_EML,315,250,1.26,100.00%
/eml/dataset/contact/@id,2013_EML,118,116,0.47,46.40%
/eml/dataset/contact/@scope,2013_EML,3,3,0.01,1.20%
/eml/dataset/contact/@system,2013_EML,115,115,0.46,46.00%
/eml/dataset/contact/address/@scope,2013_EML,3,3,0.01,1.20%
/eml/dataset/contact/address/administrativeArea,2013_EML,274,247,1.10,98.80%
/eml/dataset/contact/address/city,2013_EML,286,250,1.14,100.00%
/eml/dataset/contact/address/country,2013_EML,248,244,0.99,97.60%
/eml/dataset/contact/address/deliveryPoint,2013_EML,750,250,3.00,100.00%
/eml/dataset/contact/address/postalCode,2013_EML,285,249,1.14,99.60%
/eml/dataset/contact/electronicMailAddress,2013_EML,315,250,1.26,100.00%
/eml/dataset/contact/individualName/givenName,2013_EML,85,84,0.34,33.60%
/eml/dataset/contact/individualName/surName,2013_EML,85,84,0.34,33.60%
/eml/dataset/contact/onlineUrl,2013_EML,252,191,1.01,76.40%
/eml/dataset/contact/organizationName,2013_EML,164,106,0.66,42.40%
/eml/dataset/contact/phone,2013_EML,389,218,1.56,87.20%
/eml/dataset/contact/phone/@phonetype,2013_EML,293,218,1.17,87.20%
/eml/dataset/contact/positionName,2013_EML,254,210,1.02,84.00%
/eml/dataset/contact/userId,2013_EML,1,1,0.00,0.40%
/eml/dataset/contact/userId/@directory,2013_EML,1,1,0.00,0.40%
/eml/dataset/coverage/@scope,2013_EML,2,2,0.01,0.80%
/eml/dataset/coverage/geographicCoverage,2013_EML,1167,241,4.67,96.40%
/eml/dataset/coverage/geographicCoverage/@id,2013_EML,984,123,3.94,49.20%
/eml/dataset/coverage/geographicCoverage/@scope,2013_EML,3,3,0.01,1.20%
/eml/dataset/coverage/geographicCoverage/@system,2013_EML,1,1,0.00,0.40%
/eml/dataset/coverage/geographicCoverage/boundingCoordinates,2013_EML,1158,241,4.63,96.40%
/eml/dataset/coverage/geographicCoverage/boundingCoordinates/boundingAltitudes/altitudeMaximum,2013_EML,11,10,0.04,4.00%
/eml/dataset/coverage/geographicCoverage/boundingCoordinates/boundingAltitudes/altitudeMinimum,2013_EML,11,10,0.04,4.00%
/eml/dataset/coverage/geographicCoverage/boundingCoordinates/boundingAltitudes/altitudeUnits,2013_EML,10,10,0.04,4.00%
/eml/dataset/coverage/geographicCoverage/boundingCoordinates/eastBoundingCoordinate,2013_EML,1146,241,4.58,96.40%
/eml/dataset/coverage/geographicCoverage/boundingCoordinates/northBoundingCoordinate,2013_EML,1134,241,4.54,96.40%
/eml/dataset/coverage/geographicCoverage/boundingCoordinates/southBoundingCoordinate,2013_EML,1138,241,4.55,96.40%
/eml/dataset/coverage/geographicCoverage/boundingCoordinates/westBoundingCoordinate,2013_EML,1140,241,4.56,96.40%
/eml/dataset/coverage/geographicCoverage/geographicDescription,2013_EML,1057,241,4.23,96.40%
/eml/dataset/coverage/taxonomicCoverage,2013_EML,34,34,0.14,13.60%
/eml/dataset/coverage/taxonomicCoverage/generalTaxonomicCoverage,2013_EML,21,21,0.08,8.40%
/eml/dataset/coverage/taxonomicCoverage/taxonomicClassification/commonName,2013_EML,61,6,0.24,2.40%
/eml/dataset/coverage/taxonomicCoverage/taxonomicClassification/taxonRankName,2013_EML,49,34,0.20,13.60%
/eml/dataset/coverage/taxonomicCoverage/taxonomicClassification/taxonRankValue,2013_EML,357,34,1.43,13.60%
/eml/dataset/coverage/taxonomicCoverage/taxonomicClassification/taxonomicClassification/commonName,2013_EML,8,2,0.03,0.80%
/eml/dataset/coverage/taxonomicCoverage/taxonomicClassification/taxonomicClassification/taxonRankName,2013_EML,19,19,0.08,7.60%
/eml/dataset/coverage/taxonomicCoverage/taxonomicClassification/taxonomicClassification/taxonRankValue,2013_EML,190,19,0.76,7.60%
/eml/dataset/coverage/taxonomicCoverage/taxonomicClassification/taxonomicClassification/taxonomicClassification/taxonRankName,2013_EML,1,1,0.00,0.40%
/eml/dataset/coverage/taxonomicCoverage/taxonomicClassification/taxonomicClassification/taxonomicClassification/taxonRankValue,2013_EML,1,1,0.00,0.40%
/eml/dataset/coverage/taxonomicCoverage/taxonomicClassification/taxonomicClassification/taxonomicClassification/taxonomicClassification/taxonRankName,2013_EML,1,1,0.00,0.40%
/eml/dataset/coverage/taxonomicCoverage/taxonomicClassification/taxonomicClassification/taxonomicClassification/taxonomicClassification/taxonRankValue,2013_EML,1,1,0.00,0.40%
/eml/dataset/coverage/taxonomicCoverage/taxonomicClassification/taxonomicClassification/taxonomicClassification/taxonomicClassification/taxonomicClassification/taxonRankName,2013_EML,1,1,0.00,0.40%
/eml/dataset/coverage/taxonomicCoverage/taxonomicClassification/taxonomicClassification/taxonomicClassification/taxonomicClassification/taxonomicClassification/taxonRankValue,2013_EML,1,1,0.00,0.40%
/eml/dataset/coverage/taxonomicCoverage/taxonomicClassification/taxonomicClassification/taxonomicClassification/taxonomicClassification/taxonomicClassification/taxonomicClassification/taxonRankName,2013_EML,1,1,0.00,0.40%
/eml/dataset/coverage/taxonomicCoverage/taxonomicClassification/taxonomicClassification/taxonomicClassification/taxonomicClassification/taxonomicClassification/taxonomicClassification/taxonRankValue,2013_EML,2,1,0.01,0.40%
/eml/dataset/coverage/taxonomicCoverage/taxonomicClassification/taxonomicClassification/taxonomicClassification/taxonomicClassification/taxonomicClassification/taxonomicClassification/taxonomicClassification/taxonRankName,2013_EML,2,1,0.01,0.40%
/eml/dataset/coverage/taxonomicCoverage/taxonomicClassification/taxonomicClassification/taxonomicClassification/taxonomicClassification/taxonomicClassification/taxonomicClassification/taxonomicClassification/taxonRankValue,2013_EML,6,1,0.02,0.40%
/eml/dataset/coverage/taxonomicCoverage/taxonomicClassification/taxonomicClassification/taxonomicClassification/taxonomicClassification/taxonomicClassification/taxonomicClassification/taxonomicClassification/taxonomicClassification/taxonRankName,2013_EML,2,1,0.01,0.40%
/eml/dataset/coverage/taxonomicCoverage/taxonomicClassification/taxonomicClassification/taxonomicClassification/taxonomicClassification/taxonomicClassification/taxonomicClassification/taxonomicClassification/taxonomicClassification/taxonRankValue,2013_EML,7,1,0.03,0.40%
/eml/dataset/coverage/taxonomicCoverage/taxonomicClassification/taxonomicClassification/taxonomicClassification/taxonomicClassification/taxonomicClassification/taxonomicClassification/taxonomicClassification/taxonomicClassification/taxonomicClassification/taxonRankName,2013_EML,3,1,0.01,0.40%
/eml/dataset/coverage/taxonomicCoverage/taxonomicClassification/taxonomicClassification/taxonomicClassification/taxonomicClassification/taxonomicClassification/taxonomicClassification/taxonomicClassification/taxonomicClassification/taxonomicClassification/taxonRankValue,2013_EML,6,1,0.02,0.40%
/eml/dataset/coverage/taxonomicCoverage/taxonomicClassification/taxonomicClassification/taxonomicClassification/taxonomicClassification/taxonomicClassification/taxonomicClassification/taxonomicClassification/taxonomicClassification/taxonomicClassification/taxonomicClassification/commonName,2013_EML,3,1,0.01,0.40%
/eml/dataset/coverage/taxonomicCoverage/taxonomicClassification/taxonomicClassification/taxonomicClassification/taxonomicClassification/taxonomicClassification/taxonomicClassification/taxonomicClassification/taxonomicClassification/taxonomicClassification/taxonomicClassification/taxonRankName,2013_EML,3,1,0.01,0.40%
/eml/dataset/coverage/taxonomicCoverage/taxonomicClassification/taxonomicClassification/taxonomicClassification/taxonomicClassification/taxonomicClassification/taxonomicClassification/taxonomicClassification/taxonomicClassification/taxonomicClassification/taxonomicClassification/taxonRankValue,2013_EML,6,1,0.02,0.40%
/eml/dataset/coverage/taxonomicCoverage/taxonomicClassification/taxonomicClassification/taxonomicClassification/taxonomicClassification/taxonomicClassification/taxonomicClassification/taxonomicClassification/taxonomicClassification/taxonomicClassification/taxonomicClassification/taxonomicClassification/commonName,2013_EML,2,1,0.01,0.40%
/eml/dataset/coverage/taxonomicCoverage/taxonomicClassification/taxonomicClassification/taxonomicClassification/taxonomicClassification/taxonomicClassification/taxonomicClassification/taxonomicClassification/taxonomicClassification/taxonomicClassification/taxonomicClassification/taxonomicClassification/taxonRankName,2013_EML,2,1,0.01,0.40%
/eml/dataset/coverage/taxonomicCoverage/taxonomicClassification/taxonomicClassification/taxonomicClassification/taxonomicClassification/taxonomicClassification/taxonomicClassification/taxonomicClassification/taxonomicClassification/taxonomicClassification/taxonomicClassification/taxonomicClassification/taxonRankValue,2013_EML,3,1,0.01,0.40%
/eml/dataset/coverage/taxonomicCoverage/taxonomicClassification/taxonomicClassification/taxonomicClassification/taxonomicClassification/taxonomicClassification/taxonomicClassification/taxonomicClassification/taxonomicClassification/taxonomicClassification/taxonomicClassification/taxonomicClassification/taxonomicClassification/commonName,2013_EML,1,1,0.00,0.40%
/eml/dataset/coverage/taxonomicCoverage/taxonomicClassification/taxonomicClassification/taxonomicClassification/taxonomicClassification/taxonomicClassification/taxonomicClassification/taxonomicClassification/taxonomicClassification/taxonomicClassification/taxonomicClassification/taxonomicClassification/taxonomicClassification/taxonRankName,2013_EML,1,1,0.00,0.40%
/eml/dataset/coverage/taxonomicCoverage/taxonomicClassification/taxonomicClassification/taxonomicClassification/taxonomicClassification/taxonomicClassification/taxonomicClassification/taxonomicClassification/taxonomicClassification/taxonomicClassification/taxonomicClassification/taxonomicClassification/taxonomicClassification/taxonRankValue,2013_EML,1,1,0.00,0.40%
/eml/dataset/coverage/temporalCoverage,2013_EML,247,247,0.99,98.80%
/eml/dataset/coverage/temporalCoverage/@id,2013_EML,2,2,0.01,0.80%
/eml/dataset/coverage/temporalCoverage/@scope,2013_EML,2,2,0.01,0.80%
/eml/dataset/coverage/temporalCoverage/rangeOfDates/beginDate/calendarDate,2013_EML,223,223,0.89,89.20%
/eml/dataset/coverage/temporalCoverage/rangeOfDates/endDate,2013_EML,223,223,0.89,89.20%
/eml/dataset/coverage/temporalCoverage/rangeOfDates/endDate/calendarDate,2013_EML,223,223,0.89,89.20%
/eml/dataset/coverage/temporalCoverage/singleDateTime/calendarDate,2013_EML,26,24,0.10,9.60%
/eml/dataset/creator,2013_EML,774,250,3.10,100.00%
/eml/dataset/creator/@id,2013_EML,199,129,0.80,51.60%
/eml/dataset/creator/@scope,2013_EML,4,3,0.02,1.20%
/eml/dataset/creator/@system,2013_EML,1,1,0.00,0.40%
/eml/dataset/creator/address/@scope,2013_EML,3,3,0.01,1.20%
/eml/dataset/creator/address/administrativeArea,2013_EML,294,238,1.18,95.20%
/eml/dataset/creator/address/city,2013_EML,302,240,1.21,96.00%
/eml/dataset/creator/address/country,2013_EML,238,230,0.95,92.00%
/eml/dataset/creator/address/deliveryPoint,2013_EML,692,240,2.77,96.00%
/eml/dataset/creator/address/postalCode,2013_EML,303,239,1.21,95.60%
/eml/dataset/creator/electronicMailAddress,2013_EML,354,112,1.42,44.80%
/eml/dataset/creator/individualName/givenName,2013_EML,355,227,1.42,90.80%
/eml/dataset/creator/individualName/salutation,2013_EML,49,48,0.20,19.20%
/eml/dataset/creator/individualName/surName,2013_EML,340,227,1.36,90.80%
/eml/dataset/creator/onlineUrl,2013_EML,107,81,0.43,32.40%
/eml/dataset/creator/organizationName,2013_EML,542,241,2.17,96.40%
/eml/dataset/creator/phone,2013_EML,230,82,0.92,32.80%
/eml/dataset/creator/phone/@phonetype,2013_EML,155,84,0.62,33.60%
/eml/dataset/creator/positionName,2013_EML,84,54,0.34,21.60%
/eml/dataset/creator/userId,2013_EML,7,4,0.03,1.60%
/eml/dataset/creator/userId/@directory,2013_EML,4,4,0.02,1.60%
/eml/dataset/dataTable/@id,2013_EML,31,12,0.12,4.80%
/eml/dataset/dataTable/attributeList,2013_EML,238,223,0.95,89.20%
/eml/dataset/dataTable/attributeList/attribute/@id,2013_EML,2895,192,11.58,76.80%
/eml/dataset/dataTable/attributeList/attribute/@scope,2013_EML,1,1,0.00,0.40%
/eml/dataset/dataTable/attributeList/attribute/attributeDefinition,2013_EML,2916,223,11.66,89.20%
/eml/dataset/dataTable/attributeList/attribute/attributeLabel,2013_EML,2554,200,10.22,80.00%
/eml/dataset/dataTable/attributeList/attribute/attributeName,2013_EML,3251,223,13.00,89.20%
/eml/dataset/dataTable/attributeList/attribute/measurementScale/dateTime/dateTimeDomain/bounds/maximum,2013_EML,65,58,0.26,23.20%
/eml/dataset/dataTable/attributeList/attribute/measurementScale/dateTime/dateTimeDomain/bounds/maximum/@exclusive,2013_EML,58,58,0.23,23.20%
/eml/dataset/dataTable/attributeList/attribute/measurementScale/dateTime/dateTimeDomain/bounds/minimum,2013_EML,69,62,0.28,24.80%
/eml/dataset/dataTable/attributeList/attribute/measurementScale/dateTime/dateTimeDomain/bounds/minimum/@exclusive,2013_EML,62,62,0.25,24.80%
/eml/dataset/dataTable/attributeList/attribute/measurementScale/dateTime/dateTimePrecision,2013_EML,66,66,0.26,26.40%
/eml/dataset/dataTable/attributeList/attribute/measurementScale/dateTime/formatString,2013_EML,249,194,1.00,77.60%
/eml/dataset/dataTable/attributeList/attribute/measurementScale/interval/numericDomain/bounds/maximum,2013_EML,56,13,0.22,5.20%
/eml/dataset/dataTable/attributeList/attribute/measurementScale/interval/numericDomain/bounds/maximum/@exclusive,2013_EML,13,13,0.05,5.20%
/eml/dataset/dataTable/attributeList/attribute/measurementScale/interval/numericDomain/bounds/minimum,2013_EML,48,13,0.19,5.20%
/eml/dataset/dataTable/attributeList/attribute/measurementScale/interval/numericDomain/bounds/minimum/@exclusive,2013_EML,13,13,0.05,5.20%
/eml/dataset/dataTable/attributeList/attribute/measurementScale/interval/numericDomain/numberType,2013_EML,69,56,0.28,22.40%
/eml/dataset/dataTable/attributeList/attribute/measurementScale/interval/precision,2013_EML,31,22,0.12,8.80%
/eml/dataset/dataTable/attributeList/attribute/measurementScale/interval/unit/customUnit,2013_EML,11,7,0.04,2.80%
/eml/dataset/dataTable/attributeList/attribute/measurementScale/interval/unit/standardUnit,2013_EML,84,54,0.34,21.60%
/eml/dataset/dataTable/attributeList/attribute/measurementScale/nominal/nonNumericDomain/enumeratedDomain/@enforced,2013_EML,1,1,0.00,0.40%
/eml/dataset/dataTable/attributeList/attribute/measurementScale/nominal/nonNumericDomain/enumeratedDomain/codeDefinition/code,2013_EML,246,38,0.98,15.20%
/eml/dataset/dataTable/attributeList/attribute/measurementScale/nominal/nonNumericDomain/enumeratedDomain/codeDefinition/definition,2013_EML,251,38,1.00,15.20%
/eml/dataset/dataTable/attributeList/attribute/measurementScale/nominal/nonNumericDomain/textDomain/definition,2013_EML,635,175,2.54,70.00%
/eml/dataset/dataTable/attributeList/attribute/measurementScale/nominal/nonNumericDomain/textDomain/pattern,2013_EML,2,2,0.01,0.80%
/eml/dataset/dataTable/attributeList/attribute/measurementScale/ordinal/nonNumericDomain/enumeratedDomain/codeDefinition/code,2013_EML,36,5,0.14,2.00%
/eml/dataset/dataTable/attributeList/attribute/measurementScale/ordinal/nonNumericDomain/enumeratedDomain/codeDefinition/definition,2013_EML,41,5,0.16,2.00%
/eml/dataset/dataTable/attributeList/attribute/measurementScale/ordinal/nonNumericDomain/textDomain/definition,2013_EML,97,56,0.39,22.40%
/eml/dataset/dataTable/attributeList/attribute/measurementScale/ratio/numericDomain/bounds/maximum,2013_EML,28,14,0.11,5.60%
/eml/dataset/dataTable/attributeList/attribute/measurementScale/ratio/numericDomain/bounds/maximum/@exclusive,2013_EML,14,14,0.06,5.60%
/eml/dataset/dataTable/attributeList/attribute/measurementScale/ratio/numericDomain/bounds/minimum,2013_EML,18,15,0.07,6.00%
/eml/dataset/dataTable/attributeList/attribute/measurementScale/ratio/numericDomain/bounds/minimum/@exclusive,2013_EML,15,15,0.06,6.00%
/eml/dataset/dataTable/attributeList/attribute/measurementScale/ratio/numericDomain/numberType,2013_EML,211,205,0.84,82.00%
/eml/dataset/dataTable/attributeList/attribute/measurementScale/ratio/precision,2013_EML,188,86,0.75,34.40%
/eml/dataset/dataTable/attributeList/attribute/measurementScale/ratio/unit/customUnit,2013_EML,275,128,1.10,51.20%
/eml/dataset/dataTable/attributeList/attribute/measurementScale/ratio/unit/standardUnit,2013_EML,326,157,1.30,62.80%
/eml/dataset/dataTable/attributeList/attribute/methods/methodStep/description/para,2013_EML,34,21,0.14,8.40%
/eml/dataset/dataTable/attributeList/attribute/missingValueCode/code,2013_EML,270,185,1.08,74.00%
/eml/dataset/dataTable/attributeList/attribute/missingValueCode/codeExplanation,2013_EML,203,185,0.81,74.00%
/eml/dataset/dataTable/attributeList/attribute/storageType,2013_EML,296,97,1.18,38.80%
/eml/dataset/dataTable/attributeList/attribute/storageType/@typeSystem,2013_EML,12,5,0.05,2.00%
/eml/dataset/dataTable/coverage/geographicCoverage/@scope,2013_EML,1,1,0.00,0.40%
/eml/dataset/dataTable/coverage/geographicCoverage/@system,2013_EML,1,1,0.00,0.40%
/eml/dataset/dataTable/coverage/geographicCoverage/boundingCoordinates/eastBoundingCoordinate,2013_EML,7,3,0.03,1.20%
/eml/dataset/dataTable/coverage/geographicCoverage/boundingCoordinates/northBoundingCoordinate,2013_EML,7,3,0.03,1.20%
/eml/dataset/dataTable/coverage/geographicCoverage/boundingCoordinates/southBoundingCoordinate,2013_EML,7,3,0.03,1.20%
/eml/dataset/dataTable/coverage/geographicCoverage/boundingCoordinates/westBoundingCoordinate,2013_EML,7,3,0.03,1.20%
/eml/dataset/dataTable/coverage/geographicCoverage/geographicDescription,2013_EML,7,3,0.03,1.20%
/eml/dataset/dataTable/coverage/geographicCoverage/references,2013_EML,3,1,0.01,0.40%
/eml/dataset/dataTable/coverage/temporalCoverage/rangeOfDates/beginDate/calendarDate,2013_EML,14,12,0.06,4.80%
/eml/dataset/dataTable/coverage/temporalCoverage/rangeOfDates/endDate/calendarDate,2013_EML,14,12,0.06,4.80%
/eml/dataset/dataTable/coverage/temporalCoverage/singleDateTime/calendarDate,2013_EML,4,2,0.02,0.80%
/eml/dataset/dataTable/entityDescription,2013_EML,470,216,1.88,86.40%
/eml/dataset/dataTable/entityName,2013_EML,243,223,0.97,89.20%
/eml/dataset/dataTable/methods/methodStep/description/para,2013_EML,4,4,0.02,1.60%
/eml/dataset/dataTable/methods/methodStep/software/abstract/para,2013_EML,4,4,0.02,1.60%
/eml/dataset/dataTable/methods/methodStep/software/associatedParty/address/administrativeArea,2013_EML,4,4,0.02,1.60%
/eml/dataset/dataTable/methods/methodStep/software/associatedParty/address/city,2013_EML,4,4,0.02,1.60%
/eml/dataset/dataTable/methods/methodStep/software/associatedParty/address/country,2013_EML,4,4,0.02,1.60%
/eml/dataset/dataTable/methods/methodStep/software/associatedParty/address/deliveryPoint,2013_EML,8,4,0.03,1.60%
/eml/dataset/dataTable/methods/methodStep/software/associatedParty/address/postalCode,2013_EML,4,4,0.02,1.60%
/eml/dataset/dataTable/methods/methodStep/software/associatedParty/electronicMailAddress,2013_EML,4,4,0.02,1.60%
/eml/dataset/dataTable/methods/methodStep/software/associatedParty/organizationName,2013_EML,4,4,0.02,1.60%
/eml/dataset/dataTable/methods/methodStep/software/associatedParty/role,2013_EML,4,4,0.02,1.60%
/eml/dataset/dataTable/methods/methodStep/software/creator/address/administrativeArea,2013_EML,4,4,0.02,1.60%
/eml/dataset/dataTable/methods/methodStep/software/creator/address/city,2013_EML,4,4,0.02,1.60%
/eml/dataset/dataTable/methods/methodStep/software/creator/address/country,2013_EML,4,4,0.02,1.60%
/eml/dataset/dataTable/methods/methodStep/software/creator/address/deliveryPoint,2013_EML,8,4,0.03,1.60%
/eml/dataset/dataTable/methods/methodStep/software/creator/address/postalCode,2013_EML,4,4,0.02,1.60%
/eml/dataset/dataTable/methods/methodStep/software/creator/electronicMailAddress,2013_EML,4,4,0.02,1.60%
/eml/dataset/dataTable/methods/methodStep/software/creator/individualName/givenName,2013_EML,8,4,0.03,1.60%
/eml/dataset/dataTable/methods/methodStep/software/creator/individualName/salutation,2013_EML,4,4,0.02,1.60%
/eml/dataset/dataTable/methods/methodStep/software/creator/individualName/surName,2013_EML,4,4,0.02,1.60%
/eml/dataset/dataTable/methods/methodStep/software/creator/onlineUrl,2013_EML,4,4,0.02,1.60%
/eml/dataset/dataTable/methods/methodStep/software/implementation/distribution/online/url,2013_EML,4,4,0.02,1.60%
/eml/dataset/dataTable/methods/methodStep/software/implementation/distribution/online/url/@function,2013_EML,4,4,0.02,1.60%
/eml/dataset/dataTable/methods/methodStep/software/implementation/operatingSystem,2013_EML,16,4,0.06,1.60%
/eml/dataset/dataTable/methods/methodStep/software/implementation/programmingLanguage,2013_EML,4,4,0.02,1.60%
/eml/dataset/dataTable/methods/methodStep/software/title,2013_EML,4,4,0.02,1.60%
/eml/dataset/dataTable/methods/methodStep/software/version,2013_EML,4,4,0.02,1.60%
/eml/dataset/dataTable/methods/methodStep/subStep/description/para,2013_EML,335,4,1.34,1.60%
/eml/dataset/dataTable/methods/qualityControl,2013_EML,4,4,0.02,1.60%
/eml/dataset/dataTable/methods/qualityControl/description/para,2013_EML,4,4,0.02,1.60%
/eml/dataset/dataTable/numberOfRecords,2013_EML,197,184,0.79,73.60%
/eml/dataset/dataTable/physical/@id,2013_EML,19,5,0.08,2.00%
/eml/dataset/dataTable/physical/@scope,2013_EML,2,2,0.01,0.80%
/eml/dataset/dataTable/physical/characterEncoding,2013_EML,74,74,0.30,29.60%
/eml/dataset/dataTable/physical/dataFormat,2013_EML,448,223,1.79,89.20%
/eml/dataset/dataTable/physical/dataFormat/textFormat/attributeOrientation,2013_EML,223,223,0.89,89.20%
/eml/dataset/dataTable/physical/dataFormat/textFormat/numFooterLines,2013_EML,29,29,0.12,11.60%
/eml/dataset/dataTable/physical/dataFormat/textFormat/numHeaderLines,2013_EML,224,223,0.90,89.20%
/eml/dataset/dataTable/physical/dataFormat/textFormat/numPhysicalLinesPerRecord,2013_EML,13,13,0.05,5.20%
/eml/dataset/dataTable/physical/dataFormat/textFormat/physicalLineDelimiter,2013_EML,7,7,0.03,2.80%
/eml/dataset/dataTable/physical/dataFormat/textFormat/recordDelimiter,2013_EML,223,223,0.89,89.20%
/eml/dataset/dataTable/physical/dataFormat/textFormat/simpleDelimited/collapseDelimiters,2013_EML,6,6,0.02,2.40%
/eml/dataset/dataTable/physical/dataFormat/textFormat/simpleDelimited/fieldDelimiter,2013_EML,223,223,0.89,89.20%
/eml/dataset/dataTable/physical/dataFormat/textFormat/simpleDelimited/literalCharacter,2013_EML,5,5,0.02,2.00%
/eml/dataset/dataTable/physical/dataFormat/textFormat/simpleDelimited/quoteCharacter,2013_EML,138,138,0.55,55.20%
/eml/dataset/dataTable/physical/distribution/@scope,2013_EML,2,2,0.01,0.80%
/eml/dataset/dataTable/physical/distribution/access/@authSystem,2013_EML,74,74,0.30,29.60%
/eml/dataset/dataTable/physical/distribution/access/@order,2013_EML,74,74,0.30,29.60%
/eml/dataset/dataTable/physical/distribution/access/@scope,2013_EML,73,73,0.29,29.20%
/eml/dataset/dataTable/physical/distribution/access/allow/permission,2013_EML,88,74,0.35,29.60%
/eml/dataset/dataTable/physical/distribution/access/allow/principal,2013_EML,145,74,0.58,29.60%
/eml/dataset/dataTable/physical/distribution/online/onlineDescription,2013_EML,13,13,0.05,5.20%
/eml/dataset/dataTable/physical/distribution/online/url,2013_EML,240,220,0.96,88.00%
/eml/dataset/dataTable/physical/distribution/online/url/@function,2013_EML,103,103,0.41,41.20%
/eml/dataset/dataTable/physical/encodingMethod,2013_EML,5,5,0.02,2.00%
/eml/dataset/dataTable/physical/objectName,2013_EML,243,223,0.97,89.20%
/eml/dataset/dataTable/physical/size,2013_EML,82,76,0.33,30.40%
/eml/dataset/dataTable/physical/size/@unit,2013_EML,76,76,0.30,30.40%
/eml/dataset/distribution,2013_EML,240,240,0.96,96.00%
/eml/dataset/distribution/@id,2013_EML,8,8,0.03,3.20%
/eml/dataset/distribution/@scope,2013_EML,1,1,0.00,0.40%
/eml/dataset/distribution/@system,2013_EML,1,1,0.00,0.40%
/eml/dataset/distribution/online/onlineDescription,2013_EML,1,1,0.00,0.40%
/eml/dataset/distribution/online/url,2013_EML,240,240,0.96,96.00%
/eml/dataset/distribution/online/url/@function,2013_EML,62,62,0.25,24.80%
/eml/dataset/intellectualRights,2013_EML,500,250,2.00,100.00%
/eml/dataset/intellectualRights/para,2013_EML,201,194,0.80,77.60%
/eml/dataset/intellectualRights/para/itemizedlist/listitem/para,2013_EML,352,114,1.41,45.60%
/eml/dataset/intellectualRights/para/itemizedlist/listitem/para/literalLayout,2013_EML,112,112,0.45,44.80%
/eml/dataset/intellectualRights/para/literalLayout,2013_EML,2,2,0.01,0.80%
/eml/dataset/intellectualRights/para/ulink,2013_EML,2,2,0.01,0.80%
/eml/dataset/intellectualRights/para/ulink/@url,2013_EML,2,2,0.01,0.80%
/eml/dataset/intellectualRights/section/para,2013_EML,421,41,1.68,16.40%
/eml/dataset/intellectualRights/section/para/itemizedlist/listitem/para,2013_EML,16,3,0.06,1.20%
/eml/dataset/intellectualRights/section/para/itemizedlist/listitem/para/literalLayout,2013_EML,8,2,0.03,0.80%
/eml/dataset/intellectualRights/section/para/literalLayout,2013_EML,12,12,0.05,4.80%
/eml/dataset/intellectualRights/section/section/para/literalLayout,2013_EML,1,1,0.00,0.40%
/eml/dataset/intellectualRights/section/section/title,2013_EML,1,1,0.00,0.40%
/eml/dataset/intellectualRights/section/title,2013_EML,62,47,0.25,18.80%
/eml/dataset/keywordSet/keyword,2013_EML,3076,250,12.30,100.00%
/eml/dataset/keywordSet/keyword/@keywordType,2013_EML,80,46,0.32,18.40%
/eml/dataset/keywordSet/keywordThesaurus,2013_EML,166,122,0.66,48.80%
/eml/dataset/language,2013_EML,21,21,0.08,8.40%
/eml/dataset/maintenance,2013_EML,214,214,0.86,85.60%
/eml/dataset/maintenance/changeHistory/changeDate,2013_EML,183,61,0.73,24.40%
/eml/dataset/maintenance/changeHistory/changeScope,2013_EML,61,61,0.24,24.40%
/eml/dataset/maintenance/changeHistory/comment,2013_EML,2,2,0.01,0.80%
/eml/dataset/maintenance/changeHistory/oldValue,2013_EML,61,61,0.24,24.40%
/eml/dataset/maintenance/description,2013_EML,1,1,0.00,0.40%
/eml/dataset/maintenance/description/para,2013_EML,409,198,1.64,79.20%
/eml/dataset/maintenance/description/para/literalLayout,2013_EML,7,7,0.03,2.80%
/eml/dataset/maintenance/description/section/para,2013_EML,7,7,0.03,2.80%
/eml/dataset/maintenance/description/section/title,2013_EML,7,7,0.03,2.80%
/eml/dataset/maintenance/maintenanceUpdateFrequency,2013_EML,4,4,0.02,1.60%
/eml/dataset/metadataProvider,2013_EML,221,220,0.88,88.00%
/eml/dataset/metadataProvider/address/administrativeArea,2013_EML,216,216,0.86,86.40%
/eml/dataset/metadataProvider/address/city,2013_EML,216,216,0.86,86.40%
/eml/dataset/metadataProvider/address/country,2013_EML,216,216,0.86,86.40%
/eml/dataset/metadataProvider/address/deliveryPoint,2013_EML,619,216,2.48,86.40%
/eml/dataset/metadataProvider/address/postalCode,2013_EML,216,216,0.86,86.40%
/eml/dataset/metadataProvider/electronicMailAddress,2013_EML,217,216,0.87,86.40%
/eml/dataset/metadataProvider/onlineUrl,2013_EML,208,207,0.83,82.80%
/eml/dataset/metadataProvider/organizationName,2013_EML,217,216,0.87,86.40%
/eml/dataset/metadataProvider/phone,2013_EML,221,210,0.88,84.00%
/eml/dataset/metadataProvider/phone/@phonetype,2013_EML,220,210,0.88,84.00%
/eml/dataset/metadataProvider/positionName,2013_EML,8,8,0.03,3.20%
/eml/dataset/metadataProvider/references,2013_EML,4,4,0.02,1.60%
/eml/dataset/methods,2013_EML,488,244,1.95,97.60%
/eml/dataset/methods/methodStep/citation/article/issue,2013_EML,3,2,0.01,0.80%
/eml/dataset/methods/methodStep/citation/article/journal,2013_EML,27,13,0.11,5.20%
/eml/dataset/methods/methodStep/citation/article/pageRange,2013_EML,37,13,0.15,5.20%
/eml/dataset/methods/methodStep/citation/article/volume,2013_EML,34,13,0.14,5.20%
/eml/dataset/methods/methodStep/citation/book/edition,2013_EML,2,2,0.01,0.80%
/eml/dataset/methods/methodStep/citation/book/publicationPlace,2013_EML,3,3,0.01,1.20%
/eml/dataset/methods/methodStep/citation/book/publisher/organizationName,2013_EML,3,3,0.01,1.20%
/eml/dataset/methods/methodStep/citation/book/totalPages,2013_EML,1,1,0.00,0.40%
/eml/dataset/methods/methodStep/citation/chapter/bookTitle,2013_EML,2,2,0.01,0.80%
/eml/dataset/methods/methodStep/citation/chapter/edition,2013_EML,2,2,0.01,0.80%
/eml/dataset/methods/methodStep/citation/chapter/editor/individualName/givenName,2013_EML,8,2,0.03,0.80%
/eml/dataset/methods/methodStep/citation/chapter/editor/individualName/surName,2013_EML,4,2,0.02,0.80%
/eml/dataset/methods/methodStep/citation/chapter/pageRange,2013_EML,2,2,0.01,0.80%
/eml/dataset/methods/methodStep/citation/chapter/publicationPlace,2013_EML,2,2,0.01,0.80%
/eml/dataset/methods/methodStep/citation/chapter/publisher/organizationName,2013_EML,2,2,0.01,0.80%
/eml/dataset/methods/methodStep/citation/creator/individualName/givenName,2013_EML,73,17,0.29,6.80%
/eml/dataset/methods/methodStep/citation/creator/individualName/surName,2013_EML,56,17,0.22,6.80%
/eml/dataset/methods/methodStep/citation/manuscript/institution/organizationName,2013_EML,1,1,0.00,0.40%
/eml/dataset/methods/methodStep/citation/manuscript/totalPages,2013_EML,1,1,0.00,0.40%
/eml/dataset/methods/methodStep/citation/pubDate,2013_EML,39,17,0.16,6.80%
/eml/dataset/methods/methodStep/citation/report/publicationPlace,2013_EML,1,1,0.00,0.40%
/eml/dataset/methods/methodStep/citation/report/publisher/organizationName,2013_EML,1,1,0.00,0.40%
/eml/dataset/methods/methodStep/citation/report/reportNumber,2013_EML,1,1,0.00,0.40%
/eml/dataset/methods/methodStep/citation/report/totalPages,2013_EML,1,1,0.00,0.40%
/eml/dataset/methods/methodStep/citation/title,2013_EML,44,17,0.18,6.80%
/eml/dataset/methods/methodStep/dataSource/alternateIdentifier,2013_EML,3,1,0.01,0.40%
/eml/dataset/methods/methodStep/dataSource/alternateIdentifier/@system,2013_EML,1,1,0.00,0.40%
/eml/dataset/methods/methodStep/dataSource/contact/references,2013_EML,1,1,0.00,0.40%
/eml/dataset/methods/methodStep/dataSource/creator/references,2013_EML,1,1,0.00,0.40%
/eml/dataset/methods/methodStep/dataSource/distribution/online/url,2013_EML,3,1,0.01,0.40%
/eml/dataset/methods/methodStep/dataSource/distribution/online/url/@function,2013_EML,1,1,0.00,0.40%
/eml/dataset/methods/methodStep/dataSource/title,2013_EML,3,1,0.01,0.40%
/eml/dataset/methods/methodStep/description,2013_EML,2,2,0.01,0.80%
/eml/dataset/methods/methodStep/description/para,2013_EML,325,81,1.30,32.40%
/eml/dataset/methods/methodStep/description/para/literalLayout,2013_EML,112,112,0.45,44.80%
/eml/dataset/methods/methodStep/description/para/orderedlist/listitem/para,2013_EML,10,2,0.04,0.80%
/eml/dataset/methods/methodStep/description/para/ulink,2013_EML,2,1,0.01,0.40%
/eml/dataset/methods/methodStep/description/para/ulink/@url,2013_EML,2,1,0.01,0.40%
/eml/dataset/methods/methodStep/description/section/para,2013_EML,80,38,0.32,15.20%
/eml/dataset/methods/methodStep/description/section/para/itemizedlist/listitem/para,2013_EML,3,1,0.01,0.40%
/eml/dataset/methods/methodStep/description/section/para/itemizedlist/listitem/para/ulink,2013_EML,6,1,0.02,0.40%
/eml/dataset/methods/methodStep/description/section/para/itemizedlist/listitem/para/ulink/@url,2013_EML,6,1,0.02,0.40%
/eml/dataset/methods/methodStep/description/section/para/literalLayout,2013_EML,19,11,0.08,4.40%
/eml/dataset/methods/methodStep/description/section/para/orderedlist/listitem/para,2013_EML,6,2,0.02,0.80%
/eml/dataset/methods/methodStep/description/section/para/orderedlist/listitem/para/ulink,2013_EML,6,2,0.02,0.80%
/eml/dataset/methods/methodStep/description/section/para/ulink,2013_EML,2,2,0.01,0.80%
/eml/dataset/methods/methodStep/description/section/para/ulink/@url,2013_EML,2,2,0.01,0.80%
/eml/dataset/methods/methodStep/description/section/section/para,2013_EML,6,2,0.02,0.80%
/eml/dataset/methods/methodStep/description/section/section/para/itemizedlist/listitem/para,2013_EML,32,2,0.13,0.80%
/eml/dataset/methods/methodStep/description/section/section/para/itemizedlist/listitem/para/literalLayout,2013_EML,2,2,0.01,0.80%
/eml/dataset/methods/methodStep/description/section/section/para/literalLayout,2013_EML,4,2,0.02,0.80%
/eml/dataset/methods/methodStep/description/section/section/title,2013_EML,10,2,0.04,0.80%
/eml/dataset/methods/methodStep/description/section/title,2013_EML,53,28,0.21,11.20%
/eml/dataset/methods/methodStep/instrumentation,2013_EML,229,65,0.92,26.00%
/eml/dataset/methods/methodStep/protocol/@id,2013_EML,2,1,0.01,0.40%
/eml/dataset/methods/methodStep/protocol/creator/individualName/surName,2013_EML,2,1,0.01,0.40%
/eml/dataset/methods/methodStep/protocol/creator/positionName,2013_EML,1,1,0.00,0.40%
/eml/dataset/methods/methodStep/protocol/creator/references,2013_EML,106,106,0.42,42.40%
/eml/dataset/methods/methodStep/protocol/distribution/online/url,2013_EML,38,35,0.15,14.00%
/eml/dataset/methods/methodStep/protocol/distribution/online/url/@function,2013_EML,1,1,0.00,0.40%
/eml/dataset/methods/methodStep/protocol/proceduralStep/description/para,2013_EML,3,3,0.01,1.20%
/eml/dataset/methods/methodStep/protocol/title,2013_EML,111,108,0.44,43.20%
/eml/dataset/methods/methodStep/software/abstract/para,2013_EML,1,1,0.00,0.40%
/eml/dataset/methods/methodStep/software/associatedParty/address/administrativeArea,2013_EML,1,1,0.00,0.40%
/eml/dataset/methods/methodStep/software/associatedParty/address/city,2013_EML,1,1,0.00,0.40%
/eml/dataset/methods/methodStep/software/associatedParty/address/country,2013_EML,1,1,0.00,0.40%
/eml/dataset/methods/methodStep/software/associatedParty/address/deliveryPoint,2013_EML,2,1,0.01,0.40%
/eml/dataset/methods/methodStep/software/associatedParty/address/postalCode,2013_EML,1,1,0.00,0.40%
/eml/dataset/methods/methodStep/software/associatedParty/electronicMailAddress,2013_EML,1,1,0.00,0.40%
/eml/dataset/methods/methodStep/software/associatedParty/organizationName,2013_EML,1,1,0.00,0.40%
/eml/dataset/methods/methodStep/software/associatedParty/role,2013_EML,1,1,0.00,0.40%
/eml/dataset/methods/methodStep/software/creator/address/administrativeArea,2013_EML,1,1,0.00,0.40%
/eml/dataset/methods/methodStep/software/creator/address/city,2013_EML,1,1,0.00,0.40%
/eml/dataset/methods/methodStep/software/creator/address/country,2013_EML,1,1,0.00,0.40%
/eml/dataset/methods/methodStep/software/creator/address/deliveryPoint,2013_EML,2,1,0.01,0.40%
/eml/dataset/methods/methodStep/software/creator/address/postalCode,2013_EML,1,1,0.00,0.40%
/eml/dataset/methods/methodStep/software/creator/electronicMailAddress,2013_EML,1,1,0.00,0.40%
/eml/dataset/methods/methodStep/software/creator/individualName/givenName,2013_EML,4,2,0.02,0.80%
/eml/dataset/methods/methodStep/software/creator/individualName/salutation,2013_EML,1,1,0.00,0.40%
/eml/dataset/methods/methodStep/software/creator/individualName/surName,2013_EML,3,2,0.01,0.80%
/eml/dataset/methods/methodStep/software/creator/onlineUrl,2013_EML,1,1,0.00,0.40%
/eml/dataset/methods/methodStep/software/implementation/distribution/online/url,2013_EML,4,2,0.02,0.80%
/eml/dataset/methods/methodStep/software/implementation/distribution/online/url/@function,2013_EML,1,1,0.00,0.40%
/eml/dataset/methods/methodStep/software/implementation/operatingSystem,2013_EML,4,1,0.02,0.40%
/eml/dataset/methods/methodStep/software/implementation/programmingLanguage,2013_EML,1,1,0.00,0.40%
/eml/dataset/methods/methodStep/software/title,2013_EML,4,2,0.02,0.80%
/eml/dataset/methods/methodStep/software/version,2013_EML,3,2,0.01,0.80%
/eml/dataset/methods/methodStep/subStep/description/para,2013_EML,1,1,0.00,0.40%
/eml/dataset/methods/qualityControl,2013_EML,69,69,0.28,27.60%
/eml/dataset/methods/qualityControl/description/para,2013_EML,56,56,0.22,22.40%
/eml/dataset/methods/qualityControl/description/para/literalLayout,2013_EML,6,6,0.02,2.40%
/eml/dataset/methods/sampling/samplingDescription/para,2013_EML,61,61,0.24,24.40%
/eml/dataset/methods/sampling/samplingDescription/section/para,2013_EML,15,10,0.06,4.00%
/eml/dataset/methods/sampling/samplingDescription/section/title,2013_EML,10,10,0.04,4.00%
/eml/dataset/methods/sampling/spatialSamplingUnits/coverage/boundingCoordinates/eastBoundingCoordinate,2013_EML,302,61,1.21,24.40%
/eml/dataset/methods/sampling/spatialSamplingUnits/coverage/boundingCoordinates/northBoundingCoordinate,2013_EML,312,61,1.25,24.40%
/eml/dataset/methods/sampling/spatialSamplingUnits/coverage/boundingCoordinates/southBoundingCoordinate,2013_EML,312,61,1.25,24.40%
/eml/dataset/methods/sampling/spatialSamplingUnits/coverage/boundingCoordinates/westBoundingCoordinate,2013_EML,302,61,1.21,24.40%
/eml/dataset/methods/sampling/spatialSamplingUnits/coverage/geographicDescription,2013_EML,366,61,1.46,24.40%
/eml/dataset/methods/sampling/spatialSamplingUnits/referencedEntityId,2013_EML,4,4,0.02,1.60%
/eml/dataset/methods/sampling/studyExtent/coverage/geographicCoverage/boundingCoordinates/eastBoundingCoordinate,2013_EML,13,4,0.05,1.60%
/eml/dataset/methods/sampling/studyExtent/coverage/geographicCoverage/boundingCoordinates/northBoundingCoordinate,2013_EML,13,4,0.05,1.60%
/eml/dataset/methods/sampling/studyExtent/coverage/geographicCoverage/boundingCoordinates/southBoundingCoordinate,2013_EML,13,4,0.05,1.60%
/eml/dataset/methods/sampling/studyExtent/coverage/geographicCoverage/boundingCoordinates/westBoundingCoordinate,2013_EML,13,4,0.05,1.60%
/eml/dataset/methods/sampling/studyExtent/coverage/geographicCoverage/geographicDescription,2013_EML,13,4,0.05,1.60%
/eml/dataset/methods/sampling/studyExtent/coverage/geographicCoverage/references,2013_EML,6,6,0.02,2.40%
/eml/dataset/methods/sampling/studyExtent/coverage/temporalCoverage/rangeOfDates/beginDate/calendarDate,2013_EML,10,10,0.04,4.00%
/eml/dataset/methods/sampling/studyExtent/coverage/temporalCoverage/rangeOfDates/endDate/calendarDate,2013_EML,10,10,0.04,4.00%
/eml/dataset/methods/sampling/studyExtent/description/para,2013_EML,61,61,0.24,24.40%
/eml/dataset/otherEntity/@id,2013_EML,10,9,0.04,3.60%
/eml/dataset/otherEntity/coverage/temporalCoverage/singleDateTime/calendarDate,2013_EML,2,2,0.01,0.80%
/eml/dataset/otherEntity/entityDescription,2013_EML,116,115,0.46,46.00%
/eml/dataset/otherEntity/entityName,2013_EML,116,115,0.46,46.00%
/eml/dataset/otherEntity/entityType,2013_EML,115,115,0.46,46.00%
/eml/dataset/otherEntity/physical/@scope,2013_EML,106,106,0.42,42.40%
/eml/dataset/otherEntity/physical/dataFormat/externallyDefinedFormat/formatName,2013_EML,115,115,0.46,46.00%
/eml/dataset/otherEntity/physical/distribution/@scope,2013_EML,106,106,0.42,42.40%
/eml/dataset/otherEntity/physical/distribution/access/@authSystem,2013_EML,4,4,0.02,1.60%
/eml/dataset/otherEntity/physical/distribution/access/@order,2013_EML,4,4,0.02,1.60%
/eml/dataset/otherEntity/physical/distribution/access/@scope,2013_EML,4,4,0.02,1.60%
/eml/dataset/otherEntity/physical/distribution/access/allow/permission,2013_EML,8,4,0.03,1.60%
/eml/dataset/otherEntity/physical/distribution/access/allow/principal,2013_EML,8,4,0.03,1.60%
/eml/dataset/otherEntity/physical/distribution/online/onlineDescription,2013_EML,2,2,0.01,0.80%
/eml/dataset/otherEntity/physical/distribution/online/url,2013_EML,116,115,0.46,46.00%
/eml/dataset/otherEntity/physical/distribution/online/url/@function,2013_EML,9,9,0.04,3.60%
/eml/dataset/otherEntity/physical/objectName,2013_EML,116,115,0.46,46.00%
/eml/dataset/otherEntity/physical/size,2013_EML,2,2,0.01,0.80%
/eml/dataset/otherEntity/physical/size/@unit,2013_EML,2,2,0.01,0.80%
/eml/dataset/project,2013_EML,424,212,1.70,84.80%
/eml/dataset/project/@id,2013_EML,128,64,0.51,25.60%
/eml/dataset/project/@scope,2013_EML,3,3,0.01,1.20%
/eml/dataset/project/@system,2013_EML,1,1,0.00,0.40%
/eml/dataset/project/abstract,2013_EML,2,2,0.01,0.80%
/eml/dataset/project/abstract/para,2013_EML,87,87,0.35,34.80%
/eml/dataset/project/abstract/para/literalLayout,2013_EML,119,119,0.48,47.60%
/eml/dataset/project/abstract/section/para,2013_EML,1,1,0.00,0.40%
/eml/dataset/project/abstract/section/para/emphasis,2013_EML,1,1,0.00,0.40%
/eml/dataset/project/designDescription/citation/book/ISBN,2013_EML,2,2,0.01,0.80%
/eml/dataset/project/designDescription/citation/book/edition,2013_EML,2,2,0.01,0.80%
/eml/dataset/project/designDescription/citation/book/publicationPlace,2013_EML,2,2,0.01,0.80%
/eml/dataset/project/designDescription/citation/book/publisher/address/administrativeArea,2013_EML,2,2,0.01,0.80%
/eml/dataset/project/designDescription/citation/book/publisher/address/city,2013_EML,2,2,0.01,0.80%
/eml/dataset/project/designDescription/citation/book/publisher/address/country,2013_EML,2,2,0.01,0.80%
/eml/dataset/project/designDescription/citation/book/publisher/address/deliveryPoint,2013_EML,2,2,0.01,0.80%
/eml/dataset/project/designDescription/citation/book/publisher/address/postalCode,2013_EML,2,2,0.01,0.80%
/eml/dataset/project/designDescription/citation/book/publisher/organizationName,2013_EML,2,2,0.01,0.80%
/eml/dataset/project/designDescription/citation/book/totalFigures,2013_EML,2,2,0.01,0.80%
/eml/dataset/project/designDescription/citation/book/totalPages,2013_EML,2,2,0.01,0.80%
/eml/dataset/project/designDescription/citation/book/totalTables,2013_EML,2,2,0.01,0.80%
/eml/dataset/project/designDescription/citation/creator/address/administrativeArea,2013_EML,2,2,0.01,0.80%
/eml/dataset/project/designDescription/citation/creator/address/city,2013_EML,2,2,0.01,0.80%
/eml/dataset/project/designDescription/citation/creator/address/country,2013_EML,2,2,0.01,0.80%
/eml/dataset/project/designDescription/citation/creator/address/deliveryPoint,2013_EML,2,2,0.01,0.80%
/eml/dataset/project/designDescription/citation/creator/address/postalCode,2013_EML,2,2,0.01,0.80%
/eml/dataset/project/designDescription/citation/creator/onlineUrl,2013_EML,2,2,0.01,0.80%
/eml/dataset/project/designDescription/citation/creator/organizationName,2013_EML,2,2,0.01,0.80%
/eml/dataset/project/designDescription/citation/distribution/online/onlineDescription,2013_EML,2,2,0.01,0.80%
/eml/dataset/project/designDescription/citation/distribution/online/url,2013_EML,2,2,0.01,0.80%
/eml/dataset/project/designDescription/citation/title,2013_EML,2,2,0.01,0.80%
/eml/dataset/project/designDescription/description,2013_EML,2,2,0.01,0.80%
/eml/dataset/project/funding,2013_EML,2,2,0.01,0.80%
/eml/dataset/project/funding/para,2013_EML,197,197,0.79,78.80%
/eml/dataset/project/funding/para/literalLayout,2013_EML,7,7,0.03,2.80%
/eml/dataset/project/funding/section/para,2013_EML,3,3,0.01,1.20%
/eml/dataset/project/personnel/@id,2013_EML,6,3,0.02,1.20%
/eml/dataset/project/personnel/@scope,2013_EML,3,3,0.01,1.20%
/eml/dataset/project/personnel/address/@scope,2013_EML,1,1,0.00,0.40%
/eml/dataset/project/personnel/address/administrativeArea,2013_EML,204,204,0.82,81.60%
/eml/dataset/project/personnel/address/city,2013_EML,205,204,0.82,81.60%
/eml/dataset/project/personnel/address/country,2013_EML,204,204,0.82,81.60%
/eml/dataset/project/personnel/address/deliveryPoint,2013_EML,914,204,3.66,81.60%
/eml/dataset/project/personnel/address/postalCode,2013_EML,208,204,0.83,81.60%
/eml/dataset/project/personnel/electronicMailAddress,2013_EML,422,204,1.69,81.60%
/eml/dataset/project/personnel/individualName/givenName,2013_EML,839,207,3.36,82.80%
/eml/dataset/project/personnel/individualName/salutation,2013_EML,10,10,0.04,4.00%
/eml/dataset/project/personnel/individualName/surName,2013_EML,843,207,3.37,82.80%
/eml/dataset/project/personnel/onlineUrl,2013_EML,1,1,0.00,0.40%
/eml/dataset/project/personnel/organizationName,2013_EML,122,76,0.49,30.40%
/eml/dataset/project/personnel/phone,2013_EML,606,201,2.42,80.40%
/eml/dataset/project/personnel/phone/@phonetype,2013_EML,270,201,1.08,80.40%
/eml/dataset/project/personnel/positionName,2013_EML,5,4,0.02,1.60%
/eml/dataset/project/personnel/role,2013_EML,432,212,1.73,84.80%
/eml/dataset/project/relatedProject/@id,2013_EML,113,55,0.45,22.00%
/eml/dataset/project/relatedProject/abstract/para,2013_EML,113,54,0.45,21.60%
/eml/dataset/project/relatedProject/funding/para,2013_EML,111,55,0.44,22.00%
/eml/dataset/project/relatedProject/personnel/address/administrativeArea,2013_EML,57,55,0.23,22.00%
/eml/dataset/project/relatedProject/personnel/address/city,2013_EML,59,55,0.24,22.00%
/eml/dataset/project/relatedProject/personnel/address/country,2013_EML,57,55,0.23,22.00%
/eml/dataset/project/relatedProject/personnel/address/deliveryPoint,2013_EML,706,55,2.82,22.00%
/eml/dataset/project/relatedProject/personnel/address/postalCode,2013_EML,114,55,0.46,22.00%
/eml/dataset/project/relatedProject/personnel/electronicMailAddress,2013_EML,281,55,1.12,22.00%
/eml/dataset/project/relatedProject/personnel/individualName/givenName,2013_EML,282,55,1.13,22.00%
/eml/dataset/project/relatedProject/personnel/individualName/surName,2013_EML,282,55,1.13,22.00%
/eml/dataset/project/relatedProject/personnel/organizationName,2013_EML,60,55,0.24,22.00%
/eml/dataset/project/relatedProject/personnel/phone,2013_EML,496,55,1.98,22.00%
/eml/dataset/project/relatedProject/personnel/phone/@phonetype,2013_EML,110,55,0.44,22.00%
/eml/dataset/project/relatedProject/personnel/positionName,2013_EML,4,2,0.02,0.80%
/eml/dataset/project/relatedProject/personnel/role,2013_EML,111,55,0.44,22.00%
/eml/dataset/project/relatedProject/studyAreaDescription/coverage/geographicCoverage/boundingCoordinates/eastBoundingCoordinate,2013_EML,69,55,0.28,22.00%
/eml/dataset/project/relatedProject/studyAreaDescription/coverage/geographicCoverage/boundingCoordinates/northBoundingCoordinate,2013_EML,58,55,0.23,22.00%
/eml/dataset/project/relatedProject/studyAreaDescription/coverage/geographicCoverage/boundingCoordinates/southBoundingCoordinate,2013_EML,69,55,0.28,22.00%
/eml/dataset/project/relatedProject/studyAreaDescription/coverage/geographicCoverage/boundingCoordinates/westBoundingCoordinate,2013_EML,60,55,0.24,22.00%
/eml/dataset/project/relatedProject/studyAreaDescription/coverage/geographicCoverage/geographicDescription,2013_EML,69,55,0.28,22.00%
/eml/dataset/project/relatedProject/studyAreaDescription/coverage/temporalCoverage/rangeOfDates/beginDate/calendarDate,2013_EML,114,55,0.46,22.00%
/eml/dataset/project/relatedProject/studyAreaDescription/coverage/temporalCoverage/rangeOfDates/endDate/calendarDate,2013_EML,114,55,0.46,22.00%
/eml/dataset/project/relatedProject/title,2013_EML,114,55,0.46,22.00%
/eml/dataset/project/studyAreaDescription/coverage/geographicCoverage/boundingCoordinates/boundingAltitudes/altitudeMaximum,2013_EML,131,131,0.52,52.40%
/eml/dataset/project/studyAreaDescription/coverage/geographicCoverage/boundingCoordinates/boundingAltitudes/altitudeMinimum,2013_EML,131,131,0.52,52.40%
/eml/dataset/project/studyAreaDescription/coverage/geographicCoverage/boundingCoordinates/boundingAltitudes/altitudeUnits,2013_EML,131,131,0.52,52.40%
/eml/dataset/project/studyAreaDescription/coverage/geographicCoverage/boundingCoordinates/eastBoundingCoordinate,2013_EML,192,192,0.77,76.80%
/eml/dataset/project/studyAreaDescription/coverage/geographicCoverage/boundingCoordinates/northBoundingCoordinate,2013_EML,192,192,0.77,76.80%
/eml/dataset/project/studyAreaDescription/coverage/geographicCoverage/boundingCoordinates/southBoundingCoordinate,2013_EML,192,192,0.77,76.80%
/eml/dataset/project/studyAreaDescription/coverage/geographicCoverage/boundingCoordinates/westBoundingCoordinate,2013_EML,192,192,0.77,76.80%
/eml/dataset/project/studyAreaDescription/coverage/geographicCoverage/geographicDescription,2013_EML,192,192,0.77,76.80%
/eml/dataset/project/studyAreaDescription/coverage/temporalCoverage/rangeOfDates/beginDate/calendarDate,2013_EML,61,61,0.24,24.40%
/eml/dataset/project/studyAreaDescription/coverage/temporalCoverage/rangeOfDates/endDate/calendarDate,2013_EML,61,61,0.24,24.40%
/eml/dataset/project/title,2013_EML,212,212,0.85,84.80%
/eml/dataset/pubDate,2013_EML,494,247,1.98,98.80%
/eml/dataset/pubPlace,2013_EML,26,26,0.10,10.40%
/eml/dataset/publisher,2013_EML,227,227,0.91,90.80%
/eml/dataset/publisher/@id,2013_EML,1,1,0.00,0.40%
/eml/dataset/publisher/@scope,2013_EML,1,1,0.00,0.40%
/eml/dataset/publisher/@system,2013_EML,1,1,0.00,0.40%
/eml/dataset/publisher/address/administrativeArea,2013_EML,215,215,0.86,86.00%
/eml/dataset/publisher/address/city,2013_EML,215,215,0.86,86.00%
/eml/dataset/publisher/address/country,2013_EML,215,215,0.86,86.00%
/eml/dataset/publisher/address/deliveryPoint,2013_EML,617,215,2.47,86.00%
/eml/dataset/publisher/address/postalCode,2013_EML,215,215,0.86,86.00%
/eml/dataset/publisher/electronicMailAddress,2013_EML,402,201,1.61,80.40%
/eml/dataset/publisher/onlineUrl,2013_EML,199,199,0.80,79.60%
/eml/dataset/publisher/organizationName,2013_EML,223,223,0.89,89.20%
/eml/dataset/publisher/phone,2013_EML,224,208,0.90,83.20%
/eml/dataset/publisher/phone/@phonetype,2013_EML,224,208,0.90,83.20%
/eml/dataset/publisher/references,2013_EML,4,4,0.02,1.60%
/eml/dataset/purpose,2013_EML,5,5,0.02,2.00%
/eml/dataset/purpose/para,2013_EML,4,4,0.02,1.60%
/eml/dataset/shortName,2013_EML,19,19,0.08,7.60%
/eml/dataset/spatialRaster/attributeList/attribute/@id,2013_EML,8,8,0.03,3.20%
/eml/dataset/spatialRaster/attributeList/attribute/attributeDefinition,2013_EML,29,18,0.12,7.20%
/eml/dataset/spatialRaster/attributeList/attribute/attributeName,2013_EML,29,18,0.12,7.20%
/eml/dataset/spatialRaster/attributeList/attribute/measurementScale/interval/numericDomain/numberType,2013_EML,1,1,0.00,0.40%
/eml/dataset/spatialRaster/attributeList/attribute/measurementScale/interval/unit/standardUnit,2013_EML,1,1,0.00,0.40%
/eml/dataset/spatialRaster/attributeList/attribute/measurementScale/nominal/nonNumericDomain/enumeratedDomain/codeDefinition/code,2013_EML,162,14,0.65,5.60%
/eml/dataset/spatialRaster/attributeList/attribute/measurementScale/nominal/nonNumericDomain/enumeratedDomain/codeDefinition/definition,2013_EML,162,14,0.65,5.60%
/eml/dataset/spatialRaster/attributeList/attribute/measurementScale/nominal/nonNumericDomain/textDomain/definition,2013_EML,14,14,0.06,5.60%
/eml/dataset/spatialRaster/attributeList/attribute/methods/methodStep/description,2013_EML,7,7,0.03,2.80%
/eml/dataset/spatialRaster/cellGeometry,2013_EML,18,18,0.07,7.20%
/eml/dataset/spatialRaster/cellSizeXDirection,2013_EML,18,18,0.07,7.20%
/eml/dataset/spatialRaster/cellSizeYDirection,2013_EML,18,18,0.07,7.20%
/eml/dataset/spatialRaster/columns,2013_EML,18,18,0.07,7.20%
/eml/dataset/spatialRaster/entityDescription,2013_EML,18,18,0.07,7.20%
/eml/dataset/spatialRaster/entityName,2013_EML,18,18,0.07,7.20%
/eml/dataset/spatialRaster/horizontalAccuracy/accuracyReport,2013_EML,18,18,0.07,7.20%
/eml/dataset/spatialRaster/methods/methodStep/description/para,2013_EML,2,2,0.01,0.80%
/eml/dataset/spatialRaster/methods/methodStep/description/para/literalLayout,2013_EML,2,2,0.01,0.80%
/eml/dataset/spatialRaster/numberOfBands,2013_EML,18,18,0.07,7.20%
/eml/dataset/spatialRaster/physical/dataFormat/externallyDefinedFormat/formatName,2013_EML,18,18,0.07,7.20%
/eml/dataset/spatialRaster/physical/distribution/online/url,2013_EML,18,18,0.07,7.20%
/eml/dataset/spatialRaster/physical/objectName,2013_EML,18,18,0.07,7.20%
/eml/dataset/spatialRaster/rasterOrigin,2013_EML,18,18,0.07,7.20%
/eml/dataset/spatialRaster/rows,2013_EML,18,18,0.07,7.20%
/eml/dataset/spatialRaster/spatialReference/horizCoordSysDef/@name,2013_EML,18,18,0.07,7.20%
/eml/dataset/spatialRaster/spatialReference/horizCoordSysDef/projCoordSys/geogCoordSys/datum/@name,2013_EML,18,18,0.07,7.20%
/eml/dataset/spatialRaster/spatialReference/horizCoordSysDef/projCoordSys/geogCoordSys/primeMeridian/@longitude,2013_EML,18,18,0.07,7.20%
/eml/dataset/spatialRaster/spatialReference/horizCoordSysDef/projCoordSys/geogCoordSys/primeMeridian/@name,2013_EML,18,18,0.07,7.20%
/eml/dataset/spatialRaster/spatialReference/horizCoordSysDef/projCoordSys/geogCoordSys/spheroid/@denomFlatRatio,2013_EML,18,18,0.07,7.20%
/eml/dataset/spatialRaster/spatialReference/horizCoordSysDef/projCoordSys/geogCoordSys/spheroid/@name,2013_EML,18,18,0.07,7.20%
/eml/dataset/spatialRaster/spatialReference/horizCoordSysDef/projCoordSys/geogCoordSys/spheroid/@semiAxisMajor,2013_EML,18,18,0.07,7.20%
/eml/dataset/spatialRaster/spatialReference/horizCoordSysDef/projCoordSys/geogCoordSys/unit/@name,2013_EML,18,18,0.07,7.20%
/eml/dataset/spatialRaster/spatialReference/horizCoordSysDef/projCoordSys/projection/@name,2013_EML,18,18,0.07,7.20%
/eml/dataset/spatialRaster/spatialReference/horizCoordSysDef/projCoordSys/projection/parameter/@description,2013_EML,72,18,0.29,7.20%
/eml/dataset/spatialRaster/spatialReference/horizCoordSysDef/projCoordSys/projection/parameter/@name,2013_EML,90,18,0.36,7.20%
/eml/dataset/spatialRaster/spatialReference/horizCoordSysDef/projCoordSys/projection/parameter/@value,2013_EML,90,18,0.36,7.20%
/eml/dataset/spatialRaster/spatialReference/horizCoordSysDef/projCoordSys/projection/unit/@name,2013_EML,18,18,0.07,7.20%
/eml/dataset/spatialRaster/verticalAccuracy/accuracyReport,2013_EML,18,18,0.07,7.20%
/eml/dataset/spatialRaster/verticals,2013_EML,18,18,0.07,7.20%
/eml/dataset/spatialVector/@id,2013_EML,2,2,0.01,0.80%
/eml/dataset/spatialVector/attributeList/@id,2013_EML,2,2,0.01,0.80%
/eml/dataset/spatialVector/attributeList/attribute/@id,2013_EML,12,2,0.05,0.80%
/eml/dataset/spatialVector/attributeList/attribute/attributeDefinition,2013_EML,13,3,0.05,1.20%
/eml/dataset/spatialVector/attributeList/attribute/attributeName,2013_EML,13,3,0.05,1.20%
/eml/dataset/spatialVector/attributeList/attribute/measurementScale/nominal/nonNumericDomain/enumeratedDomain/codeDefinition/code,2013_EML,14,1,0.06,0.40%
/eml/dataset/spatialVector/attributeList/attribute/measurementScale/nominal/nonNumericDomain/enumeratedDomain/codeDefinition/definition,2013_EML,13,1,0.05,0.40%
/eml/dataset/spatialVector/attributeList/attribute/measurementScale/nominal/nonNumericDomain/textDomain/definition,2013_EML,9,3,0.04,1.20%
/eml/dataset/spatialVector/attributeList/attribute/measurementScale/ratio/numericDomain/bounds/maximum,2013_EML,2,1,0.01,0.40%
/eml/dataset/spatialVector/attributeList/attribute/measurementScale/ratio/numericDomain/bounds/maximum/@exclusive,2013_EML,1,1,0.00,0.40%
/eml/dataset/spatialVector/attributeList/attribute/measurementScale/ratio/numericDomain/bounds/minimum,2013_EML,2,1,0.01,0.40%
/eml/dataset/spatialVector/attributeList/attribute/measurementScale/ratio/numericDomain/bounds/minimum/@exclusive,2013_EML,1,1,0.00,0.40%
/eml/dataset/spatialVector/attributeList/attribute/measurementScale/ratio/numericDomain/numberType,2013_EML,1,1,0.00,0.40%
/eml/dataset/spatialVector/attributeList/attribute/measurementScale/ratio/precision,2013_EML,1,1,0.00,0.40%
/eml/dataset/spatialVector/attributeList/attribute/measurementScale/ratio/unit/standardUnit,2013_EML,2,1,0.01,0.40%
/eml/dataset/spatialVector/attributeList/attribute/storageType,2013_EML,8,2,0.03,0.80%
/eml/dataset/spatialVector/attributeList/attribute/storageType/@typeSystem,2013_EML,4,2,0.02,0.80%
/eml/dataset/spatialVector/entityDescription,2013_EML,1,1,0.00,0.40%
/eml/dataset/spatialVector/entityName,2013_EML,3,3,0.01,1.20%
/eml/dataset/spatialVector/geometricObjectCount,2013_EML,3,3,0.01,1.20%
/eml/dataset/spatialVector/geometry,2013_EML,3,3,0.01,1.20%
/eml/dataset/spatialVector/physical/dataFormat/externallyDefinedFormat/formatName,2013_EML,3,3,0.01,1.20%
/eml/dataset/spatialVector/physical/distribution/online/url,2013_EML,3,3,0.01,1.20%
/eml/dataset/spatialVector/physical/objectName,2013_EML,3,3,0.01,1.20%
/eml/dataset/spatialVector/spatialReference/horizCoordSysDef/@name,2013_EML,1,1,0.00,0.40%
/eml/dataset/spatialVector/spatialReference/horizCoordSysDef/projCoordSys/geogCoordSys/datum/@name,2013_EML,1,1,0.00,0.40%
/eml/dataset/spatialVector/spatialReference/horizCoordSysDef/projCoordSys/geogCoordSys/primeMeridian/@longitude,2013_EML,1,1,0.00,0.40%
/eml/dataset/spatialVector/spatialReference/horizCoordSysDef/projCoordSys/geogCoordSys/primeMeridian/@name,2013_EML,1,1,0.00,0.40%
/eml/dataset/spatialVector/spatialReference/horizCoordSysDef/projCoordSys/geogCoordSys/spheroid/@denomFlatRatio,2013_EML,1,1,0.00,0.40%
/eml/dataset/spatialVector/spatialReference/horizCoordSysDef/projCoordSys/geogCoordSys/spheroid/@name,2013_EML,1,1,0.00,0.40%
/eml/dataset/spatialVector/spatialReference/horizCoordSysDef/projCoordSys/geogCoordSys/spheroid/@semiAxisMajor,2013_EML,1,1,0.00,0.40%
/eml/dataset/spatialVector/spatialReference/horizCoordSysDef/projCoordSys/geogCoordSys/unit/@name,2013_EML,1,1,0.00,0.40%
/eml/dataset/spatialVector/spatialReference/horizCoordSysDef/projCoordSys/projection/@name,2013_EML,1,1,0.00,0.40%
/eml/dataset/spatialVector/spatialReference/horizCoordSysDef/projCoordSys/projection/parameter/@description,2013_EML,4,1,0.02,0.40%
/eml/dataset/spatialVector/spatialReference/horizCoordSysDef/projCoordSys/projection/parameter/@name,2013_EML,5,1,0.02,0.40%
/eml/dataset/spatialVector/spatialReference/horizCoordSysDef/projCoordSys/projection/parameter/@value,2013_EML,5,1,0.02,0.40%
/eml/dataset/spatialVector/spatialReference/horizCoordSysDef/projCoordSys/projection/unit/@name,2013_EML,1,1,0.00,0.40%
/eml/dataset/spatialVector/spatialReference/horizCoordSysName,2013_EML,2,2,0.01,0.80%
/eml/dataset/title,2013_EML,500,250,2.00,100.00%
