Collection,Record,/eml:eml/@packageId,/eml:eml/@scope,/eml:eml/@system,/eml:eml/@xsi:schemaLocation,/eml:eml/access/@authSystem,/eml:eml/access/@order,/eml:eml/access/@scope,/eml:eml/access/@system,/eml:eml/access/allow/permission,/eml:eml/access/allow/principal,/eml:eml/additionalMetadata/metadata/stmml:unitList/stmml:unit/@abbreviation,/eml:eml/additionalMetadata/metadata/stmml:unitList/stmml:unit/@constantToSI,/eml:eml/additionalMetadata/metadata/stmml:unitList/stmml:unit/@id,/eml:eml/additionalMetadata/metadata/stmml:unitList/stmml:unit/@multiplierToSI,/eml:eml/additionalMetadata/metadata/stmml:unitList/stmml:unit/@name,/eml:eml/additionalMetadata/metadata/stmml:unitList/stmml:unit/@parentSI,/eml:eml/additionalMetadata/metadata/stmml:unitList/stmml:unit/@unitType,/eml:eml/additionalMetadata/metadata/stmml:unitList/stmml:unit/stmml:description,/eml:eml/additionalMetadata/metadata/unitList/unit/@abbreviation,/eml:eml/additionalMetadata/metadata/unitList/unit/@constantToSI,/eml:eml/additionalMetadata/metadata/unitList/unit/@id,/eml:eml/additionalMetadata/metadata/unitList/unit/@multiplierToSI,/eml:eml/additionalMetadata/metadata/unitList/unit/@name,/eml:eml/additionalMetadata/metadata/unitList/unit/@parentSI,/eml:eml/additionalMetadata/metadata/unitList/unit/@unitType,/eml:eml/additionalMetadata/metadata/unitList/unit/description,/eml:eml/dataset/@id,/eml:eml/dataset/abstract/para,/eml:eml/dataset/abstract/para/emphasis,/eml:eml/dataset/abstract/para/superscript,/eml:eml/dataset/abstract/para/ulink,/eml:eml/dataset/abstract/para/ulink/@url,/eml:eml/dataset/abstract/section/para,/eml:eml/dataset/alternateIdentifier,/eml:eml/dataset/alternateIdentifier/@system,/eml:eml/dataset/contact/@id,/eml:eml/dataset/contact/@scope,/eml:eml/dataset/contact/@system,/eml:eml/dataset/contact/address/@scope,/eml:eml/dataset/contact/address/administrativeArea,/eml:eml/dataset/contact/address/city,/eml:eml/dataset/contact/address/country,/eml:eml/dataset/contact/address/deliveryPoint,/eml:eml/dataset/contact/address/postalCode,/eml:eml/dataset/contact/electronicMailAddress,/eml:eml/dataset/contact/onlineUrl,/eml:eml/dataset/contact/phone,/eml:eml/dataset/contact/phone/@phonetype,/eml:eml/dataset/contact/positionName,/eml:eml/dataset/coverage/geographicCoverage/@id,/eml:eml/dataset/coverage/geographicCoverage/@scope,/eml:eml/dataset/coverage/geographicCoverage/@system,/eml:eml/dataset/coverage/geographicCoverage/boundingCoordinates/eastBoundingCoordinate,/eml:eml/dataset/coverage/geographicCoverage/boundingCoordinates/northBoundingCoordinate,/eml:eml/dataset/coverage/geographicCoverage/boundingCoordinates/southBoundingCoordinate,/eml:eml/dataset/coverage/geographicCoverage/boundingCoordinates/westBoundingCoordinate,/eml:eml/dataset/coverage/geographicCoverage/geographicDescription,/eml:eml/dataset/coverage/taxonomicCoverage/generalTaxonomicCoverage,/eml:eml/dataset/coverage/taxonomicCoverage/taxonomicClassification/taxonRankName,/eml:eml/dataset/coverage/taxonomicCoverage/taxonomicClassification/taxonRankValue,/eml:eml/dataset/coverage/taxonomicCoverage/taxonomicClassification/taxonomicClassification/taxonRankName,/eml:eml/dataset/coverage/taxonomicCoverage/taxonomicClassification/taxonomicClassification/taxonRankValue,/eml:eml/dataset/coverage/taxonomicCoverage/taxonomicClassification/taxonomicClassification/taxonomicClassification/taxonRankName,/eml:eml/dataset/coverage/taxonomicCoverage/taxonomicClassification/taxonomicClassification/taxonomicClassification/taxonRankValue,/eml:eml/dataset/coverage/taxonomicCoverage/taxonomicClassification/taxonomicClassification/taxonomicClassification/taxonomicClassification/taxonRankName,/eml:eml/dataset/coverage/taxonomicCoverage/taxonomicClassification/taxonomicClassification/taxonomicClassification/taxonomicClassification/taxonRankValue,/eml:eml/dataset/coverage/taxonomicCoverage/taxonomicClassification/taxonomicClassification/taxonomicClassification/taxonomicClassification/taxonomicClassification/taxonRankName,/eml:eml/dataset/coverage/taxonomicCoverage/taxonomicClassification/taxonomicClassification/taxonomicClassification/taxonomicClassification/taxonomicClassification/taxonRankValue,/eml:eml/dataset/coverage/taxonomicCoverage/taxonomicClassification/taxonomicClassification/taxonomicClassification/taxonomicClassification/taxonomicClassification/taxonomicClassification/taxonRankName,/eml:eml/dataset/coverage/taxonomicCoverage/taxonomicClassification/taxonomicClassification/taxonomicClassification/taxonomicClassification/taxonomicClassification/taxonomicClassification/taxonRankValue,/eml:eml/dataset/coverage/taxonomicCoverage/taxonomicClassification/taxonomicClassification/taxonomicClassification/taxonomicClassification/taxonomicClassification/taxonomicClassification/taxonomicClassification/taxonRankName,/eml:eml/dataset/coverage/taxonomicCoverage/taxonomicClassification/taxonomicClassification/taxonomicClassification/taxonomicClassification/taxonomicClassification/taxonomicClassification/taxonomicClassification/taxonRankValue,/eml:eml/dataset/coverage/taxonomicCoverage/taxonomicClassification/taxonomicClassification/taxonomicClassification/taxonomicClassification/taxonomicClassification/taxonomicClassification/taxonomicClassification/taxonomicClassification/taxonRankName,/eml:eml/dataset/coverage/taxonomicCoverage/taxonomicClassification/taxonomicClassification/taxonomicClassification/taxonomicClassification/taxonomicClassification/taxonomicClassification/taxonomicClassification/taxonomicClassification/taxonRankValue,/eml:eml/dataset/coverage/taxonomicCoverage/taxonomicSystem/classificationSystem/classificationSystemCitation/@scope,/eml:eml/dataset/coverage/taxonomicCoverage/taxonomicSystem/classificationSystem/classificationSystemCitation/book/publisher/@scope,/eml:eml/dataset/coverage/taxonomicCoverage/taxonomicSystem/classificationSystem/classificationSystemCitation/book/publisher/organizationName,/eml:eml/dataset/coverage/taxonomicCoverage/taxonomicSystem/classificationSystem/classificationSystemCitation/creator/@scope,/eml:eml/dataset/coverage/taxonomicCoverage/taxonomicSystem/classificationSystem/classificationSystemCitation/creator/individualName/surName,/eml:eml/dataset/coverage/taxonomicCoverage/taxonomicSystem/classificationSystem/classificationSystemCitation/title,/eml:eml/dataset/coverage/taxonomicCoverage/taxonomicSystem/classificationSystem/classificationSystemModifications,/eml:eml/dataset/coverage/taxonomicCoverage/taxonomicSystem/identifierName/@scope,/eml:eml/dataset/coverage/taxonomicCoverage/taxonomicSystem/identifierName/references,/eml:eml/dataset/coverage/taxonomicCoverage/taxonomicSystem/taxonomicProcedures,/eml:eml/dataset/coverage/temporalCoverage/rangeOfDates/beginDate/calendarDate,/eml:eml/dataset/coverage/temporalCoverage/rangeOfDates/endDate/calendarDate,/eml:eml/dataset/creator/@id,/eml:eml/dataset/creator/address/administrativeArea,/eml:eml/dataset/creator/address/city,/eml:eml/dataset/creator/address/country,/eml:eml/dataset/creator/address/deliveryPoint,/eml:eml/dataset/creator/address/postalCode,/eml:eml/dataset/creator/electronicMailAddress,/eml:eml/dataset/creator/individualName/givenName,/eml:eml/dataset/creator/individualName/surName,/eml:eml/dataset/creator/organizationName,/eml:eml/dataset/creator/phone,/eml:eml/dataset/creator/phone/@phonetype,/eml:eml/dataset/creator/userId,/eml:eml/dataset/creator/userId/@directory,/eml:eml/dataset/dataTable/@id,/eml:eml/dataset/dataTable/attributeList/attribute/@id,/eml:eml/dataset/dataTable/attributeList/attribute/attributeDefinition,/eml:eml/dataset/dataTable/attributeList/attribute/attributeLabel,/eml:eml/dataset/dataTable/attributeList/attribute/attributeName,/eml:eml/dataset/dataTable/attributeList/attribute/coverage/geographicCoverage/references,/eml:eml/dataset/dataTable/attributeList/attribute/measurementScale/dateTime/dateTimeDomain/bounds/maximum,/eml:eml/dataset/dataTable/attributeList/attribute/measurementScale/dateTime/dateTimeDomain/bounds/maximum/@exclusive,/eml:eml/dataset/dataTable/attributeList/attribute/measurementScale/dateTime/dateTimeDomain/bounds/minimum,/eml:eml/dataset/dataTable/attributeList/attribute/measurementScale/dateTime/dateTimeDomain/bounds/minimum/@exclusive,/eml:eml/dataset/dataTable/attributeList/attribute/measurementScale/dateTime/dateTimePrecision,/eml:eml/dataset/dataTable/attributeList/attribute/measurementScale/dateTime/formatString,/eml:eml/dataset/dataTable/attributeList/attribute/measurementScale/nominal/nonNumericDomain/enumeratedDomain/@enforced,/eml:eml/dataset/dataTable/attributeList/attribute/measurementScale/nominal/nonNumericDomain/enumeratedDomain/codeDefinition/code,/eml:eml/dataset/dataTable/attributeList/attribute/measurementScale/nominal/nonNumericDomain/enumeratedDomain/codeDefinition/definition,/eml:eml/dataset/dataTable/attributeList/attribute/measurementScale/nominal/nonNumericDomain/textDomain/definition,/eml:eml/dataset/dataTable/attributeList/attribute/measurementScale/ratio/numericDomain/bounds/maximum,/eml:eml/dataset/dataTable/attributeList/attribute/measurementScale/ratio/numericDomain/bounds/maximum/@exclusive,/eml:eml/dataset/dataTable/attributeList/attribute/measurementScale/ratio/numericDomain/bounds/minimum,/eml:eml/dataset/dataTable/attributeList/attribute/measurementScale/ratio/numericDomain/bounds/minimum/@exclusive,/eml:eml/dataset/dataTable/attributeList/attribute/measurementScale/ratio/numericDomain/numberType,/eml:eml/dataset/dataTable/attributeList/attribute/measurementScale/ratio/precision,/eml:eml/dataset/dataTable/attributeList/attribute/measurementScale/ratio/unit/customUnit,/eml:eml/dataset/dataTable/attributeList/attribute/measurementScale/ratio/unit/standardUnit,/eml:eml/dataset/dataTable/attributeList/attribute/missingValueCode/code,/eml:eml/dataset/dataTable/attributeList/attribute/missingValueCode/codeExplanation,/eml:eml/dataset/dataTable/attributeList/attribute/storageType,/eml:eml/dataset/dataTable/attributeList/attribute/storageType/@typeSystem,/eml:eml/dataset/dataTable/entityDescription,/eml:eml/dataset/dataTable/entityName,/eml:eml/dataset/dataTable/methods/methodStep/description/section/para,/eml:eml/dataset/dataTable/methods/methodStep/description/section/title,/eml:eml/dataset/dataTable/numberOfRecords,/eml:eml/dataset/dataTable/physical/authentication,/eml:eml/dataset/dataTable/physical/authentication/@method,/eml:eml/dataset/dataTable/physical/dataFormat/textFormat/attributeOrientation,/eml:eml/dataset/dataTable/physical/dataFormat/textFormat/numFooterLines,/eml:eml/dataset/dataTable/physical/dataFormat/textFormat/numHeaderLines,/eml:eml/dataset/dataTable/physical/dataFormat/textFormat/recordDelimiter,/eml:eml/dataset/dataTable/physical/dataFormat/textFormat/simpleDelimited/collapseDelimiters,/eml:eml/dataset/dataTable/physical/dataFormat/textFormat/simpleDelimited/fieldDelimiter,/eml:eml/dataset/dataTable/physical/dataFormat/textFormat/simpleDelimited/quoteCharacter,/eml:eml/dataset/dataTable/physical/distribution/access/@authSystem,/eml:eml/dataset/dataTable/physical/distribution/access/@order,/eml:eml/dataset/dataTable/physical/distribution/access/@system,/eml:eml/dataset/dataTable/physical/distribution/access/allow/permission,/eml:eml/dataset/dataTable/physical/distribution/access/allow/principal,/eml:eml/dataset/dataTable/physical/distribution/online/url,/eml:eml/dataset/dataTable/physical/distribution/online/url/@function,/eml:eml/dataset/dataTable/physical/objectName,/eml:eml/dataset/dataTable/physical/size,/eml:eml/dataset/dataTable/physical/size/@unit,/eml:eml/dataset/distribution/online/url,/eml:eml/dataset/distribution/online/url/@function,/eml:eml/dataset/intellectualRights/para/itemizedlist/listitem/para,/eml:eml/dataset/keywordSet/keyword,/eml:eml/dataset/keywordSet/keyword/@keywordType,/eml:eml/dataset/keywordSet/keywordThesaurus,/eml:eml/dataset/language,/eml:eml/dataset/methods/methodStep/description/para,/eml:eml/dataset/methods/methodStep/description/para/emphasis,/eml:eml/dataset/methods/methodStep/description/para/superscript,/eml:eml/dataset/methods/methodStep/description/para/ulink,/eml:eml/dataset/methods/methodStep/description/para/ulink/@url,/eml:eml/dataset/methods/methodStep/description/section/para,/eml:eml/dataset/methods/methodStep/description/section/para/ulink,/eml:eml/dataset/methods/methodStep/description/section/para/ulink/@url,/eml:eml/dataset/methods/methodStep/description/section/title,/eml:eml/dataset/methods/methodStep/protocol/@scope,/eml:eml/dataset/methods/methodStep/protocol/creator/@scope,/eml:eml/dataset/methods/methodStep/protocol/creator/individualName/surName,/eml:eml/dataset/methods/methodStep/protocol/creator/references,/eml:eml/dataset/methods/methodStep/protocol/distribution/@scope,/eml:eml/dataset/methods/methodStep/protocol/distribution/online/url,/eml:eml/dataset/methods/methodStep/protocol/distribution/online/url/@function,/eml:eml/dataset/methods/methodStep/protocol/title,/eml:eml/dataset/otherEntity/entityDescription,/eml:eml/dataset/otherEntity/entityName,/eml:eml/dataset/otherEntity/entityType,/eml:eml/dataset/otherEntity/physical/authentication,/eml:eml/dataset/otherEntity/physical/authentication/@method,/eml:eml/dataset/otherEntity/physical/dataFormat/externallyDefinedFormat/formatName,/eml:eml/dataset/otherEntity/physical/distribution/online/url,/eml:eml/dataset/otherEntity/physical/distribution/online/url/@function,/eml:eml/dataset/otherEntity/physical/objectName,/eml:eml/dataset/otherEntity/physical/size,/eml:eml/dataset/otherEntity/physical/size/@unit,/eml:eml/dataset/project/@id,/eml:eml/dataset/project/@scope,/eml:eml/dataset/project/@system,/eml:eml/dataset/project/abstract/section/para,/eml:eml/dataset/project/abstract/section/para/emphasis,/eml:eml/dataset/project/funding/section/para,/eml:eml/dataset/project/personnel/@scope,/eml:eml/dataset/project/personnel/address/@scope,/eml:eml/dataset/project/personnel/address/administrativeArea,/eml:eml/dataset/project/personnel/address/city,/eml:eml/dataset/project/personnel/address/country,/eml:eml/dataset/project/personnel/address/deliveryPoint,/eml:eml/dataset/project/personnel/address/postalCode,/eml:eml/dataset/project/personnel/electronicMailAddress,/eml:eml/dataset/project/personnel/individualName/givenName,/eml:eml/dataset/project/personnel/individualName/salutation,/eml:eml/dataset/project/personnel/individualName/surName,/eml:eml/dataset/project/personnel/phone,/eml:eml/dataset/project/personnel/phone/@phonetype,/eml:eml/dataset/project/personnel/role,/eml:eml/dataset/project/relatedProject/abstract/section/para,/eml:eml/dataset/project/relatedProject/abstract/section/para/emphasis,/eml:eml/dataset/project/relatedProject/funding/section/para,/eml:eml/dataset/project/relatedProject/personnel/address/administrativeArea,/eml:eml/dataset/project/relatedProject/personnel/address/city,/eml:eml/dataset/project/relatedProject/personnel/address/country,/eml:eml/dataset/project/relatedProject/personnel/address/deliveryPoint,/eml:eml/dataset/project/relatedProject/personnel/address/postalCode,/eml:eml/dataset/project/relatedProject/personnel/electronicMailAddress,/eml:eml/dataset/project/relatedProject/personnel/individualName/givenName,/eml:eml/dataset/project/relatedProject/personnel/individualName/salutation,/eml:eml/dataset/project/relatedProject/personnel/individualName/surName,/eml:eml/dataset/project/relatedProject/personnel/phone,/eml:eml/dataset/project/relatedProject/personnel/phone/@phonetype,/eml:eml/dataset/project/relatedProject/personnel/role,/eml:eml/dataset/project/relatedProject/title,/eml:eml/dataset/project/title,/eml:eml/dataset/pubDate,/eml:eml/dataset/publisher/@id,/eml:eml/dataset/publisher/@scope,/eml:eml/dataset/publisher/@system,/eml:eml/dataset/publisher/organizationName,/eml:eml/dataset/shortName,/eml:eml/dataset/title
2017,100.1.xml,1.0,1.0,1.0,1.0,1.0,1.0,0.0,1.0,2.0,2.0,6.0,0.0,10.0,9.0,10.0,3.0,8.0,10.0,0.0,0.0,0.0,0.0,0.0,0.0,0.0,0.0,1.0,2.0,0.0,0.0,1.0,1.0,0.0,2.0,1.0,0.0,0.0,0.0,0.0,1.0,1.0,1.0,2.0,1.0,1.0,1.0,1.0,1.0,1.0,2.0,0.0,0.0,2.0,2.0,2.0,2.0,2.0,0.0,1.0,1.0,1.0,1.0,0.0,0.0,0.0,0.0,0.0,0.0,0.0,0.0,0.0,0.0,0.0,0.0,0.0,0.0,0.0,0.0,0.0,0.0,0.0,0.0,0.0,0.0,1.0,1.0,2.0,2.0,2.0,2.0,4.0,2.0,2.0,2.0,1.0,1.0,0.0,0.0,0.0,0.0,4.0,33.0,33.0,33.0,33.0,0.0,0.0,0.0,0.0,0.0,8.0,8.0,1.0,2.0,2.0,10.0,0.0,0.0,0.0,0.0,14.0,14.0,14.0,0.0,3.0,3.0,31.0,33.0,4.0,4.0,5.0,4.0,4.0,0.0,0.0,4.0,0.0,4.0,4.0,4.0,4.0,4.0,4.0,4.0,4.0,8.0,8.0,4.0,4.0,4.0,4.0,4.0,1.0,1.0,8.0,7.0,7.0,2.0,1.0,0.0,0.0,0.0,0.0,0.0,1.0,1.0,1.0,0.0,0.0,0.0,0.0,0.0,0.0,0.0,0.0,0.0,0.0,0.0,0.0,0.0,0.0,0.0,0.0,0.0,0.0,0.0,0.0,0.0,0.0,0.0,1.0,1.0,1.0,0.0,0.0,4.0,4.0,4.0,8.0,4.0,4.0,4.0,4.0,4.0,4.0,4.0,4.0,0.0,0.0,0.0,0.0,0.0,0.0,0.0,0.0,0.0,0.0,0.0,0.0,0.0,0.0,0.0,0.0,1.0,1.0,0.0,0.0,0.0,1.0,1.0,1.0
2017,100.10.xml,1.0,1.0,1.0,1.0,1.0,1.0,0.0,1.0,2.0,2.0,6.0,0.0,10.0,9.0,10.0,3.0,8.0,10.0,0.0,0.0,0.0,0.0,0.0,0.0,0.0,0.0,1.0,2.0,0.0,0.0,1.0,1.0,0.0,2.0,1.0,0.0,0.0,0.0,0.0,1.0,1.0,1.0,2.0,1.0,1.0,1.0,1.0,1.0,1.0,2.0,0.0,0.0,2.0,2.0,2.0,2.0,2.0,0.0,1.0,1.0,1.0,1.0,0.0,0.0,0.0,0.0,0.0,0.0,0.0,0.0,0.0,0.0,0.0,0.0,0.0,0.0,0.0,0.0,0.0,0.0,0.0,0.0,0.0,0.0,1.0,1.0,2.0,2.0,2.0,2.0,4.0,2.0,2.0,2.0,1.0,1.0,0.0,0.0,0.0,0.0,4.0,33.0,33.0,33.0,33.0,0.0,0.0,0.0,0.0,0.0,8.0,8.0,1.0,2.0,2.0,10.0,0.0,0.0,0.0,0.0,14.0,14.0,14.0,0.0,3.0,3.0,31.0,33.0,4.0,4.0,5.0,4.0,4.0,0.0,0.0,4.0,0.0,4.0,4.0,4.0,4.0,4.0,4.0,4.0,4.0,8.0,8.0,4.0,4.0,4.0,4.0,4.0,1.0,1.0,8.0,7.0,7.0,2.0,1.0,0.0,0.0,0.0,0.0,0.0,1.0,1.0,1.0,0.0,0.0,0.0,0.0,0.0,0.0,0.0,0.0,0.0,0.0,0.0,0.0,0.0,0.0,0.0,0.0,0.0,0.0,0.0,0.0,0.0,0.0,0.0,1.0,1.0,1.0,0.0,0.0,4.0,4.0,4.0,8.0,4.0,4.0,4.0,4.0,4.0,4.0,4.0,4.0,0.0,0.0,0.0,0.0,0.0,0.0,0.0,0.0,0.0,0.0,0.0,0.0,0.0,0.0,0.0,0.0,1.0,1.0,0.0,0.0,0.0,1.0,1.0,1.0
2017,100.2.xml,1.0,1.0,1.0,1.0,1.0,1.0,0.0,1.0,2.0,2.0,6.0,0.0,10.0,9.0,10.0,3.0,8.0,10.0,0.0,0.0,0.0,0.0,0.0,0.0,0.0,0.0,1.0,2.0,0.0,0.0,1.0,1.0,0.0,2.0,1.0,0.0,0.0,0.0,0.0,1.0,1.0,1.0,2.0,1.0,1.0,1.0,1.0,1.0,1.0,2.0,0.0,0.0,2.0,2.0,2.0,2.0,2.0,0.0,1.0,1.0,1.0,1.0,0.0,0.0,0.0,0.0,0.0,0.0,0.0,0.0,0.0,0.0,0.0,0.0,0.0,0.0,0.0,0.0,0.0,0.0,0.0,0.0,0.0,0.0,1.0,1.0,2.0,2.0,2.0,2.0,4.0,2.0,2.0,2.0,1.0,1.0,0.0,0.0,0.0,0.0,4.0,33.0,33.0,33.0,33.0,0.0,0.0,0.0,0.0,0.0,8.0,8.0,1.0,2.0,2.0,10.0,0.0,0.0,0.0,0.0,14.0,14.0,14.0,0.0,3.0,3.0,31.0,33.0,4.0,4.0,5.0,4.0,4.0,0.0,0.0,4.0,0.0,4.0,4.0,4.0,4.0,4.0,4.0,4.0,4.0,8.0,8.0,4.0,4.0,4.0,4.0,4.0,1.0,1.0,8.0,7.0,7.0,2.0,1.0,0.0,0.0,0.0,0.0,0.0,1.0,1.0,1.0,0.0,0.0,0.0,0.0,0.0,0.0,0.0,0.0,0.0,0.0,0.0,0.0,0.0,0.0,0.0,0.0,0.0,0.0,0.0,0.0,0.0,0.0,0.0,1.0,1.0,1.0,0.0,0.0,4.0,4.0,4.0,8.0,4.0,4.0,4.0,4.0,4.0,4.0,4.0,4.0,0.0,0.0,0.0,0.0,0.0,0.0,0.0,0.0,0.0,0.0,0.0,0.0,0.0,0.0,0.0,0.0,1.0,1.0,0.0,0.0,0.0,1.0,1.0,1.0
2017,107.1.xml,1.0,1.0,1.0,1.0,1.0,1.0,0.0,1.0,2.0,2.0,2.0,1.0,3.0,2.0,3.0,0.0,3.0,3.0,0.0,0.0,0.0,0.0,0.0,0.0,0.0,0.0,1.0,0.0,0.0,0.0,0.0,0.0,3.0,2.0,1.0,0.0,0.0,0.0,0.0,1.0,1.0,1.0,2.0,1.0,1.0,1.0,1.0,1.0,1.0,3.0,2.0,2.0,3.0,3.0,3.0,3.0,3.0,0.0,0.0,0.0,0.0,0.0,0.0,0.0,0.0,0.0,0.0,0.0,0.0,0.0,0.0,0.0,0.0,0.0,0.0,0.0,0.0,0.0,0.0,0.0,0.0,0.0,0.0,0.0,1.0,1.0,1.0,3.0,3.0,3.0,6.0,3.0,3.0,3.0,2.0,1.0,4.0,4.0,0.0,0.0,1.0,18.0,18.0,18.0,18.0,0.0,1.0,1.0,1.0,1.0,4.0,4.0,2.0,5.0,5.0,7.0,0.0,0.0,0.0,0.0,5.0,5.0,5.0,0.0,15.0,15.0,18.0,18.0,1.0,1.0,0.0,0.0,1.0,1.0,1.0,1.0,1.0,1.0,1.0,1.0,1.0,1.0,1.0,1.0,1.0,2.0,2.0,1.0,1.0,1.0,1.0,1.0,1.0,1.0,8.0,15.0,15.0,1.0,1.0,1.0,0.0,0.0,1.0,1.0,0.0,0.0,0.0,0.0,0.0,0.0,1.0,0.0,0.0,1.0,1.0,1.0,0.0,0.0,0.0,0.0,0.0,0.0,0.0,0.0,0.0,0.0,0.0,0.0,0.0,0.0,3.0,0.0,1.0,0.0,0.0,2.0,2.0,2.0,4.0,2.0,2.0,3.0,0.0,2.0,4.0,4.0,2.0,1.0,1.0,1.0,4.0,4.0,4.0,8.0,4.0,4.0,4.0,4.0,4.0,4.0,4.0,4.0,1.0,1.0,1.0,0.0,0.0,0.0,1.0,1.0,1.0
2017,108.1.xml,1.0,0.0,1.0,1.0,1.0,1.0,1.0,1.0,3.0,3.0,0.0,0.0,0.0,0.0,0.0,0.0,0.0,0.0,2.0,0.0,4.0,3.0,4.0,2.0,4.0,3.0,0.0,1.0,1.0,0.0,0.0,0.0,0.0,2.0,1.0,1.0,1.0,1.0,1.0,1.0,1.0,1.0,2.0,1.0,1.0,1.0,1.0,1.0,1.0,0.0,0.0,0.0,1.0,1.0,1.0,1.0,1.0,0.0,0.0,0.0,0.0,0.0,0.0,0.0,0.0,0.0,0.0,0.0,0.0,0.0,0.0,0.0,0.0,0.0,0.0,0.0,0.0,0.0,0.0,0.0,0.0,0.0,0.0,0.0,1.0,1.0,0.0,1.0,1.0,1.0,1.0,1.0,5.0,4.0,4.0,1.0,0.0,0.0,2.0,2.0,0.0,0.0,11.0,11.0,11.0,0.0,0.0,0.0,0.0,0.0,0.0,1.0,0.0,8.0,8.0,1.0,0.0,0.0,0.0,0.0,6.0,6.0,1.0,5.0,0.0,0.0,11.0,0.0,2.0,2.0,0.0,0.0,2.0,2.0,2.0,2.0,0.0,2.0,2.0,0.0,2.0,0.0,0.0,0.0,0.0,0.0,0.0,2.0,2.0,2.0,2.0,2.0,1.0,1.0,8.0,17.0,0.0,6.0,1.0,1.0,2.0,0.0,0.0,0.0,0.0,0.0,0.0,0.0,0.0,0.0,1.0,0.0,0.0,1.0,1.0,1.0,0.0,0.0,0.0,0.0,0.0,0.0,0.0,0.0,0.0,0.0,0.0,1.0,1.0,1.0,1.0,1.0,1.0,5.0,5.0,5.0,5.0,5.0,10.0,5.0,5.0,5.0,5.0,5.0,5.0,5.0,5.0,0.0,0.0,0.0,0.0,0.0,0.0,0.0,0.0,0.0,0.0,0.0,0.0,0.0,0.0,0.0,0.0,1.0,1.0,1.0,1.0,1.0,1.0,1.0,1.0
2017,109.1.xml,1.0,0.0,1.0,1.0,1.0,1.0,1.0,1.0,4.0,4.0,0.0,0.0,0.0,0.0,0.0,0.0,0.0,0.0,5.0,0.0,6.0,5.0,6.0,3.0,6.0,6.0,0.0,2.0,1.0,0.0,1.0,1.0,0.0,2.0,1.0,1.0,1.0,1.0,1.0,1.0,1.0,1.0,2.0,1.0,1.0,1.0,1.0,1.0,1.0,0.0,0.0,0.0,2.0,2.0,2.0,2.0,2.0,0.0,0.0,0.0,0.0,0.0,0.0,0.0,0.0,0.0,0.0,0.0,0.0,0.0,0.0,0.0,0.0,0.0,0.0,0.0,0.0,0.0,0.0,0.0,0.0,0.0,0.0,0.0,1.0,1.0,0.0,1.0,1.0,1.0,1.0,1.0,6.0,5.0,5.0,1.0,0.0,0.0,5.0,5.0,0.0,0.0,21.0,21.0,21.0,0.0,0.0,0.0,0.0,0.0,0.0,1.0,0.0,0.0,0.0,5.0,0.0,0.0,0.0,0.0,15.0,15.0,12.0,3.0,10.0,10.0,21.0,0.0,2.0,2.0,0.0,0.0,2.0,2.0,2.0,2.0,0.0,2.0,2.0,0.0,2.0,0.0,0.0,0.0,0.0,0.0,0.0,2.0,2.0,2.0,2.0,2.0,1.0,1.0,8.0,16.0,0.0,5.0,1.0,1.0,0.0,1.0,0.0,0.0,0.0,0.0,0.0,0.0,0.0,0.0,1.0,0.0,0.0,1.0,1.0,1.0,0.0,0.0,0.0,0.0,0.0,0.0,0.0,0.0,0.0,0.0,0.0,1.0,1.0,1.0,1.0,1.0,1.0,5.0,5.0,5.0,5.0,5.0,10.0,5.0,5.0,5.0,5.0,5.0,5.0,5.0,5.0,0.0,0.0,0.0,0.0,0.0,0.0,0.0,0.0,0.0,0.0,0.0,0.0,0.0,0.0,0.0,0.0,1.0,1.0,0.0,0.0,0.0,1.0,1.0,1.0
2017,13.21.xml,1.0,0.0,1.0,1.0,1.0,1.0,1.0,1.0,4.0,4.0,0.0,0.0,0.0,0.0,0.0,0.0,0.0,0.0,1.0,1.0,1.0,1.0,1.0,1.0,1.0,1.0,0.0,2.0,0.0,0.0,0.0,0.0,0.0,2.0,1.0,1.0,1.0,1.0,1.0,1.0,1.0,1.0,2.0,1.0,1.0,1.0,1.0,1.0,1.0,0.0,0.0,0.0,11.0,11.0,11.0,11.0,11.0,0.0,0.0,0.0,0.0,0.0,0.0,0.0,0.0,0.0,0.0,0.0,0.0,0.0,0.0,0.0,0.0,0.0,0.0,0.0,0.0,0.0,0.0,0.0,0.0,0.0,0.0,0.0,1.0,1.0,0.0,1.0,1.0,1.0,1.0,1.0,2.0,1.0,1.0,1.0,0.0,0.0,1.0,1.0,0.0,0.0,5.0,5.0,5.0,0.0,0.0,0.0,0.0,0.0,0.0,2.0,0.0,11.0,11.0,1.0,1.0,1.0,1.0,1.0,1.0,1.0,0.0,1.0,5.0,5.0,5.0,0.0,1.0,1.0,0.0,0.0,1.0,1.0,1.0,1.0,0.0,1.0,1.0,0.0,1.0,0.0,0.0,0.0,0.0,0.0,0.0,1.0,1.0,1.0,1.0,1.0,1.0,1.0,8.0,18.0,0.0,5.0,1.0,2.0,0.0,0.0,0.0,0.0,0.0,0.0,0.0,0.0,0.0,0.0,1.0,0.0,0.0,1.0,1.0,1.0,0.0,0.0,0.0,0.0,0.0,0.0,0.0,0.0,0.0,0.0,0.0,1.0,1.0,1.0,1.0,1.0,1.0,5.0,5.0,5.0,5.0,5.0,10.0,5.0,5.0,5.0,5.0,5.0,5.0,5.0,5.0,0.0,0.0,0.0,0.0,0.0,0.0,0.0,0.0,0.0,0.0,0.0,0.0,0.0,0.0,0.0,0.0,1.0,1.0,0.0,0.0,0.0,1.0,1.0,1.0
2017,15.25.xml,1.0,0.0,1.0,1.0,1.0,1.0,1.0,1.0,4.0,4.0,0.0,0.0,0.0,0.0,0.0,0.0,0.0,0.0,1.0,0.0,1.0,1.0,1.0,0.0,1.0,1.0,0.0,1.0,0.0,0.0,0.0,0.0,0.0,2.0,1.0,1.0,1.0,1.0,1.0,1.0,1.0,1.0,2.0,1.0,1.0,1.0,1.0,1.0,1.0,0.0,0.0,0.0,11.0,11.0,11.0,11.0,11.0,0.0,0.0,0.0,0.0,0.0,0.0,0.0,0.0,0.0,0.0,0.0,0.0,0.0,0.0,0.0,0.0,0.0,0.0,0.0,0.0,0.0,0.0,0.0,0.0,0.0,0.0,0.0,1.0,1.0,0.0,1.0,1.0,1.0,1.0,1.0,2.0,1.0,1.0,1.0,0.0,0.0,1.0,1.0,0.0,0.0,23.0,23.0,23.0,0.0,1.0,1.0,1.0,1.0,0.0,3.0,0.0,23.0,23.0,15.0,1.0,1.0,1.0,1.0,1.0,1.0,1.0,0.0,21.0,21.0,23.0,0.0,1.0,1.0,0.0,0.0,1.0,1.0,1.0,1.0,0.0,1.0,1.0,0.0,1.0,0.0,0.0,0.0,0.0,0.0,0.0,1.0,1.0,1.0,1.0,1.0,1.0,1.0,8.0,27.0,0.0,6.0,1.0,2.0,0.0,0.0,0.0,0.0,0.0,0.0,0.0,0.0,0.0,0.0,1.0,0.0,0.0,1.0,1.0,1.0,0.0,0.0,0.0,0.0,0.0,0.0,0.0,0.0,0.0,0.0,0.0,1.0,1.0,1.0,1.0,1.0,1.0,5.0,5.0,5.0,5.0,5.0,10.0,5.0,5.0,5.0,5.0,5.0,5.0,5.0,5.0,0.0,0.0,0.0,0.0,0.0,0.0,0.0,0.0,0.0,0.0,0.0,0.0,0.0,0.0,0.0,0.0,1.0,1.0,0.0,0.0,0.0,1.0,1.0,1.0
2017,17.30.xml,1.0,0.0,1.0,1.0,1.0,1.0,1.0,1.0,4.0,4.0,0.0,0.0,0.0,0.0,0.0,0.0,0.0,0.0,3.0,1.0,4.0,3.0,4.0,2.0,4.0,4.0,0.0,1.0,0.0,0.0,0.0,0.0,0.0,2.0,1.0,1.0,1.0,1.0,1.0,1.0,1.0,1.0,2.0,1.0,1.0,1.0,1.0,1.0,1.0,0.0,0.0,0.0,11.0,11.0,11.0,11.0,11.0,0.0,0.0,0.0,0.0,0.0,0.0,0.0,0.0,0.0,0.0,0.0,0.0,0.0,0.0,0.0,0.0,0.0,0.0,0.0,0.0,0.0,0.0,0.0,0.0,0.0,0.0,0.0,1.0,1.0,0.0,1.0,1.0,1.0,1.0,1.0,2.0,1.0,1.0,1.0,0.0,0.0,1.0,1.0,0.0,0.0,30.0,30.0,30.0,0.0,0.0,0.0,0.0,0.0,0.0,3.0,0.0,13.0,13.0,21.0,1.0,1.0,1.0,1.0,4.0,4.0,1.0,3.0,30.0,30.0,30.0,0.0,1.0,1.0,0.0,0.0,1.0,1.0,1.0,1.0,0.0,1.0,1.0,0.0,1.0,0.0,0.0,0.0,0.0,0.0,0.0,1.0,1.0,1.0,1.0,1.0,1.0,1.0,8.0,22.0,0.0,6.0,1.0,2.0,0.0,0.0,0.0,0.0,0.0,0.0,0.0,0.0,0.0,0.0,1.0,0.0,0.0,1.0,1.0,1.0,0.0,0.0,0.0,0.0,0.0,0.0,0.0,0.0,0.0,0.0,0.0,1.0,1.0,1.0,1.0,1.0,1.0,5.0,5.0,5.0,5.0,5.0,10.0,5.0,5.0,5.0,5.0,5.0,5.0,5.0,5.0,0.0,0.0,0.0,0.0,0.0,0.0,0.0,0.0,0.0,0.0,0.0,0.0,0.0,0.0,0.0,0.0,1.0,1.0,0.0,0.0,0.0,1.0,1.0,1.0
2017,18.20.xml,1.0,0.0,1.0,1.0,1.0,1.0,1.0,1.0,4.0,4.0,0.0,0.0,0.0,0.0,0.0,0.0,0.0,0.0,2.0,1.0,3.0,2.0,3.0,2.0,3.0,3.0,0.0,1.0,1.0,0.0,0.0,0.0,0.0,2.0,1.0,1.0,1.0,1.0,1.0,1.0,1.0,1.0,2.0,1.0,1.0,1.0,1.0,1.0,1.0,0.0,0.0,0.0,11.0,11.0,11.0,11.0,11.0,0.0,0.0,0.0,0.0,0.0,0.0,0.0,0.0,0.0,0.0,0.0,0.0,0.0,0.0,0.0,0.0,0.0,0.0,0.0,0.0,0.0,0.0,0.0,0.0,0.0,0.0,0.0,1.0,1.0,0.0,1.0,1.0,1.0,1.0,1.0,2.0,1.0,1.0,1.0,0.0,0.0,1.0,1.0,0.0,0.0,12.0,12.0,12.0,0.0,1.0,1.0,1.0,1.0,0.0,3.0,0.0,49.0,49.0,2.0,2.0,2.0,2.0,2.0,3.0,3.0,1.0,2.0,11.0,11.0,12.0,0.0,1.0,1.0,0.0,0.0,1.0,1.0,1.0,1.0,0.0,1.0,1.0,0.0,1.0,0.0,0.0,0.0,0.0,0.0,0.0,1.0,1.0,1.0,1.0,1.0,1.0,1.0,8.0,25.0,0.0,5.0,1.0,2.0,0.0,0.0,0.0,0.0,0.0,0.0,0.0,0.0,0.0,0.0,1.0,0.0,0.0,1.0,1.0,1.0,0.0,0.0,0.0,0.0,0.0,0.0,0.0,0.0,0.0,0.0,0.0,1.0,1.0,1.0,1.0,1.0,1.0,5.0,5.0,5.0,5.0,5.0,10.0,5.0,5.0,5.0,5.0,5.0,5.0,5.0,5.0,0.0,0.0,0.0,0.0,0.0,0.0,0.0,0.0,0.0,0.0,0.0,0.0,0.0,0.0,0.0,0.0,1.0,1.0,0.0,0.0,0.0,1.0,1.0,1.0
2017,19.23.xml,1.0,0.0,1.0,1.0,1.0,1.0,1.0,1.0,4.0,4.0,0.0,0.0,0.0,0.0,0.0,0.0,0.0,0.0,2.0,1.0,3.0,2.0,3.0,2.0,3.0,3.0,0.0,1.0,0.0,0.0,0.0,0.0,0.0,2.0,1.0,1.0,1.0,1.0,1.0,1.0,1.0,1.0,2.0,1.0,1.0,1.0,1.0,1.0,1.0,0.0,0.0,0.0,11.0,11.0,11.0,11.0,11.0,0.0,0.0,0.0,0.0,0.0,0.0,0.0,0.0,0.0,0.0,0.0,0.0,0.0,0.0,0.0,0.0,0.0,0.0,0.0,0.0,0.0,0.0,0.0,0.0,0.0,0.0,0.0,1.0,1.0,0.0,1.0,1.0,1.0,1.0,1.0,2.0,1.0,1.0,1.0,0.0,0.0,1.0,1.0,0.0,0.0,28.0,28.0,28.0,0.0,1.0,1.0,1.0,1.0,0.0,3.0,0.0,49.0,49.0,18.0,0.0,0.0,0.0,0.0,3.0,3.0,1.0,2.0,28.0,28.0,28.0,0.0,1.0,1.0,0.0,0.0,1.0,1.0,1.0,1.0,0.0,1.0,1.0,0.0,1.0,0.0,0.0,0.0,0.0,0.0,0.0,1.0,1.0,1.0,1.0,1.0,1.0,1.0,8.0,26.0,0.0,6.0,1.0,2.0,0.0,0.0,0.0,0.0,0.0,0.0,0.0,0.0,0.0,0.0,1.0,0.0,0.0,1.0,1.0,1.0,0.0,0.0,0.0,0.0,0.0,0.0,0.0,0.0,0.0,0.0,0.0,1.0,1.0,1.0,1.0,1.0,1.0,5.0,5.0,5.0,5.0,5.0,10.0,5.0,5.0,5.0,5.0,5.0,5.0,5.0,5.0,0.0,0.0,0.0,0.0,0.0,0.0,0.0,0.0,0.0,0.0,0.0,0.0,0.0,0.0,0.0,0.0,1.0,1.0,0.0,0.0,0.0,1.0,1.0,1.0
2017,21.17.xml,1.0,1.0,1.0,1.0,1.0,1.0,0.0,1.0,2.0,2.0,3.0,1.0,5.0,2.0,5.0,3.0,5.0,5.0,0.0,0.0,0.0,0.0,0.0,0.0,0.0,0.0,1.0,2.0,0.0,0.0,1.0,1.0,0.0,2.0,1.0,0.0,0.0,0.0,0.0,1.0,1.0,1.0,2.0,1.0,1.0,1.0,1.0,1.0,1.0,3.0,0.0,0.0,3.0,3.0,3.0,3.0,3.0,1.0,1.0,1.0,1.0,1.0,1.0,1.0,1.0,1.0,1.0,1.0,1.0,1.0,1.0,1.0,1.0,1.0,1.0,1.0,1.0,1.0,1.0,1.0,1.0,1.0,1.0,1.0,1.0,1.0,6.0,5.0,5.0,5.0,12.0,5.0,6.0,9.0,5.0,1.0,7.0,7.0,0.0,0.0,3.0,42.0,42.0,42.0,42.0,9.0,0.0,0.0,0.0,0.0,3.0,3.0,3.0,9.0,9.0,2.0,34.0,34.0,34.0,34.0,34.0,34.0,34.0,0.0,42.0,42.0,42.0,42.0,3.0,3.0,0.0,0.0,3.0,0.0,0.0,3.0,0.0,3.0,3.0,3.0,3.0,0.0,3.0,3.0,3.0,6.0,6.0,3.0,3.0,3.0,3.0,3.0,1.0,1.0,8.0,35.0,35.0,8.0,1.0,0.0,0.0,0.0,0.0,0.0,1.0,1.0,1.0,0.0,1.0,5.0,0.0,5.0,1.0,1.0,1.0,1.0,0.0,0.0,0.0,0.0,0.0,0.0,0.0,0.0,0.0,0.0,0.0,0.0,0.0,0.0,1.0,1.0,1.0,0.0,0.0,4.0,4.0,4.0,8.0,4.0,4.0,4.0,4.0,4.0,4.0,4.0,4.0,0.0,0.0,0.0,0.0,0.0,0.0,0.0,0.0,0.0,0.0,0.0,0.0,0.0,0.0,0.0,0.0,1.0,1.0,0.0,0.0,0.0,1.0,1.0,1.0
2017,24.17.xml,1.0,0.0,1.0,1.0,1.0,1.0,1.0,1.0,4.0,4.0,0.0,0.0,0.0,0.0,0.0,0.0,0.0,0.0,4.0,0.0,5.0,3.0,5.0,2.0,5.0,4.0,0.0,1.0,0.0,0.0,0.0,0.0,0.0,2.0,1.0,1.0,1.0,1.0,1.0,1.0,1.0,1.0,2.0,1.0,1.0,1.0,1.0,1.0,1.0,0.0,0.0,0.0,3.0,3.0,3.0,3.0,3.0,0.0,0.0,0.0,0.0,0.0,0.0,0.0,0.0,0.0,0.0,0.0,0.0,0.0,0.0,0.0,0.0,0.0,0.0,0.0,0.0,0.0,0.0,0.0,0.0,0.0,0.0,0.0,1.0,1.0,0.0,1.0,1.0,1.0,1.0,1.0,2.0,1.0,1.0,1.0,0.0,0.0,1.0,1.0,0.0,0.0,16.0,16.0,16.0,0.0,0.0,0.0,0.0,0.0,0.0,3.0,0.0,5.0,5.0,2.0,0.0,0.0,0.0,0.0,9.0,9.0,4.0,5.0,13.0,13.0,16.0,0.0,1.0,1.0,0.0,0.0,1.0,1.0,1.0,1.0,0.0,1.0,1.0,0.0,1.0,0.0,0.0,0.0,0.0,0.0,0.0,1.0,1.0,1.0,1.0,1.0,1.0,1.0,8.0,23.0,0.0,4.0,1.0,2.0,0.0,0.0,0.0,0.0,0.0,0.0,0.0,0.0,0.0,0.0,1.0,0.0,0.0,1.0,1.0,1.0,0.0,0.0,0.0,0.0,0.0,0.0,0.0,0.0,0.0,0.0,0.0,1.0,1.0,1.0,1.0,1.0,1.0,5.0,5.0,5.0,5.0,5.0,10.0,5.0,5.0,5.0,5.0,5.0,5.0,5.0,5.0,0.0,0.0,0.0,0.0,0.0,0.0,0.0,0.0,0.0,0.0,0.0,0.0,0.0,0.0,0.0,0.0,1.0,1.0,0.0,0.0,0.0,1.0,1.0,1.0
2017,25.18.xml,1.0,0.0,1.0,1.0,1.0,1.0,1.0,1.0,4.0,4.0,0.0,0.0,0.0,0.0,0.0,0.0,0.0,0.0,2.0,1.0,2.0,2.0,2.0,2.0,2.0,2.0,0.0,5.0,3.0,6.0,0.0,0.0,0.0,2.0,1.0,1.0,1.0,1.0,1.0,1.0,1.0,1.0,2.0,1.0,1.0,1.0,1.0,1.0,1.0,0.0,0.0,0.0,5.0,5.0,5.0,5.0,5.0,0.0,0.0,0.0,0.0,0.0,0.0,0.0,0.0,0.0,0.0,0.0,0.0,0.0,0.0,0.0,0.0,0.0,0.0,0.0,0.0,0.0,0.0,0.0,0.0,0.0,0.0,0.0,1.0,1.0,0.0,1.0,1.0,1.0,1.0,1.0,2.0,1.0,1.0,1.0,0.0,0.0,1.0,1.0,0.0,0.0,28.0,28.0,28.0,0.0,0.0,0.0,0.0,0.0,0.0,3.0,0.0,10.0,10.0,20.0,0.0,0.0,0.0,0.0,2.0,2.0,1.0,1.0,0.0,0.0,28.0,0.0,1.0,1.0,0.0,0.0,1.0,1.0,1.0,1.0,0.0,1.0,1.0,0.0,1.0,0.0,0.0,0.0,0.0,0.0,0.0,1.0,1.0,1.0,1.0,1.0,1.0,1.0,8.0,30.0,0.0,6.0,1.0,1.0,0.0,0.0,0.0,0.0,0.0,0.0,0.0,0.0,0.0,0.0,1.0,0.0,0.0,1.0,1.0,1.0,0.0,0.0,0.0,0.0,0.0,0.0,0.0,0.0,0.0,0.0,0.0,1.0,1.0,1.0,1.0,1.0,1.0,5.0,5.0,5.0,5.0,5.0,10.0,5.0,5.0,5.0,5.0,5.0,5.0,5.0,5.0,0.0,0.0,0.0,0.0,0.0,0.0,0.0,0.0,0.0,0.0,0.0,0.0,0.0,0.0,0.0,0.0,1.0,1.0,0.0,0.0,0.0,1.0,1.0,1.0
2017,26.16.xml,1.0,0.0,1.0,1.0,1.0,1.0,1.0,1.0,4.0,4.0,0.0,0.0,0.0,0.0,0.0,0.0,0.0,0.0,1.0,0.0,2.0,1.0,2.0,1.0,2.0,2.0,0.0,5.0,3.0,4.0,0.0,0.0,0.0,2.0,1.0,1.0,1.0,1.0,1.0,1.0,1.0,1.0,2.0,1.0,1.0,1.0,1.0,1.0,1.0,0.0,0.0,0.0,5.0,5.0,5.0,5.0,5.0,0.0,0.0,0.0,0.0,0.0,0.0,0.0,0.0,0.0,0.0,0.0,0.0,0.0,0.0,0.0,0.0,0.0,0.0,0.0,0.0,0.0,0.0,0.0,0.0,0.0,0.0,0.0,1.0,1.0,0.0,1.0,1.0,1.0,1.0,1.0,2.0,1.0,1.0,1.0,0.0,0.0,1.0,1.0,0.0,0.0,26.0,26.0,26.0,0.0,0.0,0.0,0.0,0.0,0.0,3.0,0.0,10.0,10.0,18.0,0.0,0.0,0.0,0.0,2.0,2.0,0.0,2.0,0.0,0.0,26.0,0.0,1.0,1.0,0.0,0.0,1.0,1.0,1.0,1.0,0.0,1.0,1.0,0.0,1.0,0.0,0.0,0.0,0.0,0.0,0.0,1.0,1.0,1.0,1.0,1.0,1.0,1.0,8.0,28.0,0.0,5.0,1.0,1.0,2.0,0.0,0.0,0.0,0.0,0.0,0.0,0.0,0.0,0.0,1.0,0.0,0.0,1.0,1.0,1.0,0.0,0.0,0.0,0.0,0.0,0.0,0.0,0.0,0.0,0.0,0.0,1.0,1.0,1.0,1.0,1.0,1.0,5.0,5.0,5.0,5.0,5.0,10.0,5.0,5.0,5.0,5.0,5.0,5.0,5.0,5.0,0.0,0.0,0.0,0.0,0.0,0.0,0.0,0.0,0.0,0.0,0.0,0.0,0.0,0.0,0.0,0.0,1.0,1.0,0.0,0.0,0.0,1.0,1.0,1.0
2017,28.23.xml,1.0,0.0,1.0,1.0,1.0,1.0,1.0,1.0,4.0,4.0,0.0,0.0,0.0,0.0,0.0,0.0,0.0,0.0,1.0,0.0,1.0,1.0,1.0,0.0,1.0,1.0,0.0,5.0,3.0,4.0,0.0,0.0,0.0,2.0,1.0,1.0,1.0,1.0,1.0,1.0,1.0,1.0,2.0,1.0,1.0,1.0,1.0,1.0,1.0,0.0,0.0,0.0,5.0,5.0,5.0,5.0,5.0,0.0,0.0,0.0,0.0,0.0,0.0,0.0,0.0,0.0,0.0,0.0,0.0,0.0,0.0,0.0,0.0,0.0,0.0,0.0,0.0,0.0,0.0,0.0,0.0,0.0,0.0,0.0,1.0,1.0,0.0,1.0,1.0,1.0,1.0,1.0,2.0,1.0,1.0,1.0,0.0,0.0,1.0,1.0,0.0,0.0,24.0,24.0,24.0,0.0,1.0,1.0,1.0,1.0,0.0,3.0,0.0,20.0,20.0,15.0,1.0,1.0,1.0,1.0,1.0,1.0,1.0,0.0,18.0,18.0,24.0,0.0,1.0,1.0,0.0,0.0,1.0,1.0,1.0,1.0,0.0,1.0,1.0,0.0,1.0,0.0,0.0,0.0,0.0,0.0,0.0,1.0,1.0,1.0,1.0,1.0,1.0,1.0,8.0,35.0,0.0,7.0,1.0,1.0,0.0,0.0,0.0,0.0,0.0,0.0,0.0,0.0,0.0,0.0,1.0,0.0,0.0,1.0,1.0,1.0,0.0,0.0,0.0,0.0,0.0,0.0,0.0,0.0,0.0,0.0,0.0,1.0,1.0,1.0,1.0,1.0,1.0,5.0,5.0,5.0,5.0,5.0,10.0,5.0,5.0,5.0,5.0,5.0,5.0,5.0,5.0,0.0,0.0,0.0,0.0,0.0,0.0,0.0,0.0,0.0,0.0,0.0,0.0,0.0,0.0,0.0,0.0,1.0,1.0,0.0,0.0,0.0,1.0,1.0,1.0
2017,29.15.xml,1.0,0.0,1.0,1.0,1.0,1.0,1.0,1.0,4.0,4.0,0.0,0.0,0.0,0.0,0.0,0.0,0.0,0.0,1.0,1.0,2.0,1.0,2.0,1.0,2.0,2.0,0.0,5.0,3.0,5.0,0.0,0.0,0.0,2.0,1.0,1.0,1.0,1.0,1.0,1.0,1.0,1.0,2.0,1.0,1.0,1.0,1.0,1.0,1.0,0.0,0.0,0.0,5.0,5.0,5.0,5.0,5.0,0.0,0.0,0.0,0.0,0.0,0.0,0.0,0.0,0.0,0.0,0.0,0.0,0.0,0.0,0.0,0.0,0.0,0.0,0.0,0.0,0.0,0.0,0.0,0.0,0.0,0.0,0.0,1.0,1.0,0.0,1.0,1.0,1.0,1.0,1.0,2.0,1.0,1.0,1.0,0.0,0.0,1.0,1.0,0.0,0.0,12.0,12.0,12.0,0.0,1.0,1.0,1.0,1.0,0.0,3.0,0.0,46.0,46.0,2.0,1.0,1.0,1.0,1.0,2.0,2.0,1.0,1.0,4.0,4.0,12.0,0.0,1.0,1.0,0.0,0.0,1.0,1.0,1.0,1.0,0.0,1.0,1.0,0.0,1.0,0.0,0.0,0.0,0.0,0.0,0.0,1.0,1.0,1.0,1.0,1.0,1.0,1.0,8.0,34.0,0.0,6.0,1.0,1.0,0.0,0.0,0.0,0.0,0.0,0.0,0.0,0.0,0.0,0.0,1.0,0.0,0.0,1.0,1.0,1.0,0.0,0.0,0.0,0.0,0.0,0.0,0.0,0.0,0.0,0.0,0.0,1.0,1.0,1.0,1.0,1.0,1.0,5.0,5.0,5.0,5.0,5.0,10.0,5.0,5.0,5.0,5.0,5.0,5.0,5.0,5.0,0.0,0.0,0.0,0.0,0.0,0.0,0.0,0.0,0.0,0.0,0.0,0.0,0.0,0.0,0.0,0.0,1.0,1.0,0.0,0.0,0.0,1.0,1.0,1.0
2017,30.15.xml,1.0,0.0,1.0,1.0,1.0,1.0,1.0,1.0,4.0,4.0,0.0,0.0,0.0,0.0,0.0,0.0,0.0,0.0,2.0,0.0,3.0,2.0,3.0,1.0,3.0,3.0,0.0,5.0,3.0,5.0,0.0,0.0,0.0,2.0,1.0,1.0,1.0,1.0,1.0,1.0,1.0,1.0,2.0,1.0,1.0,1.0,1.0,1.0,1.0,0.0,0.0,0.0,5.0,5.0,5.0,5.0,5.0,0.0,0.0,0.0,0.0,0.0,0.0,0.0,0.0,0.0,0.0,0.0,0.0,0.0,0.0,0.0,0.0,0.0,0.0,0.0,0.0,0.0,0.0,0.0,0.0,0.0,0.0,0.0,1.0,1.0,0.0,1.0,1.0,1.0,1.0,1.0,2.0,1.0,1.0,1.0,0.0,0.0,1.0,1.0,0.0,0.0,31.0,31.0,31.0,0.0,0.0,0.0,0.0,0.0,0.0,2.0,0.0,10.0,10.0,23.0,1.0,1.0,1.0,1.0,3.0,3.0,0.0,3.0,25.0,25.0,31.0,0.0,1.0,1.0,0.0,0.0,1.0,1.0,1.0,1.0,0.0,1.0,1.0,0.0,1.0,0.0,0.0,0.0,0.0,0.0,0.0,1.0,1.0,1.0,1.0,1.0,1.0,1.0,8.0,28.0,0.0,7.0,1.0,1.0,0.0,0.0,0.0,0.0,0.0,0.0,0.0,0.0,0.0,0.0,1.0,0.0,0.0,1.0,1.0,1.0,0.0,0.0,0.0,0.0,0.0,0.0,0.0,0.0,0.0,0.0,0.0,1.0,1.0,1.0,1.0,1.0,1.0,5.0,5.0,5.0,5.0,5.0,10.0,5.0,5.0,5.0,5.0,5.0,5.0,5.0,5.0,0.0,0.0,0.0,0.0,0.0,0.0,0.0,0.0,0.0,0.0,0.0,0.0,0.0,0.0,0.0,0.0,1.0,1.0,0.0,0.0,0.0,1.0,1.0,1.0
2017,34.13.xml,1.0,0.0,1.0,1.0,1.0,1.0,1.0,1.0,4.0,4.0,0.0,0.0,0.0,0.0,0.0,0.0,0.0,0.0,2.0,1.0,3.0,2.0,3.0,2.0,3.0,3.0,0.0,5.0,3.0,6.0,0.0,0.0,0.0,2.0,1.0,1.0,1.0,1.0,1.0,1.0,1.0,1.0,2.0,1.0,1.0,1.0,1.0,1.0,1.0,0.0,0.0,0.0,5.0,5.0,5.0,5.0,5.0,0.0,0.0,0.0,0.0,0.0,0.0,0.0,0.0,0.0,0.0,0.0,0.0,0.0,0.0,0.0,0.0,0.0,0.0,0.0,0.0,0.0,0.0,0.0,0.0,0.0,0.0,0.0,1.0,1.0,0.0,1.0,1.0,1.0,1.0,1.0,2.0,1.0,1.0,1.0,0.0,0.0,1.0,1.0,0.0,0.0,29.0,29.0,29.0,0.0,0.0,0.0,0.0,0.0,0.0,3.0,0.0,10.0,10.0,20.0,0.0,0.0,0.0,0.0,3.0,3.0,1.0,2.0,21.0,21.0,29.0,0.0,1.0,1.0,0.0,0.0,1.0,1.0,1.0,1.0,0.0,1.0,1.0,0.0,1.0,0.0,0.0,0.0,0.0,0.0,0.0,1.0,1.0,1.0,1.0,1.0,1.0,1.0,8.0,34.0,0.0,6.0,1.0,2.0,0.0,0.0,0.0,0.0,0.0,0.0,0.0,0.0,0.0,0.0,1.0,0.0,0.0,1.0,1.0,1.0,0.0,0.0,0.0,0.0,0.0,0.0,0.0,0.0,0.0,0.0,0.0,1.0,1.0,1.0,1.0,1.0,1.0,5.0,5.0,5.0,5.0,5.0,10.0,5.0,5.0,5.0,5.0,5.0,5.0,5.0,5.0,0.0,0.0,0.0,0.0,0.0,0.0,0.0,0.0,0.0,0.0,0.0,0.0,0.0,0.0,0.0,0.0,1.0,1.0,0.0,0.0,0.0,1.0,1.0,1.0
2017,36.11.xml,1.0,0.0,1.0,1.0,1.0,1.0,1.0,1.0,4.0,4.0,0.0,0.0,0.0,0.0,0.0,0.0,0.0,0.0,1.0,1.0,1.0,0.0,1.0,1.0,1.0,1.0,0.0,2.0,0.0,2.0,0.0,0.0,0.0,2.0,1.0,1.0,1.0,1.0,1.0,1.0,1.0,1.0,2.0,1.0,1.0,1.0,1.0,1.0,1.0,0.0,0.0,0.0,4.0,4.0,4.0,4.0,4.0,0.0,0.0,0.0,0.0,0.0,0.0,0.0,0.0,0.0,0.0,0.0,0.0,0.0,0.0,0.0,0.0,0.0,0.0,0.0,0.0,0.0,0.0,0.0,0.0,0.0,0.0,0.0,1.0,1.0,0.0,1.0,1.0,1.0,1.0,1.0,2.0,1.0,1.0,1.0,0.0,0.0,1.0,1.0,0.0,0.0,4.0,4.0,4.0,0.0,0.0,0.0,0.0,0.0,0.0,1.0,0.0,8.0,8.0,0.0,0.0,0.0,0.0,0.0,1.0,1.0,1.0,0.0,2.0,2.0,4.0,0.0,1.0,1.0,0.0,0.0,1.0,1.0,1.0,1.0,0.0,1.0,1.0,0.0,1.0,0.0,0.0,0.0,0.0,0.0,0.0,1.0,1.0,1.0,1.0,1.0,1.0,1.0,8.0,17.0,0.0,5.0,1.0,3.0,0.0,4.0,0.0,0.0,0.0,0.0,0.0,0.0,0.0,0.0,1.0,0.0,0.0,1.0,1.0,1.0,0.0,0.0,0.0,0.0,0.0,0.0,0.0,0.0,0.0,0.0,0.0,1.0,1.0,1.0,1.0,1.0,1.0,5.0,5.0,5.0,5.0,5.0,10.0,5.0,5.0,5.0,5.0,5.0,5.0,5.0,5.0,0.0,0.0,0.0,0.0,0.0,0.0,0.0,0.0,0.0,0.0,0.0,0.0,0.0,0.0,0.0,0.0,1.0,1.0,0.0,0.0,0.0,1.0,1.0,1.0
2017,49.10.xml,1.0,0.0,1.0,1.0,1.0,1.0,1.0,1.0,4.0,4.0,0.0,0.0,0.0,0.0,0.0,0.0,0.0,0.0,1.0,1.0,2.0,1.0,2.0,1.0,2.0,2.0,0.0,5.0,3.0,5.0,0.0,0.0,0.0,2.0,1.0,1.0,1.0,1.0,1.0,1.0,1.0,1.0,2.0,1.0,1.0,1.0,1.0,1.0,1.0,0.0,0.0,0.0,4.0,4.0,4.0,4.0,4.0,0.0,0.0,0.0,0.0,0.0,0.0,0.0,0.0,0.0,0.0,0.0,0.0,0.0,0.0,0.0,0.0,0.0,0.0,0.0,0.0,0.0,0.0,0.0,0.0,0.0,0.0,0.0,1.0,1.0,0.0,1.0,1.0,1.0,1.0,1.0,3.0,2.0,2.0,1.0,0.0,0.0,1.0,1.0,0.0,0.0,26.0,26.0,26.0,0.0,0.0,0.0,0.0,0.0,0.0,3.0,0.0,17.0,17.0,13.0,0.0,0.0,0.0,0.0,3.0,3.0,1.0,2.0,10.0,10.0,26.0,0.0,1.0,1.0,0.0,0.0,1.0,1.0,1.0,1.0,0.0,1.0,1.0,0.0,1.0,0.0,0.0,0.0,0.0,0.0,0.0,1.0,1.0,1.0,1.0,1.0,1.0,1.0,8.0,39.0,0.0,6.0,1.0,1.0,0.0,0.0,0.0,0.0,0.0,0.0,0.0,0.0,0.0,0.0,1.0,0.0,0.0,1.0,1.0,1.0,0.0,0.0,0.0,0.0,0.0,0.0,0.0,0.0,0.0,0.0,0.0,1.0,1.0,1.0,1.0,1.0,1.0,5.0,5.0,5.0,5.0,5.0,10.0,5.0,5.0,5.0,5.0,5.0,5.0,5.0,5.0,0.0,0.0,0.0,0.0,0.0,0.0,0.0,0.0,0.0,0.0,0.0,0.0,0.0,0.0,0.0,0.0,1.0,1.0,0.0,0.0,0.0,1.0,1.0,1.0
2017,51.6.xml,1.0,0.0,1.0,1.0,1.0,1.0,1.0,1.0,4.0,4.0,0.0,0.0,0.0,0.0,0.0,0.0,0.0,0.0,0.0,0.0,1.0,0.0,1.0,0.0,1.0,1.0,0.0,1.0,1.0,0.0,0.0,0.0,0.0,2.0,1.0,1.0,1.0,1.0,1.0,1.0,1.0,1.0,2.0,1.0,1.0,1.0,1.0,1.0,1.0,0.0,0.0,0.0,8.0,8.0,8.0,8.0,8.0,0.0,0.0,0.0,0.0,0.0,0.0,0.0,0.0,0.0,0.0,0.0,0.0,0.0,0.0,0.0,0.0,0.0,0.0,0.0,0.0,0.0,0.0,0.0,0.0,0.0,0.0,0.0,1.0,1.0,0.0,1.0,1.0,1.0,1.0,1.0,2.0,1.0,1.0,1.0,0.0,0.0,0.0,0.0,0.0,0.0,17.0,17.0,17.0,0.0,0.0,0.0,0.0,0.0,0.0,8.0,0.0,16.0,16.0,0.0,0.0,0.0,7.0,7.0,7.0,7.0,0.0,7.0,2.0,2.0,17.0,0.0,2.0,2.0,0.0,0.0,2.0,2.0,2.0,2.0,0.0,2.0,2.0,0.0,2.0,0.0,0.0,0.0,0.0,0.0,0.0,2.0,2.0,2.0,2.0,2.0,1.0,1.0,8.0,37.0,0.0,8.0,1.0,0.0,0.0,0.0,0.0,0.0,3.0,0.0,0.0,1.0,0.0,0.0,1.0,0.0,0.0,1.0,1.0,1.0,0.0,0.0,0.0,0.0,0.0,0.0,0.0,0.0,0.0,0.0,0.0,1.0,1.0,1.0,1.0,1.0,1.0,5.0,5.0,5.0,5.0,5.0,10.0,5.0,5.0,5.0,5.0,5.0,5.0,5.0,5.0,0.0,0.0,0.0,0.0,0.0,0.0,0.0,0.0,0.0,0.0,0.0,0.0,0.0,0.0,0.0,0.0,1.0,1.0,0.0,0.0,0.0,1.0,1.0,1.0
2017,52.5.xml,1.0,0.0,1.0,1.0,1.0,1.0,1.0,1.0,4.0,4.0,0.0,0.0,0.0,0.0,0.0,0.0,0.0,0.0,1.0,0.0,2.0,1.0,2.0,1.0,2.0,2.0,0.0,2.0,2.0,0.0,0.0,0.0,0.0,2.0,1.0,1.0,1.0,1.0,1.0,1.0,1.0,1.0,2.0,1.0,1.0,1.0,1.0,1.0,1.0,0.0,0.0,0.0,7.0,7.0,7.0,7.0,7.0,0.0,0.0,0.0,0.0,0.0,0.0,0.0,0.0,0.0,0.0,0.0,0.0,0.0,0.0,0.0,0.0,0.0,0.0,0.0,0.0,0.0,0.0,0.0,0.0,0.0,0.0,0.0,1.0,1.0,0.0,1.0,1.0,1.0,1.0,1.0,4.0,4.0,4.0,1.0,0.0,0.0,1.0,1.0,0.0,0.0,15.0,15.0,15.0,0.0,0.0,0.0,0.0,0.0,0.0,2.0,0.0,9.0,9.0,3.0,0.0,0.0,0.0,0.0,8.0,8.0,8.0,0.0,8.0,8.0,15.0,0.0,1.0,1.0,0.0,0.0,1.0,1.0,1.0,1.0,0.0,1.0,1.0,0.0,1.0,0.0,0.0,0.0,0.0,0.0,0.0,1.0,1.0,1.0,1.0,1.0,1.0,1.0,8.0,34.0,0.0,5.0,1.0,2.0,0.0,1.0,0.0,0.0,0.0,0.0,0.0,0.0,0.0,0.0,1.0,0.0,0.0,1.0,1.0,1.0,0.0,0.0,0.0,0.0,0.0,0.0,0.0,0.0,0.0,0.0,0.0,1.0,1.0,1.0,1.0,1.0,1.0,5.0,5.0,5.0,5.0,5.0,10.0,5.0,5.0,5.0,5.0,5.0,5.0,5.0,5.0,0.0,0.0,0.0,0.0,0.0,0.0,0.0,0.0,0.0,0.0,0.0,0.0,0.0,0.0,0.0,0.0,1.0,1.0,0.0,0.0,0.0,1.0,1.0,1.0
2017,52.6.xml,1.0,0.0,1.0,1.0,1.0,1.0,1.0,1.0,4.0,4.0,0.0,0.0,0.0,0.0,0.0,0.0,0.0,0.0,1.0,0.0,2.0,1.0,2.0,1.0,2.0,2.0,0.0,2.0,2.0,0.0,0.0,0.0,0.0,2.0,1.0,1.0,1.0,1.0,1.0,1.0,1.0,1.0,2.0,1.0,1.0,1.0,1.0,1.0,1.0,0.0,0.0,0.0,7.0,7.0,7.0,7.0,7.0,0.0,0.0,0.0,0.0,0.0,0.0,0.0,0.0,0.0,0.0,0.0,0.0,0.0,0.0,0.0,0.0,0.0,0.0,0.0,0.0,0.0,0.0,0.0,0.0,0.0,0.0,0.0,1.0,1.0,0.0,1.0,1.0,1.0,1.0,1.0,4.0,4.0,4.0,1.0,0.0,0.0,1.0,1.0,0.0,0.0,15.0,15.0,15.0,0.0,0.0,0.0,0.0,0.0,0.0,2.0,0.0,9.0,9.0,3.0,0.0,0.0,0.0,0.0,8.0,8.0,8.0,0.0,8.0,8.0,15.0,0.0,1.0,1.0,0.0,0.0,1.0,1.0,1.0,1.0,0.0,1.0,1.0,0.0,1.0,0.0,0.0,0.0,0.0,0.0,0.0,1.0,1.0,1.0,1.0,1.0,1.0,1.0,8.0,34.0,0.0,5.0,1.0,2.0,2.0,0.0,0.0,0.0,0.0,0.0,0.0,0.0,0.0,0.0,1.0,0.0,0.0,1.0,1.0,1.0,0.0,0.0,0.0,0.0,0.0,0.0,0.0,0.0,0.0,0.0,0.0,1.0,1.0,1.0,1.0,1.0,1.0,5.0,5.0,5.0,5.0,5.0,10.0,5.0,5.0,5.0,5.0,5.0,5.0,5.0,5.0,0.0,0.0,0.0,0.0,0.0,0.0,0.0,0.0,0.0,0.0,0.0,0.0,0.0,0.0,0.0,0.0,1.0,1.0,0.0,0.0,0.0,1.0,1.0,1.0
2017,61.5.xml,1.0,0.0,1.0,1.0,1.0,1.0,1.0,1.0,4.0,4.0,0.0,0.0,0.0,0.0,0.0,0.0,0.0,0.0,1.0,0.0,2.0,1.0,2.0,1.0,2.0,2.0,0.0,1.0,1.0,0.0,0.0,0.0,0.0,2.0,1.0,1.0,1.0,1.0,1.0,1.0,1.0,1.0,2.0,1.0,1.0,1.0,1.0,1.0,1.0,0.0,0.0,0.0,21.0,21.0,21.0,21.0,21.0,0.0,0.0,0.0,0.0,0.0,0.0,0.0,0.0,0.0,0.0,0.0,0.0,0.0,0.0,0.0,0.0,0.0,0.0,0.0,0.0,0.0,0.0,0.0,0.0,0.0,0.0,0.0,1.0,1.0,0.0,1.0,1.0,1.0,1.0,1.0,4.0,3.0,3.0,1.0,0.0,0.0,1.0,1.0,0.0,0.0,11.0,11.0,11.0,0.0,0.0,0.0,0.0,0.0,0.0,3.0,0.0,10.0,10.0,4.0,0.0,0.0,1.0,1.0,3.0,3.0,0.0,3.0,2.0,2.0,11.0,0.0,2.0,2.0,0.0,0.0,2.0,2.0,2.0,2.0,0.0,2.0,2.0,0.0,2.0,0.0,0.0,0.0,0.0,0.0,0.0,2.0,2.0,2.0,2.0,2.0,1.0,1.0,8.0,37.0,0.0,5.0,1.0,1.0,0.0,0.0,0.0,0.0,0.0,0.0,0.0,0.0,0.0,0.0,0.0,0.0,0.0,0.0,0.0,0.0,0.0,0.0,0.0,0.0,0.0,0.0,0.0,0.0,0.0,0.0,0.0,1.0,1.0,1.0,1.0,1.0,1.0,5.0,5.0,5.0,5.0,5.0,10.0,5.0,5.0,5.0,5.0,5.0,5.0,5.0,5.0,0.0,0.0,0.0,0.0,0.0,0.0,0.0,0.0,0.0,0.0,0.0,0.0,0.0,0.0,0.0,0.0,1.0,1.0,0.0,0.0,0.0,1.0,1.0,1.0
2017,74.10.xml,1.0,0.0,1.0,1.0,1.0,1.0,1.0,1.0,4.0,4.0,0.0,0.0,0.0,0.0,0.0,0.0,0.0,0.0,0.0,0.0,0.0,0.0,0.0,0.0,0.0,0.0,0.0,3.0,1.0,0.0,0.0,0.0,0.0,2.0,1.0,1.0,1.0,1.0,1.0,1.0,1.0,1.0,2.0,1.0,1.0,1.0,1.0,1.0,1.0,0.0,0.0,0.0,1.0,1.0,1.0,1.0,1.0,0.0,0.0,0.0,0.0,0.0,0.0,0.0,0.0,0.0,0.0,0.0,0.0,0.0,0.0,0.0,0.0,0.0,0.0,0.0,0.0,0.0,0.0,0.0,0.0,0.0,0.0,0.0,1.0,1.0,0.0,1.0,1.0,1.0,1.0,1.0,4.0,3.0,3.0,1.0,0.0,0.0,3.0,3.0,0.0,0.0,0.0,0.0,0.0,0.0,0.0,0.0,0.0,0.0,0.0,0.0,0.0,0.0,0.0,0.0,0.0,0.0,0.0,0.0,0.0,0.0,0.0,0.0,0.0,0.0,0.0,0.0,0.0,0.0,0.0,0.0,0.0,0.0,0.0,0.0,0.0,0.0,0.0,0.0,0.0,0.0,0.0,0.0,0.0,0.0,0.0,0.0,0.0,0.0,0.0,0.0,1.0,1.0,8.0,33.0,0.0,7.0,1.0,2.0,0.0,0.0,1.0,1.0,0.0,0.0,0.0,0.0,0.0,0.0,1.0,0.0,0.0,1.0,1.0,1.0,1.0,1.0,1.0,1.0,1.0,1.0,1.0,1.0,1.0,1.0,1.0,1.0,1.0,1.0,1.0,1.0,1.0,5.0,5.0,5.0,5.0,5.0,10.0,5.0,5.0,5.0,5.0,5.0,5.0,5.0,5.0,0.0,0.0,0.0,0.0,0.0,0.0,0.0,0.0,0.0,0.0,0.0,0.0,0.0,0.0,0.0,0.0,1.0,1.0,0.0,0.0,0.0,1.0,1.0,1.0
2017,77.2.xml,1.0,0.0,1.0,1.0,1.0,1.0,1.0,1.0,4.0,4.0,0.0,0.0,0.0,0.0,0.0,0.0,0.0,0.0,2.0,1.0,3.0,2.0,3.0,2.0,3.0,3.0,0.0,2.0,0.0,0.0,0.0,0.0,0.0,2.0,1.0,1.0,1.0,1.0,1.0,1.0,1.0,1.0,2.0,1.0,1.0,1.0,1.0,1.0,1.0,0.0,0.0,0.0,14.0,14.0,14.0,14.0,14.0,0.0,0.0,0.0,0.0,0.0,0.0,0.0,0.0,0.0,0.0,0.0,0.0,0.0,0.0,0.0,0.0,0.0,0.0,0.0,0.0,0.0,0.0,0.0,0.0,0.0,0.0,0.0,1.0,1.0,0.0,1.0,1.0,1.0,1.0,1.0,2.0,1.0,1.0,1.0,0.0,0.0,1.0,1.0,0.0,0.0,21.0,21.0,21.0,0.0,0.0,0.0,0.0,0.0,0.0,4.0,0.0,14.0,14.0,11.0,0.0,0.0,0.0,0.0,4.0,4.0,1.0,3.0,1.0,1.0,21.0,0.0,2.0,2.0,0.0,0.0,2.0,2.0,2.0,2.0,0.0,2.0,2.0,0.0,2.0,0.0,0.0,0.0,0.0,0.0,0.0,2.0,2.0,2.0,2.0,2.0,1.0,1.0,8.0,33.0,0.0,6.0,1.0,4.0,2.0,1.0,0.0,0.0,0.0,0.0,0.0,0.0,0.0,0.0,2.0,0.0,0.0,2.0,2.0,2.0,0.0,0.0,0.0,0.0,0.0,0.0,0.0,0.0,0.0,0.0,0.0,1.0,1.0,1.0,1.0,1.0,1.0,5.0,5.0,5.0,5.0,5.0,10.0,5.0,5.0,5.0,5.0,5.0,5.0,5.0,5.0,0.0,0.0,0.0,0.0,0.0,0.0,0.0,0.0,0.0,0.0,0.0,0.0,0.0,0.0,0.0,0.0,1.0,1.0,0.0,0.0,0.0,1.0,1.0,1.0
