Collection,Record,/eml:eml/@packageId,/eml:eml/@system,/eml:eml/@xsi:schemaLocation,/eml:eml/access,/eml:eml/access/@authSystem,/eml:eml/access/@order,/eml:eml/access/@scope,/eml:eml/access/@system,/eml:eml/access/allow/permission,/eml:eml/access/allow/principal,/eml:eml/additionalMetadata/metadata/stmml:unitList/stmml:unit/@abbreviation,/eml:eml/additionalMetadata/metadata/stmml:unitList/stmml:unit/@id,/eml:eml/additionalMetadata/metadata/stmml:unitList/stmml:unit/@multiplierToSI,/eml:eml/additionalMetadata/metadata/stmml:unitList/stmml:unit/@name,/eml:eml/additionalMetadata/metadata/stmml:unitList/stmml:unit/@parentSI,/eml:eml/additionalMetadata/metadata/stmml:unitList/stmml:unit/@unitType,/eml:eml/additionalMetadata/metadata/stmml:unitList/stmml:unit/stmml:description,/eml:eml/dataset/abstract,/eml:eml/dataset/abstract/para,/eml:eml/dataset/additionalInfo,/eml:eml/dataset/additionalInfo/para,/eml:eml/dataset/additionalInfo/para/emphasis,/eml:eml/dataset/alternateIdentifier,/eml:eml/dataset/alternateIdentifier/@system,/eml:eml/dataset/associatedParty,/eml:eml/dataset/associatedParty/address/administrativeArea,/eml:eml/dataset/associatedParty/address/city,/eml:eml/dataset/associatedParty/address/country,/eml:eml/dataset/associatedParty/address/deliveryPoint,/eml:eml/dataset/associatedParty/address/postalCode,/eml:eml/dataset/associatedParty/electronicMailAddress,/eml:eml/dataset/associatedParty/individualName/givenName,/eml:eml/dataset/associatedParty/individualName/surName,/eml:eml/dataset/associatedParty/onlineUrl,/eml:eml/dataset/associatedParty/phone,/eml:eml/dataset/associatedParty/role,/eml:eml/dataset/associatedParty/userId,/eml:eml/dataset/associatedParty/userId/@directory,/eml:eml/dataset/contact,/eml:eml/dataset/contact/address/administrativeArea,/eml:eml/dataset/contact/address/city,/eml:eml/dataset/contact/address/country,/eml:eml/dataset/contact/address/deliveryPoint,/eml:eml/dataset/contact/address/postalCode,/eml:eml/dataset/contact/electronicMailAddress,/eml:eml/dataset/contact/individualName/givenName,/eml:eml/dataset/contact/individualName/surName,/eml:eml/dataset/contact/onlineUrl,/eml:eml/dataset/contact/phone,/eml:eml/dataset/contact/phone/@phonetype,/eml:eml/dataset/contact/positionName,/eml:eml/dataset/contact/userId,/eml:eml/dataset/contact/userId/@directory,/eml:eml/dataset/coverage/geographicCoverage,/eml:eml/dataset/coverage/geographicCoverage/boundingCoordinates,/eml:eml/dataset/coverage/geographicCoverage/boundingCoordinates/boundingAltitudes/altitudeMaximum,/eml:eml/dataset/coverage/geographicCoverage/boundingCoordinates/boundingAltitudes/altitudeMinimum,/eml:eml/dataset/coverage/geographicCoverage/boundingCoordinates/boundingAltitudes/altitudeUnits,/eml:eml/dataset/coverage/geographicCoverage/boundingCoordinates/eastBoundingCoordinate,/eml:eml/dataset/coverage/geographicCoverage/boundingCoordinates/northBoundingCoordinate,/eml:eml/dataset/coverage/geographicCoverage/boundingCoordinates/southBoundingCoordinate,/eml:eml/dataset/coverage/geographicCoverage/boundingCoordinates/westBoundingCoordinate,/eml:eml/dataset/coverage/geographicCoverage/geographicDescription,/eml:eml/dataset/coverage/taxonomicCoverage,/eml:eml/dataset/coverage/taxonomicCoverage/taxonomicClassification/taxonRankName,/eml:eml/dataset/coverage/taxonomicCoverage/taxonomicClassification/taxonRankValue,/eml:eml/dataset/coverage/taxonomicCoverage/taxonomicClassification/taxonomicClassification/taxonRankName,/eml:eml/dataset/coverage/taxonomicCoverage/taxonomicClassification/taxonomicClassification/taxonRankValue,/eml:eml/dataset/coverage/taxonomicCoverage/taxonomicClassification/taxonomicClassification/taxonomicClassification/taxonRankName,/eml:eml/dataset/coverage/taxonomicCoverage/taxonomicClassification/taxonomicClassification/taxonomicClassification/taxonRankValue,/eml:eml/dataset/coverage/taxonomicCoverage/taxonomicClassification/taxonomicClassification/taxonomicClassification/taxonomicClassification/taxonRankName,/eml:eml/dataset/coverage/taxonomicCoverage/taxonomicClassification/taxonomicClassification/taxonomicClassification/taxonomicClassification/taxonRankValue,/eml:eml/dataset/coverage/taxonomicCoverage/taxonomicClassification/taxonomicClassification/taxonomicClassification/taxonomicClassification/taxonomicClassification/taxonRankName,/eml:eml/dataset/coverage/taxonomicCoverage/taxonomicClassification/taxonomicClassification/taxonomicClassification/taxonomicClassification/taxonomicClassification/taxonRankValue,/eml:eml/dataset/coverage/taxonomicCoverage/taxonomicClassification/taxonomicClassification/taxonomicClassification/taxonomicClassification/taxonomicClassification/taxonomicClassification/taxonRankName,/eml:eml/dataset/coverage/taxonomicCoverage/taxonomicClassification/taxonomicClassification/taxonomicClassification/taxonomicClassification/taxonomicClassification/taxonomicClassification/taxonRankValue,/eml:eml/dataset/coverage/taxonomicCoverage/taxonomicClassification/taxonomicClassification/taxonomicClassification/taxonomicClassification/taxonomicClassification/taxonomicClassification/taxonomicClassification/taxonRankName,/eml:eml/dataset/coverage/taxonomicCoverage/taxonomicClassification/taxonomicClassification/taxonomicClassification/taxonomicClassification/taxonomicClassification/taxonomicClassification/taxonomicClassification/taxonRankValue,/eml:eml/dataset/coverage/taxonomicCoverage/taxonomicClassification/taxonomicClassification/taxonomicClassification/taxonomicClassification/taxonomicClassification/taxonomicClassification/taxonomicClassification/taxonomicClassification/taxonRankName,/eml:eml/dataset/coverage/taxonomicCoverage/taxonomicClassification/taxonomicClassification/taxonomicClassification/taxonomicClassification/taxonomicClassification/taxonomicClassification/taxonomicClassification/taxonomicClassification/taxonRankValue,/eml:eml/dataset/coverage/taxonomicCoverage/taxonomicClassification/taxonomicClassification/taxonomicClassification/taxonomicClassification/taxonomicClassification/taxonomicClassification/taxonomicClassification/taxonomicClassification/taxonomicClassification/taxonRankName,/eml:eml/dataset/coverage/taxonomicCoverage/taxonomicClassification/taxonomicClassification/taxonomicClassification/taxonomicClassification/taxonomicClassification/taxonomicClassification/taxonomicClassification/taxonomicClassification/taxonomicClassification/taxonRankValue,/eml:eml/dataset/coverage/temporalCoverage,/eml:eml/dataset/coverage/temporalCoverage/rangeOfDates/beginDate/calendarDate,/eml:eml/dataset/coverage/temporalCoverage/rangeOfDates/endDate,/eml:eml/dataset/coverage/temporalCoverage/rangeOfDates/endDate/calendarDate,/eml:eml/dataset/creator,/eml:eml/dataset/creator/address/administrativeArea,/eml:eml/dataset/creator/address/city,/eml:eml/dataset/creator/address/country,/eml:eml/dataset/creator/address/deliveryPoint,/eml:eml/dataset/creator/address/postalCode,/eml:eml/dataset/creator/electronicMailAddress,/eml:eml/dataset/creator/individualName/givenName,/eml:eml/dataset/creator/individualName/surName,/eml:eml/dataset/creator/onlineUrl,/eml:eml/dataset/creator/organizationName,/eml:eml/dataset/creator/phone,/eml:eml/dataset/creator/phone/@phonetype,/eml:eml/dataset/dataTable/@id,/eml:eml/dataset/dataTable/alternateIdentifier,/eml:eml/dataset/dataTable/attributeList,/eml:eml/dataset/dataTable/attributeList/attribute/@id,/eml:eml/dataset/dataTable/attributeList/attribute/attributeDefinition,/eml:eml/dataset/dataTable/attributeList/attribute/attributeName,/eml:eml/dataset/dataTable/attributeList/attribute/measurementScale/dateTime/dateTimeDomain/bounds/maximum,/eml:eml/dataset/dataTable/attributeList/attribute/measurementScale/dateTime/dateTimeDomain/bounds/maximum/@exclusive,/eml:eml/dataset/dataTable/attributeList/attribute/measurementScale/dateTime/dateTimeDomain/bounds/minimum,/eml:eml/dataset/dataTable/attributeList/attribute/measurementScale/dateTime/dateTimeDomain/bounds/minimum/@exclusive,/eml:eml/dataset/dataTable/attributeList/attribute/measurementScale/dateTime/dateTimePrecision,/eml:eml/dataset/dataTable/attributeList/attribute/measurementScale/dateTime/formatString,/eml:eml/dataset/dataTable/attributeList/attribute/measurementScale/interval/numericDomain/bounds/maximum,/eml:eml/dataset/dataTable/attributeList/attribute/measurementScale/interval/numericDomain/bounds/maximum/@exclusive,/eml:eml/dataset/dataTable/attributeList/attribute/measurementScale/interval/numericDomain/bounds/minimum,/eml:eml/dataset/dataTable/attributeList/attribute/measurementScale/interval/numericDomain/bounds/minimum/@exclusive,/eml:eml/dataset/dataTable/attributeList/attribute/measurementScale/interval/numericDomain/numberType,/eml:eml/dataset/dataTable/attributeList/attribute/measurementScale/interval/precision,/eml:eml/dataset/dataTable/attributeList/attribute/measurementScale/interval/unit/customUnit,/eml:eml/dataset/dataTable/attributeList/attribute/measurementScale/nominal/nonNumericDomain/enumeratedDomain/codeDefinition/code,/eml:eml/dataset/dataTable/attributeList/attribute/measurementScale/nominal/nonNumericDomain/enumeratedDomain/codeDefinition/definition,/eml:eml/dataset/dataTable/attributeList/attribute/measurementScale/nominal/nonNumericDomain/textDomain/definition,/eml:eml/dataset/dataTable/attributeList/attribute/measurementScale/ordinal/nonNumericDomain/enumeratedDomain/codeDefinition/code,/eml:eml/dataset/dataTable/attributeList/attribute/measurementScale/ordinal/nonNumericDomain/enumeratedDomain/codeDefinition/definition,/eml:eml/dataset/dataTable/attributeList/attribute/measurementScale/ratio/numericDomain/bounds/maximum,/eml:eml/dataset/dataTable/attributeList/attribute/measurementScale/ratio/numericDomain/bounds/maximum/@exclusive,/eml:eml/dataset/dataTable/attributeList/attribute/measurementScale/ratio/numericDomain/bounds/minimum,/eml:eml/dataset/dataTable/attributeList/attribute/measurementScale/ratio/numericDomain/bounds/minimum/@exclusive,/eml:eml/dataset/dataTable/attributeList/attribute/measurementScale/ratio/numericDomain/numberType,/eml:eml/dataset/dataTable/attributeList/attribute/measurementScale/ratio/precision,/eml:eml/dataset/dataTable/attributeList/attribute/measurementScale/ratio/unit/customUnit,/eml:eml/dataset/dataTable/attributeList/attribute/storageType,/eml:eml/dataset/dataTable/attributeList/attribute/storageType/@typeSystem,/eml:eml/dataset/dataTable/constraint,/eml:eml/dataset/dataTable/constraint/@id,/eml:eml/dataset/dataTable/constraint/notNullConstraint/constraintName,/eml:eml/dataset/dataTable/constraint/notNullConstraint/key/attributeReference,/eml:eml/dataset/dataTable/constraint/primaryKey/constraintName,/eml:eml/dataset/dataTable/constraint/primaryKey/key/attributeReference,/eml:eml/dataset/dataTable/coverage/temporalCoverage/rangeOfDates/beginDate/calendarDate,/eml:eml/dataset/dataTable/coverage/temporalCoverage/rangeOfDates/endDate/calendarDate,/eml:eml/dataset/dataTable/entityDescription,/eml:eml/dataset/dataTable/entityName,/eml:eml/dataset/dataTable/numberOfRecords,/eml:eml/dataset/dataTable/physical/authentication,/eml:eml/dataset/dataTable/physical/authentication/@method,/eml:eml/dataset/dataTable/physical/dataFormat,/eml:eml/dataset/dataTable/physical/dataFormat/textFormat/attributeOrientation,/eml:eml/dataset/dataTable/physical/dataFormat/textFormat/numHeaderLines,/eml:eml/dataset/dataTable/physical/dataFormat/textFormat/recordDelimiter,/eml:eml/dataset/dataTable/physical/dataFormat/textFormat/simpleDelimited/fieldDelimiter,/eml:eml/dataset/dataTable/physical/dataFormat/textFormat/simpleDelimited/quoteCharacter,/eml:eml/dataset/dataTable/physical/distribution/online/url,/eml:eml/dataset/dataTable/physical/distribution/online/url/@function,/eml:eml/dataset/dataTable/physical/objectName,/eml:eml/dataset/distribution,/eml:eml/dataset/distribution/online/url,/eml:eml/dataset/distribution/online/url/@function,/eml:eml/dataset/intellectualRights,/eml:eml/dataset/intellectualRights/para,/eml:eml/dataset/keywordSet/keyword,/eml:eml/dataset/keywordSet/keyword/@keywordType,/eml:eml/dataset/keywordSet/keywordThesaurus,/eml:eml/dataset/maintenance,/eml:eml/dataset/maintenance/changeHistory/changeDate,/eml:eml/dataset/maintenance/changeHistory/changeScope,/eml:eml/dataset/maintenance/changeHistory/oldValue,/eml:eml/dataset/maintenance/description/section/para,/eml:eml/dataset/maintenance/maintenanceUpdateFrequency,/eml:eml/dataset/metadataProvider,/eml:eml/dataset/metadataProvider/address/administrativeArea,/eml:eml/dataset/metadataProvider/address/city,/eml:eml/dataset/metadataProvider/address/country,/eml:eml/dataset/metadataProvider/address/deliveryPoint,/eml:eml/dataset/metadataProvider/address/postalCode,/eml:eml/dataset/metadataProvider/electronicMailAddress,/eml:eml/dataset/metadataProvider/individualName/givenName,/eml:eml/dataset/metadataProvider/individualName/surName,/eml:eml/dataset/metadataProvider/phone,/eml:eml/dataset/metadataProvider/userId,/eml:eml/dataset/metadataProvider/userId/@directory,/eml:eml/dataset/methods,/eml:eml/dataset/methods/methodStep/description,/eml:eml/dataset/methods/methodStep/description/para,/eml:eml/dataset/methods/methodStep/description/para/itemizedlist/listitem/para,/eml:eml/dataset/methods/methodStep/description/para/subscript,/eml:eml/dataset/methods/methodStep/description/para/superscript,/eml:eml/dataset/methods/methodStep/instrumentation,/eml:eml/dataset/methods/qualityControl,/eml:eml/dataset/methods/qualityControl/description/section/para,/eml:eml/dataset/methods/sampling/samplingDescription/para,/eml:eml/dataset/methods/sampling/samplingDescription/para/subscript,/eml:eml/dataset/methods/sampling/spatialSamplingUnits/coverage/boundingCoordinates/boundingAltitudes/altitudeMaximum,/eml:eml/dataset/methods/sampling/spatialSamplingUnits/coverage/boundingCoordinates/boundingAltitudes/altitudeMinimum,/eml:eml/dataset/methods/sampling/spatialSamplingUnits/coverage/boundingCoordinates/boundingAltitudes/altitudeUnits,/eml:eml/dataset/methods/sampling/spatialSamplingUnits/coverage/boundingCoordinates/eastBoundingCoordinate,/eml:eml/dataset/methods/sampling/spatialSamplingUnits/coverage/boundingCoordinates/northBoundingCoordinate,/eml:eml/dataset/methods/sampling/spatialSamplingUnits/coverage/boundingCoordinates/southBoundingCoordinate,/eml:eml/dataset/methods/sampling/spatialSamplingUnits/coverage/boundingCoordinates/westBoundingCoordinate,/eml:eml/dataset/methods/sampling/spatialSamplingUnits/coverage/geographicDescription,/eml:eml/dataset/methods/sampling/studyExtent/description,/eml:eml/dataset/methods/sampling/studyExtent/description/para,/eml:eml/dataset/project,/eml:eml/dataset/project/abstract/para,/eml:eml/dataset/project/funding,/eml:eml/dataset/project/personnel/address/administrativeArea,/eml:eml/dataset/project/personnel/address/city,/eml:eml/dataset/project/personnel/address/country,/eml:eml/dataset/project/personnel/address/deliveryPoint,/eml:eml/dataset/project/personnel/address/postalCode,/eml:eml/dataset/project/personnel/electronicMailAddress,/eml:eml/dataset/project/personnel/individualName/givenName,/eml:eml/dataset/project/personnel/individualName/surName,/eml:eml/dataset/project/personnel/onlineUrl,/eml:eml/dataset/project/personnel/phone,/eml:eml/dataset/project/personnel/role,/eml:eml/dataset/project/personnel/userId,/eml:eml/dataset/project/personnel/userId/@directory,/eml:eml/dataset/project/studyAreaDescription/descriptor/@citableClassificationSystem,/eml:eml/dataset/project/studyAreaDescription/descriptor/@name,/eml:eml/dataset/project/studyAreaDescription/descriptor/descriptorValue,/eml:eml/dataset/project/title,/eml:eml/dataset/pubDate,/eml:eml/dataset/publisher,/eml:eml/dataset/publisher/address/administrativeArea,/eml:eml/dataset/publisher/address/city,/eml:eml/dataset/publisher/address/deliveryPoint,/eml:eml/dataset/publisher/address/postalCode,/eml:eml/dataset/publisher/electronicMailAddress,/eml:eml/dataset/publisher/onlineUrl,/eml:eml/dataset/publisher/organizationName,/eml:eml/dataset/publisher/phone,/eml:eml/dataset/publisher/phone/@phonetype,/eml:eml/dataset/purpose,/eml:eml/dataset/purpose/para,/eml:eml/dataset/purpose/para/subscript,/eml:eml/dataset/title
2017,3254.9.xml,1.0,1.0,1.0,5.0,1.0,1.0,1.0,1.0,2.0,2.0,3.0,3.0,2.0,3.0,3.0,3.0,3.0,1.0,1.0,0.0,0.0,0.0,1.0,0.0,6.0,1.0,2.0,1.0,4.0,3.0,4.0,7.0,4.0,2.0,4.0,5.0,1.0,1.0,2.0,1.0,2.0,0.0,4.0,2.0,2.0,2.0,1.0,1.0,2.0,1.0,1.0,0.0,0.0,1.0,1.0,0.0,0.0,0.0,1.0,1.0,1.0,1.0,1.0,1.0,1.0,1.0,1.0,1.0,1.0,1.0,1.0,1.0,1.0,1.0,1.0,1.0,1.0,4.0,1.0,10.0,0.0,0.0,1.0,1.0,1.0,1.0,4.0,2.0,2.0,1.0,4.0,2.0,4.0,2.0,1.0,2.0,2.0,2.0,1.0,3.0,3.0,3.0,23.0,15.0,15.0,0.0,0.0,0.0,0.0,0.0,0.0,0.0,0.0,0.0,0.0,0.0,0.0,0.0,86.0,86.0,3.0,0.0,0.0,9.0,1.0,5.0,1.0,2.0,2.0,3.0,11.0,1.0,6.0,6.0,1.0,21.0,1.0,7.0,1.0,2.0,6.0,3.0,3.0,3.0,1.0,2.0,1.0,1.0,1.0,1.0,1.0,3.0,1.0,3.0,1.0,1.0,1.0,2.0,5.0,2.0,1.0,1.0,1.0,27.0,9.0,9.0,1.0,1.0,1.0,1.0,1.0,0.0,1.0,1.0,1.0,2.0,1.0,1.0,0.0,0.0,2.0,0.0,2.0,0.0,0.0,0.0,0.0,0.0,0.0,1.0,0.0,0.0,0.0,0.0,28.0,28.0,28.0,28.0,41.0,0.0,1.0,2.0,3.0,1.0,1.0,1.0,1.0,5.0,2.0,7.0,9.0,5.0,5.0,5.0,1.0,2.0,1.0,1.0,1.0,1.0,1.0,2.0,1.0,1.0,1.0,3.0,1.0,2.0,1.0,1.0,1.0,1.0,1.0,1.0,0.0,2.0
2017,3976.1.xml,1.0,1.0,1.0,5.0,1.0,1.0,1.0,1.0,2.0,2.0,5.0,5.0,4.0,4.0,3.0,3.0,5.0,1.0,1.0,1.0,2.0,1.0,2.0,1.0,3.0,2.0,2.0,2.0,2.0,2.0,3.0,6.0,3.0,0.0,1.0,2.0,0.0,0.0,1.0,1.0,1.0,0.0,3.0,1.0,1.0,0.0,0.0,1.0,1.0,1.0,1.0,0.0,0.0,0.0,0.0,0.0,0.0,0.0,0.0,0.0,0.0,0.0,0.0,1.0,1.0,1.0,1.0,1.0,1.0,2.0,1.0,3.0,2.0,6.0,2.0,13.0,2.0,18.0,2.0,28.0,1.0,13.0,1.0,1.0,1.0,1.0,4.0,2.0,2.0,1.0,4.0,2.0,4.0,2.0,1.0,1.0,2.0,1.0,1.0,6.0,6.0,6.0,58.0,36.0,36.0,0.0,1.0,0.0,1.0,0.0,1.0,6.0,1.0,1.0,1.0,1.0,1.0,3.0,63.0,19.0,2.0,0.0,0.0,12.0,1.0,9.0,1.0,2.0,1.0,5.0,16.0,1.0,12.0,12.0,1.0,49.0,1.0,10.0,6.0,1.0,12.0,6.0,6.0,0.0,0.0,2.0,1.0,1.0,1.0,1.0,1.0,6.0,1.0,6.0,1.0,1.0,1.0,2.0,5.0,1.0,1.0,1.0,1.0,3.0,1.0,1.0,1.0,1.0,1.0,1.0,1.0,1.0,1.0,1.0,1.0,2.0,1.0,0.0,0.0,0.0,2.0,0.0,6.0,0.0,0.0,0.0,0.0,0.0,0.0,1.0,0.0,0.0,0.0,0.0,0.0,0.0,0.0,0.0,0.0,1.0,0.0,2.0,3.0,1.0,1.0,1.0,1.0,5.0,2.0,7.0,9.0,5.0,5.0,5.0,1.0,2.0,1.0,1.0,1.0,1.0,1.0,2.0,1.0,1.0,1.0,3.0,1.0,2.0,1.0,1.0,1.0,1.0,1.0,1.0,0.0,2.0
2017,4019.14.xml,1.0,1.0,1.0,5.0,1.0,1.0,1.0,1.0,2.0,2.0,3.0,3.0,3.0,2.0,2.0,2.0,3.0,1.0,1.0,1.0,1.0,0.0,2.0,1.0,9.0,2.0,2.0,1.0,7.0,5.0,10.0,14.0,9.0,2.0,8.0,6.0,1.0,1.0,2.0,1.0,1.0,1.0,4.0,1.0,3.0,2.0,1.0,1.0,1.0,1.0,1.0,1.0,1.0,1.0,1.0,1.0,1.0,1.0,1.0,1.0,1.0,1.0,1.0,0.0,0.0,0.0,0.0,0.0,0.0,0.0,0.0,0.0,0.0,0.0,0.0,0.0,0.0,0.0,0.0,0.0,0.0,0.0,1.0,1.0,1.0,1.0,4.0,1.0,1.0,1.0,3.0,2.0,4.0,2.0,1.0,1.0,2.0,1.0,1.0,2.0,2.0,2.0,26.0,20.0,20.0,2.0,1.0,2.0,1.0,1.0,1.0,0.0,0.0,0.0,0.0,0.0,0.0,0.0,70.0,77.0,0.0,0.0,0.0,11.0,1.0,3.0,1.0,2.0,5.0,3.0,7.0,1.0,3.0,3.0,1.0,10.0,1.0,3.0,2.0,2.0,4.0,2.0,2.0,2.0,1.0,2.0,1.0,1.0,1.0,1.0,1.0,2.0,1.0,2.0,1.0,1.0,1.0,2.0,5.0,10.0,1.0,1.0,1.0,30.0,10.0,10.0,1.0,1.0,0.0,0.0,0.0,0.0,0.0,0.0,0.0,0.0,0.0,0.0,0.0,0.0,2.0,0.0,7.0,0.0,0.0,0.0,2.0,0.0,0.0,1.0,0.0,48.0,48.0,1.0,51.0,51.0,51.0,51.0,53.0,0.0,2.0,2.0,3.0,1.0,1.0,1.0,1.0,5.0,2.0,7.0,9.0,5.0,5.0,5.0,1.0,2.0,1.0,1.0,1.0,1.0,1.0,2.0,1.0,1.0,1.0,3.0,1.0,2.0,1.0,1.0,1.0,1.0,1.0,1.0,0.0,2.0
2017,4543.4.xml,1.0,1.0,1.0,5.0,1.0,1.0,1.0,1.0,2.0,2.0,2.0,2.0,1.0,2.0,2.0,2.0,2.0,1.0,1.0,0.0,0.0,0.0,2.0,1.0,6.0,1.0,2.0,2.0,3.0,2.0,4.0,7.0,5.0,1.0,3.0,3.0,0.0,0.0,1.0,1.0,1.0,0.0,3.0,1.0,1.0,0.0,0.0,1.0,1.0,1.0,1.0,0.0,0.0,1.0,1.0,1.0,1.0,1.0,1.0,1.0,1.0,1.0,1.0,0.0,0.0,0.0,0.0,0.0,0.0,0.0,0.0,0.0,0.0,0.0,0.0,0.0,0.0,0.0,0.0,0.0,0.0,0.0,1.0,1.0,1.0,1.0,4.0,1.0,1.0,1.0,4.0,2.0,4.0,1.0,1.0,2.0,2.0,2.0,1.0,1.0,1.0,1.0,11.0,11.0,11.0,1.0,1.0,1.0,1.0,0.0,1.0,2.0,1.0,2.0,1.0,1.0,1.0,1.0,50.0,51.0,0.0,0.0,0.0,1.0,1.0,1.0,1.0,1.0,1.0,1.0,7.0,1.0,2.0,2.0,1.0,9.0,1.0,2.0,1.0,1.0,2.0,1.0,1.0,1.0,1.0,2.0,1.0,1.0,1.0,1.0,1.0,1.0,1.0,1.0,1.0,1.0,1.0,2.0,5.0,8.0,1.0,1.0,1.0,12.0,4.0,4.0,1.0,1.0,0.0,0.0,0.0,0.0,0.0,0.0,0.0,0.0,0.0,0.0,0.0,0.0,2.0,0.0,2.0,0.0,0.0,0.0,0.0,0.0,0.0,1.0,0.0,33.0,33.0,1.0,21.0,26.0,26.0,21.0,35.0,0.0,2.0,2.0,3.0,1.0,1.0,1.0,1.0,5.0,2.0,7.0,9.0,5.0,5.0,5.0,1.0,2.0,1.0,1.0,1.0,1.0,1.0,2.0,1.0,1.0,1.0,3.0,1.0,2.0,1.0,1.0,1.0,1.0,1.0,1.0,0.0,2.0
2017,4780.3.xml,1.0,1.0,1.0,5.0,1.0,1.0,1.0,1.0,2.0,2.0,4.0,4.0,1.0,4.0,4.0,4.0,4.0,1.0,1.0,0.0,0.0,0.0,2.0,1.0,3.0,1.0,2.0,1.0,1.0,2.0,3.0,5.0,3.0,0.0,2.0,2.0,0.0,0.0,1.0,1.0,1.0,0.0,3.0,1.0,1.0,0.0,0.0,1.0,1.0,1.0,1.0,0.0,0.0,1.0,1.0,1.0,1.0,1.0,1.0,1.0,1.0,1.0,1.0,1.0,1.0,1.0,1.0,1.0,1.0,2.0,1.0,3.0,2.0,6.0,2.0,10.0,2.0,13.0,2.0,15.0,1.0,14.0,1.0,1.0,1.0,1.0,4.0,1.0,2.0,0.0,4.0,2.0,4.0,2.0,1.0,1.0,2.0,2.0,1.0,4.0,4.0,4.0,36.0,20.0,20.0,2.0,1.0,1.0,1.0,0.0,1.0,13.0,1.0,9.0,1.0,2.0,2.0,3.0,403.0,578.0,2.0,0.0,0.0,1.0,1.0,1.0,1.0,1.0,2.0,2.0,10.0,1.0,8.0,8.0,1.0,24.0,1.0,12.0,2.0,2.0,8.0,4.0,4.0,3.0,1.0,2.0,1.0,1.0,1.0,1.0,1.0,4.0,1.0,4.0,1.0,1.0,1.0,2.0,5.0,8.0,1.0,1.0,1.0,6.0,2.0,2.0,1.0,1.0,0.0,0.0,0.0,0.0,0.0,0.0,0.0,0.0,0.0,0.0,0.0,0.0,2.0,0.0,2.0,0.0,0.0,0.0,1.0,0.0,0.0,1.0,0.0,18.0,18.0,1.0,18.0,18.0,18.0,18.0,18.0,0.0,2.0,2.0,3.0,1.0,1.0,1.0,1.0,5.0,2.0,7.0,9.0,5.0,5.0,5.0,1.0,2.0,1.0,1.0,1.0,1.0,1.0,2.0,1.0,1.0,1.0,3.0,1.0,2.0,1.0,1.0,1.0,1.0,1.0,1.0,0.0,2.0
2017,4781.2.xml,1.0,1.0,1.0,5.0,1.0,1.0,1.0,1.0,2.0,2.0,1.0,1.0,1.0,1.0,1.0,1.0,1.0,1.0,1.0,0.0,0.0,0.0,2.0,1.0,1.0,1.0,1.0,0.0,1.0,1.0,1.0,2.0,1.0,1.0,1.0,1.0,0.0,0.0,2.0,1.0,1.0,0.0,4.0,1.0,2.0,2.0,1.0,1.0,1.0,1.0,1.0,0.0,0.0,1.0,1.0,1.0,1.0,1.0,1.0,1.0,1.0,1.0,1.0,1.0,1.0,1.0,1.0,1.0,1.0,2.0,3.0,15.0,3.0,38.0,3.0,82.0,2.0,98.0,0.0,0.0,0.0,0.0,1.0,1.0,1.0,1.0,4.0,1.0,1.0,0.0,4.0,2.0,4.0,2.0,1.0,1.0,2.0,1.0,1.0,2.0,2.0,2.0,35.0,28.0,28.0,2.0,1.0,2.0,1.0,0.0,1.0,0.0,0.0,0.0,0.0,0.0,0.0,0.0,313.0,317.0,2.0,35.0,88.0,6.0,1.0,3.0,1.0,1.0,1.0,1.0,9.0,1.0,4.0,4.0,1.0,29.0,1.0,8.0,1.0,1.0,4.0,2.0,2.0,2.0,1.0,2.0,1.0,1.0,1.0,1.0,1.0,2.0,1.0,2.0,1.0,1.0,1.0,2.0,5.0,2.0,2.0,1.0,1.0,6.0,2.0,2.0,1.0,1.0,1.0,1.0,1.0,0.0,1.0,1.0,1.0,2.0,1.0,0.0,0.0,0.0,2.0,0.0,6.0,0.0,0.0,0.0,0.0,0.0,0.0,1.0,0.0,166.0,166.0,1.0,185.0,185.0,185.0,185.0,185.0,0.0,2.0,2.0,3.0,1.0,1.0,1.0,1.0,5.0,2.0,7.0,9.0,5.0,5.0,5.0,1.0,2.0,1.0,1.0,1.0,1.0,1.0,2.0,1.0,1.0,1.0,3.0,1.0,2.0,1.0,1.0,1.0,1.0,1.0,1.0,0.0,2.0
2017,4792.3.xml,1.0,1.0,1.0,5.0,1.0,1.0,1.0,1.0,2.0,2.0,2.0,2.0,1.0,2.0,2.0,2.0,2.0,1.0,1.0,0.0,0.0,0.0,2.0,1.0,5.0,2.0,2.0,1.0,4.0,3.0,8.0,7.0,5.0,2.0,5.0,2.0,0.0,0.0,1.0,1.0,1.0,0.0,3.0,1.0,1.0,0.0,0.0,1.0,1.0,1.0,1.0,0.0,0.0,1.0,1.0,1.0,1.0,1.0,1.0,1.0,1.0,1.0,1.0,0.0,0.0,0.0,0.0,0.0,0.0,0.0,0.0,0.0,0.0,0.0,0.0,0.0,0.0,0.0,0.0,0.0,0.0,0.0,1.0,1.0,1.0,1.0,4.0,1.0,1.0,1.0,4.0,2.0,6.0,2.0,1.0,2.0,2.0,2.0,1.0,2.0,2.0,2.0,22.0,15.0,15.0,2.0,1.0,2.0,1.0,0.0,2.0,3.0,1.0,3.0,1.0,1.0,1.0,1.0,22.0,23.0,0.0,0.0,0.0,2.0,1.0,2.0,1.0,1.0,1.0,1.0,7.0,1.0,4.0,4.0,1.0,18.0,1.0,4.0,1.0,1.0,4.0,2.0,2.0,2.0,1.0,2.0,1.0,1.0,1.0,1.0,1.0,2.0,1.0,2.0,1.0,1.0,1.0,2.0,5.0,3.0,1.0,1.0,1.0,9.0,3.0,3.0,1.0,1.0,0.0,0.0,0.0,0.0,0.0,0.0,0.0,0.0,0.0,0.0,0.0,0.0,2.0,1.0,25.0,5.0,0.0,0.0,0.0,1.0,1.0,3.0,0.0,7.0,7.0,1.0,8.0,8.0,8.0,8.0,8.0,0.0,2.0,2.0,3.0,1.0,1.0,1.0,1.0,5.0,2.0,7.0,9.0,5.0,5.0,5.0,1.0,2.0,1.0,1.0,1.0,1.0,1.0,2.0,1.0,1.0,1.0,3.0,1.0,2.0,1.0,1.0,1.0,1.0,1.0,1.0,0.0,2.0
2017,5216.2.xml,1.0,1.0,1.0,5.0,1.0,1.0,1.0,1.0,2.0,2.0,3.0,3.0,2.0,3.0,3.0,3.0,3.0,1.0,1.0,0.0,0.0,0.0,2.0,1.0,5.0,1.0,1.0,1.0,4.0,3.0,6.0,9.0,5.0,3.0,4.0,2.0,1.0,1.0,3.0,1.0,1.0,0.0,3.0,1.0,3.0,3.0,2.0,1.0,1.0,1.0,1.0,0.0,0.0,1.0,1.0,1.0,1.0,1.0,1.0,1.0,1.0,1.0,1.0,1.0,1.0,1.0,2.0,3.0,3.0,4.0,2.0,5.0,6.0,73.0,4.0,110.0,3.0,193.0,3.0,272.0,2.0,164.0,1.0,1.0,1.0,1.0,4.0,1.0,1.0,0.0,3.0,1.0,6.0,2.0,1.0,1.0,2.0,1.0,1.0,2.0,2.0,2.0,40.0,28.0,28.0,1.0,1.0,2.0,1.0,0.0,1.0,3.0,1.0,2.0,1.0,1.0,1.0,1.0,952.0,697.0,7.0,27.0,27.0,7.0,1.0,4.0,1.0,3.0,1.0,2.0,15.0,1.0,4.0,4.0,1.0,22.0,1.0,7.0,1.0,1.0,4.0,2.0,2.0,1.0,1.0,2.0,1.0,1.0,1.0,1.0,1.0,2.0,1.0,2.0,1.0,1.0,1.0,2.0,5.0,3.0,2.0,1.0,1.0,6.0,2.0,2.0,1.0,1.0,0.0,0.0,0.0,0.0,0.0,0.0,0.0,0.0,0.0,0.0,0.0,0.0,2.0,0.0,10.0,0.0,0.0,0.0,0.0,1.0,1.0,1.0,0.0,74.0,74.0,1.0,120.0,121.0,121.0,122.0,124.0,0.0,2.0,2.0,3.0,1.0,1.0,1.0,1.0,5.0,2.0,7.0,9.0,5.0,5.0,5.0,1.0,2.0,1.0,1.0,1.0,1.0,1.0,2.0,1.0,1.0,1.0,3.0,1.0,2.0,1.0,1.0,1.0,1.0,0.0,0.0,0.0,2.0
2017,5216.4.xml,1.0,1.0,1.0,5.0,1.0,1.0,1.0,1.0,2.0,2.0,3.0,3.0,2.0,3.0,3.0,3.0,3.0,1.0,1.0,0.0,0.0,0.0,2.0,1.0,5.0,1.0,1.0,1.0,4.0,3.0,6.0,9.0,5.0,3.0,4.0,2.0,1.0,1.0,3.0,1.0,1.0,0.0,3.0,1.0,3.0,3.0,2.0,1.0,1.0,1.0,1.0,0.0,0.0,1.0,1.0,1.0,1.0,1.0,1.0,1.0,1.0,1.0,1.0,1.0,1.0,1.0,2.0,3.0,3.0,4.0,2.0,5.0,6.0,73.0,4.0,110.0,3.0,193.0,3.0,272.0,2.0,164.0,1.0,1.0,1.0,1.0,4.0,1.0,1.0,0.0,3.0,1.0,6.0,2.0,1.0,1.0,2.0,1.0,1.0,2.0,2.0,2.0,40.0,28.0,28.0,1.0,1.0,2.0,1.0,0.0,1.0,3.0,1.0,2.0,1.0,1.0,1.0,1.0,952.0,697.0,7.0,27.0,27.0,7.0,1.0,4.0,1.0,3.0,1.0,2.0,15.0,1.0,4.0,4.0,1.0,22.0,1.0,7.0,1.0,1.0,4.0,2.0,2.0,2.0,1.0,2.0,1.0,1.0,1.0,1.0,1.0,2.0,1.0,2.0,1.0,1.0,1.0,2.0,5.0,3.0,1.0,1.0,1.0,9.0,3.0,3.0,1.0,1.0,0.0,0.0,0.0,0.0,0.0,0.0,0.0,0.0,0.0,0.0,0.0,0.0,2.0,0.0,10.0,0.0,0.0,0.0,0.0,1.0,1.0,1.0,0.0,74.0,74.0,1.0,120.0,121.0,121.0,122.0,124.0,0.0,2.0,2.0,3.0,1.0,1.0,1.0,1.0,5.0,2.0,7.0,9.0,5.0,5.0,5.0,1.0,2.0,1.0,1.0,1.0,1.0,1.0,2.0,1.0,1.0,1.0,3.0,1.0,2.0,1.0,1.0,1.0,1.0,0.0,0.0,0.0,2.0
2017,5275.3.xml,1.0,1.0,1.0,5.0,1.0,1.0,1.0,1.0,2.0,2.0,5.0,5.0,2.0,5.0,4.0,4.0,5.0,1.0,1.0,0.0,0.0,0.0,2.0,1.0,2.0,1.0,1.0,1.0,2.0,1.0,2.0,3.0,2.0,2.0,2.0,2.0,0.0,0.0,1.0,1.0,1.0,0.0,3.0,1.0,1.0,0.0,0.0,1.0,1.0,1.0,1.0,0.0,0.0,1.0,1.0,0.0,0.0,0.0,1.0,1.0,1.0,1.0,1.0,0.0,0.0,0.0,0.0,0.0,0.0,0.0,0.0,0.0,0.0,0.0,0.0,0.0,0.0,0.0,0.0,0.0,0.0,0.0,1.0,1.0,1.0,1.0,4.0,1.0,1.0,0.0,4.0,1.0,6.0,2.0,1.0,1.0,2.0,1.0,1.0,2.0,2.0,2.0,20.0,17.0,17.0,3.0,1.0,3.0,1.0,0.0,2.0,3.0,1.0,3.0,1.0,2.0,1.0,3.0,44.0,46.0,1.0,0.0,0.0,6.0,1.0,6.0,1.0,3.0,1.0,3.0,10.0,1.0,4.0,4.0,1.0,11.0,1.0,4.0,2.0,2.0,4.0,2.0,2.0,0.0,0.0,2.0,1.0,1.0,1.0,1.0,1.0,2.0,1.0,2.0,1.0,1.0,1.0,2.0,5.0,6.0,1.0,1.0,1.0,9.0,3.0,3.0,1.0,1.0,0.0,0.0,0.0,0.0,0.0,0.0,0.0,0.0,0.0,0.0,0.0,0.0,2.0,0.0,9.0,0.0,3.0,1.0,3.0,0.0,0.0,2.0,1.0,2.0,2.0,1.0,41.0,40.0,40.0,41.0,42.0,1.0,0.0,2.0,3.0,1.0,1.0,1.0,1.0,5.0,2.0,7.0,9.0,5.0,5.0,5.0,1.0,2.0,1.0,1.0,1.0,1.0,1.0,2.0,1.0,1.0,1.0,3.0,1.0,2.0,1.0,1.0,1.0,1.0,1.0,1.0,1.0,2.0
2017,5370.3.xml,1.0,1.0,1.0,5.0,1.0,1.0,1.0,1.0,2.0,2.0,2.0,2.0,1.0,2.0,2.0,2.0,2.0,1.0,1.0,0.0,0.0,0.0,2.0,1.0,3.0,1.0,2.0,1.0,3.0,2.0,4.0,6.0,3.0,2.0,3.0,2.0,0.0,0.0,1.0,1.0,1.0,0.0,3.0,1.0,1.0,0.0,0.0,1.0,1.0,1.0,1.0,0.0,0.0,1.0,1.0,1.0,1.0,1.0,1.0,1.0,1.0,1.0,1.0,0.0,0.0,0.0,0.0,0.0,0.0,0.0,0.0,0.0,0.0,0.0,0.0,0.0,0.0,0.0,0.0,0.0,0.0,0.0,1.0,1.0,1.0,1.0,4.0,1.0,1.0,0.0,4.0,2.0,4.0,2.0,1.0,1.0,2.0,1.0,1.0,4.0,4.0,4.0,44.0,15.0,15.0,4.0,1.0,4.0,1.0,0.0,2.0,10.0,1.0,9.0,1.0,2.0,2.0,2.0,212.0,212.0,0.0,0.0,0.0,0.0,0.0,0.0,0.0,0.0,0.0,0.0,8.0,1.0,8.0,8.0,1.0,36.0,1.0,8.0,2.0,3.0,8.0,4.0,4.0,4.0,1.0,2.0,1.0,1.0,1.0,1.0,1.0,4.0,1.0,4.0,1.0,1.0,1.0,2.0,5.0,3.0,1.0,1.0,1.0,9.0,3.0,3.0,1.0,1.0,0.0,0.0,0.0,0.0,0.0,0.0,0.0,0.0,0.0,0.0,0.0,0.0,2.0,1.0,26.0,5.0,0.0,0.0,1.0,1.0,1.0,2.0,0.0,167.0,167.0,1.0,185.0,185.0,185.0,186.0,186.0,0.0,2.0,2.0,3.0,1.0,1.0,1.0,1.0,5.0,2.0,7.0,9.0,5.0,5.0,5.0,1.0,2.0,1.0,1.0,1.0,1.0,1.0,2.0,1.0,1.0,1.0,3.0,1.0,2.0,1.0,1.0,1.0,1.0,1.0,1.0,0.0,2.0
2017,5453.2.xml,1.0,1.0,1.0,5.0,1.0,1.0,1.0,1.0,2.0,2.0,8.0,8.0,8.0,8.0,6.0,6.0,8.0,1.0,1.0,0.0,0.0,0.0,1.0,0.0,4.0,1.0,1.0,1.0,1.0,1.0,3.0,8.0,4.0,1.0,1.0,2.0,1.0,1.0,1.0,1.0,1.0,0.0,3.0,1.0,1.0,0.0,0.0,1.0,1.0,1.0,1.0,0.0,0.0,0.0,0.0,0.0,0.0,0.0,0.0,0.0,0.0,0.0,0.0,0.0,0.0,0.0,0.0,0.0,0.0,0.0,0.0,0.0,0.0,0.0,0.0,0.0,0.0,0.0,0.0,0.0,0.0,0.0,1.0,1.0,1.0,1.0,2.0,0.0,0.0,0.0,0.0,0.0,0.0,2.0,1.0,0.0,0.0,0.0,0.0,5.0,5.0,5.0,60.0,26.0,26.0,4.0,1.0,3.0,1.0,1.0,2.0,3.0,1.0,4.0,1.0,1.0,1.0,1.0,13.0,13.0,0.0,4.0,4.0,31.0,1.0,13.0,1.0,2.0,3.0,7.0,12.0,1.0,10.0,10.0,1.0,36.0,1.0,11.0,2.0,2.0,10.0,5.0,5.0,0.0,0.0,2.0,1.0,1.0,1.0,1.0,1.0,5.0,1.0,5.0,1.0,1.0,1.0,0.0,0.0,5.0,1.0,1.0,1.0,6.0,2.0,2.0,1.0,1.0,0.0,0.0,0.0,0.0,0.0,0.0,0.0,0.0,0.0,0.0,0.0,0.0,2.0,0.0,4.0,0.0,0.0,0.0,2.0,0.0,0.0,3.0,0.0,3.0,3.0,1.0,5.0,5.0,5.0,5.0,5.0,0.0,2.0,0.0,0.0,0.0,0.0,0.0,0.0,0.0,0.0,0.0,0.0,0.0,0.0,0.0,0.0,0.0,0.0,0.0,0.0,0.0,0.0,2.0,1.0,1.0,1.0,3.0,1.0,2.0,1.0,1.0,1.0,1.0,1.0,1.0,0.0,2.0
2017,5482.2.xml,1.0,1.0,1.0,5.0,1.0,1.0,1.0,1.0,2.0,2.0,5.0,5.0,4.0,5.0,4.0,4.0,5.0,1.0,1.0,0.0,0.0,0.0,2.0,1.0,7.0,1.0,2.0,1.0,6.0,3.0,8.0,10.0,7.0,1.0,7.0,4.0,1.0,1.0,1.0,1.0,1.0,0.0,3.0,1.0,1.0,0.0,0.0,1.0,1.0,1.0,1.0,0.0,0.0,1.0,1.0,1.0,1.0,1.0,1.0,1.0,1.0,1.0,1.0,0.0,0.0,0.0,0.0,0.0,0.0,0.0,0.0,0.0,0.0,0.0,0.0,0.0,0.0,0.0,0.0,0.0,0.0,0.0,1.0,1.0,1.0,1.0,2.0,0.0,0.0,0.0,0.0,0.0,0.0,2.0,1.0,0.0,0.0,0.0,0.0,4.0,4.0,4.0,52.0,33.0,33.0,6.0,1.0,4.0,1.0,0.0,2.0,4.0,1.0,4.0,1.0,1.0,1.0,1.0,207.0,224.0,4.0,0.0,0.0,8.0,1.0,5.0,1.0,2.0,7.0,4.0,20.0,1.0,8.0,8.0,1.0,37.0,1.0,7.0,1.0,3.0,8.0,4.0,4.0,0.0,0.0,2.0,1.0,1.0,1.0,1.0,1.0,4.0,1.0,4.0,1.0,1.0,1.0,0.0,0.0,5.0,1.0,1.0,1.0,6.0,2.0,2.0,1.0,1.0,1.0,1.0,1.0,1.0,1.0,1.0,2.0,2.0,1.0,1.0,1.0,1.0,2.0,0.0,10.0,0.0,0.0,0.0,1.0,0.0,0.0,1.0,0.0,45.0,45.0,1.0,51.0,51.0,50.0,51.0,60.0,1.0,0.0,2.0,3.0,1.0,1.0,2.0,1.0,6.0,4.0,9.0,10.0,6.0,4.0,7.0,1.0,2.0,1.0,1.0,1.0,1.0,1.0,2.0,1.0,1.0,1.0,3.0,1.0,2.0,1.0,1.0,1.0,1.0,1.0,1.0,0.0,2.0
2017,5482.3.xml,1.0,1.0,1.0,5.0,1.0,1.0,1.0,1.0,2.0,2.0,5.0,5.0,4.0,5.0,4.0,4.0,5.0,1.0,1.0,0.0,0.0,0.0,2.0,1.0,7.0,1.0,2.0,1.0,6.0,3.0,8.0,10.0,7.0,1.0,7.0,4.0,1.0,1.0,1.0,1.0,1.0,0.0,3.0,1.0,1.0,0.0,0.0,1.0,1.0,1.0,1.0,0.0,0.0,1.0,1.0,1.0,1.0,1.0,1.0,1.0,1.0,1.0,1.0,0.0,0.0,0.0,0.0,0.0,0.0,0.0,0.0,0.0,0.0,0.0,0.0,0.0,0.0,0.0,0.0,0.0,0.0,0.0,1.0,1.0,1.0,1.0,2.0,0.0,0.0,0.0,0.0,0.0,0.0,2.0,1.0,0.0,0.0,0.0,0.0,4.0,4.0,4.0,52.0,33.0,33.0,6.0,1.0,4.0,1.0,0.0,2.0,4.0,1.0,4.0,1.0,1.0,1.0,1.0,207.0,224.0,4.0,0.0,0.0,8.0,1.0,5.0,1.0,2.0,7.0,4.0,20.0,1.0,8.0,8.0,1.0,37.0,1.0,7.0,1.0,3.0,8.0,4.0,4.0,4.0,1.0,2.0,1.0,1.0,1.0,1.0,1.0,4.0,1.0,4.0,1.0,1.0,1.0,2.0,5.0,5.0,1.0,1.0,1.0,6.0,2.0,2.0,1.0,1.0,1.0,1.0,1.0,1.0,1.0,1.0,2.0,2.0,1.0,1.0,1.0,1.0,2.0,0.0,10.0,0.0,0.0,0.0,1.0,0.0,0.0,1.0,0.0,45.0,45.0,1.0,51.0,51.0,50.0,51.0,61.0,0.0,2.0,2.0,3.0,1.0,1.0,1.0,1.0,5.0,2.0,7.0,9.0,5.0,5.0,5.0,1.0,2.0,1.0,1.0,1.0,1.0,1.0,2.0,1.0,1.0,1.0,3.0,1.0,2.0,1.0,1.0,1.0,1.0,1.0,1.0,0.0,2.0
2017,5513.2.xml,1.0,1.0,1.0,5.0,1.0,1.0,1.0,1.0,2.0,2.0,5.0,5.0,2.0,5.0,5.0,5.0,5.0,1.0,1.0,0.0,0.0,0.0,2.0,1.0,4.0,0.0,1.0,1.0,2.0,1.0,3.0,5.0,4.0,1.0,1.0,2.0,0.0,0.0,1.0,1.0,1.0,0.0,3.0,1.0,1.0,0.0,0.0,1.0,1.0,1.0,1.0,0.0,0.0,1.0,1.0,0.0,0.0,0.0,1.0,1.0,1.0,1.0,1.0,0.0,0.0,0.0,0.0,0.0,0.0,0.0,0.0,0.0,0.0,0.0,0.0,0.0,0.0,0.0,0.0,0.0,0.0,0.0,1.0,1.0,1.0,1.0,4.0,1.0,2.0,1.0,4.0,2.0,4.0,2.0,1.0,2.0,2.0,2.0,1.0,1.0,1.0,1.0,11.0,11.0,11.0,1.0,1.0,1.0,1.0,0.0,1.0,1.0,1.0,1.0,1.0,1.0,1.0,1.0,13.0,13.0,0.0,0.0,0.0,6.0,1.0,6.0,1.0,2.0,1.0,4.0,8.0,1.0,2.0,2.0,1.0,4.0,1.0,2.0,1.0,1.0,2.0,1.0,1.0,0.0,0.0,2.0,1.0,1.0,1.0,1.0,1.0,1.0,1.0,1.0,1.0,1.0,1.0,2.0,5.0,2.0,1.0,1.0,1.0,6.0,2.0,2.0,1.0,1.0,0.0,0.0,0.0,0.0,0.0,0.0,0.0,0.0,0.0,0.0,0.0,0.0,2.0,0.0,8.0,0.0,0.0,0.0,0.0,0.0,0.0,3.0,0.0,13.0,13.0,1.0,13.0,13.0,13.0,13.0,15.0,1.0,0.0,2.0,3.0,1.0,1.0,1.0,1.0,5.0,2.0,7.0,9.0,5.0,5.0,5.0,1.0,2.0,1.0,1.0,1.0,1.0,1.0,2.0,1.0,1.0,1.0,3.0,1.0,2.0,1.0,1.0,1.0,1.0,1.0,1.0,0.0,2.0
