Collection,Record,/eml:eml/@packageId,/eml:eml/@scope,/eml:eml/@system,/eml:eml/@xsi:schemaLocation,/eml:eml/access,/eml:eml/access/@authSystem,/eml:eml/access/@order,/eml:eml/access/@scope,/eml:eml/access/@system,/eml:eml/access/allow/permission,/eml:eml/access/allow/principal,/eml:eml/additionalMetadata/metadata/stmml:unitList/@xsi:schemaLocation,/eml:eml/additionalMetadata/metadata/stmml:unitList/stmml:unit/@abbreviation,/eml:eml/additionalMetadata/metadata/stmml:unitList/stmml:unit/@constantToSI,/eml:eml/additionalMetadata/metadata/stmml:unitList/stmml:unit/@id,/eml:eml/additionalMetadata/metadata/stmml:unitList/stmml:unit/@multiplierToSI,/eml:eml/additionalMetadata/metadata/stmml:unitList/stmml:unit/@name,/eml:eml/additionalMetadata/metadata/stmml:unitList/stmml:unit/@parentSI,/eml:eml/additionalMetadata/metadata/stmml:unitList/stmml:unit/@unitType,/eml:eml/additionalMetadata/metadata/stmml:unitList/stmml:unit/stmml:description,/eml:eml/additionalMetadata/metadata/stmml:unitList/stmml:unitType/@id,/eml:eml/additionalMetadata/metadata/stmml:unitList/stmml:unitType/@name,/eml:eml/additionalMetadata/metadata/stmml:unitList/stmml:unitType/stmml:dimension/@name,/eml:eml/additionalMetadata/metadata/stmml:unitList/stmml:unitType/stmml:dimension/@power,/eml:eml/dataset/@scope,/eml:eml/dataset/abstract,/eml:eml/dataset/alternateIdentifier,/eml:eml/dataset/associatedParty,/eml:eml/dataset/associatedParty/electronicMailAddress,/eml:eml/dataset/associatedParty/individualName/givenName,/eml:eml/dataset/associatedParty/individualName/surName,/eml:eml/dataset/associatedParty/organizationName,/eml:eml/dataset/associatedParty/role,/eml:eml/dataset/contact,/eml:eml/dataset/contact/address/administrativeArea,/eml:eml/dataset/contact/address/city,/eml:eml/dataset/contact/address/country,/eml:eml/dataset/contact/address/deliveryPoint,/eml:eml/dataset/contact/address/postalCode,/eml:eml/dataset/contact/electronicMailAddress,/eml:eml/dataset/contact/onlineUrl,/eml:eml/dataset/contact/organizationName,/eml:eml/dataset/contact/phone,/eml:eml/dataset/contact/phone/@phonetype,/eml:eml/dataset/contact/positionName,/eml:eml/dataset/creator,/eml:eml/dataset/creator/address/administrativeArea,/eml:eml/dataset/creator/address/city,/eml:eml/dataset/creator/address/country,/eml:eml/dataset/creator/address/deliveryPoint,/eml:eml/dataset/creator/address/postalCode,/eml:eml/dataset/creator/electronicMailAddress,/eml:eml/dataset/creator/individualName/givenName,/eml:eml/dataset/creator/individualName/surName,/eml:eml/dataset/creator/organizationName,/eml:eml/dataset/dataTable/@id,/eml:eml/dataset/dataTable/attributeList,/eml:eml/dataset/dataTable/attributeList/attribute/@id,/eml:eml/dataset/dataTable/attributeList/attribute/attributeDefinition,/eml:eml/dataset/dataTable/attributeList/attribute/attributeName,/eml:eml/dataset/dataTable/attributeList/attribute/measurementScale/dateTime/formatString,/eml:eml/dataset/dataTable/attributeList/attribute/measurementScale/interval/numericDomain/numberType,/eml:eml/dataset/dataTable/attributeList/attribute/measurementScale/interval/unit/customUnit,/eml:eml/dataset/dataTable/attributeList/attribute/measurementScale/nominal/nonNumericDomain/enumeratedDomain/codeDefinition/code,/eml:eml/dataset/dataTable/attributeList/attribute/measurementScale/nominal/nonNumericDomain/enumeratedDomain/codeDefinition/definition,/eml:eml/dataset/dataTable/attributeList/attribute/measurementScale/nominal/nonNumericDomain/textDomain/definition,/eml:eml/dataset/dataTable/attributeList/attribute/measurementScale/ordinal/nonNumericDomain/textDomain/definition,/eml:eml/dataset/dataTable/attributeList/attribute/measurementScale/ratio/numericDomain/numberType,/eml:eml/dataset/dataTable/attributeList/attribute/measurementScale/ratio/unit/customUnit,/eml:eml/dataset/dataTable/attributeList/attribute/missingValueCode/code,/eml:eml/dataset/dataTable/attributeList/attribute/missingValueCode/codeExplanation,/eml:eml/dataset/dataTable/attributeList/attribute/storageType,/eml:eml/dataset/dataTable/attributeList/attribute/storageType/@typeSystem,/eml:eml/dataset/dataTable/entityDescription,/eml:eml/dataset/dataTable/entityName,/eml:eml/dataset/dataTable/physical/characterEncoding,/eml:eml/dataset/dataTable/physical/dataFormat,/eml:eml/dataset/dataTable/physical/dataFormat/textFormat/attributeOrientation,/eml:eml/dataset/dataTable/physical/dataFormat/textFormat/numFooterLines,/eml:eml/dataset/dataTable/physical/dataFormat/textFormat/numHeaderLines,/eml:eml/dataset/dataTable/physical/dataFormat/textFormat/recordDelimiter,/eml:eml/dataset/dataTable/physical/dataFormat/textFormat/simpleDelimited/fieldDelimiter,/eml:eml/dataset/dataTable/physical/dataFormat/textFormat/simpleDelimited/literalCharacter,/eml:eml/dataset/dataTable/physical/dataFormat/textFormat/simpleDelimited/quoteCharacter,/eml:eml/dataset/dataTable/physical/distribution/online/url,/eml:eml/dataset/dataTable/physical/distribution/online/url/@function,/eml:eml/dataset/dataTable/physical/objectName,/eml:eml/dataset/distribution,/eml:eml/dataset/distribution/online/url,/eml:eml/dataset/distribution/online/url/@function,/eml:eml/dataset/intellectualRights,/eml:eml/dataset/intellectualRights/para,/eml:eml/dataset/keywordSet/keyword,/eml:eml/dataset/keywordSet/keywordThesaurus,/eml:eml/dataset/metadataProvider,/eml:eml/dataset/metadataProvider/address/administrativeArea,/eml:eml/dataset/metadataProvider/address/city,/eml:eml/dataset/metadataProvider/address/country,/eml:eml/dataset/metadataProvider/address/deliveryPoint,/eml:eml/dataset/metadataProvider/address/postalCode,/eml:eml/dataset/metadataProvider/organizationName,/eml:eml/dataset/methods,/eml:eml/dataset/methods/methodStep/description/section/para,/eml:eml/dataset/methods/methodStep/description/section/title,/eml:eml/dataset/methods/methodStep/instrumentation,/eml:eml/dataset/methods/methodStep/protocol/creator/organizationName,/eml:eml/dataset/methods/methodStep/protocol/distribution/online/url,/eml:eml/dataset/methods/methodStep/protocol/distribution/online/url/@function,/eml:eml/dataset/methods/methodStep/protocol/title,/eml:eml/dataset/pubDate,/eml:eml/dataset/publisher,/eml:eml/dataset/publisher/address/administrativeArea,/eml:eml/dataset/publisher/address/city,/eml:eml/dataset/publisher/address/country,/eml:eml/dataset/publisher/address/deliveryPoint,/eml:eml/dataset/publisher/address/postalCode,/eml:eml/dataset/publisher/organizationName,/eml:eml/dataset/title
2016,10.2.xml,1.0,1.0,1.0,1.0,5.0,1.0,1.0,1.0,1.0,2.0,2.0,1.0,12.0,2.0,14.0,4.0,14.0,5.0,7.0,13.0,7.0,7.0,7.0,2.0,1.0,1.0,1.0,0.0,0.0,0.0,0.0,0.0,0.0,2.0,1.0,1.0,1.0,2.0,1.0,2.0,1.0,2.0,2.0,2.0,2.0,4.0,1.0,1.0,1.0,4.0,1.0,2.0,1.0,1.0,4.0,1.0,1.0,20.0,20.0,20.0,0.0,2.0,2.0,0.0,0.0,4.0,0.0,1.0,8.0,1.0,1.0,3.0,1.0,2.0,1.0,1.0,2.0,1.0,1.0,1.0,1.0,1.0,1.0,1.0,1.0,1.0,1.0,1.0,1.0,1.0,2.0,1.0,6.0,1.0,1.0,1.0,1.0,1.0,4.0,1.0,1.0,2.0,1.0,1.0,0.0,1.0,1.0,1.0,1.0,2.0,1.0,1.0,1.0,1.0,4.0,1.0,1.0,2.0
2016,104.2.xml,1.0,1.0,1.0,1.0,5.0,1.0,1.0,1.0,1.0,2.0,2.0,1.0,5.0,1.0,7.0,2.0,7.0,3.0,4.0,7.0,4.0,4.0,4.0,1.0,1.0,1.0,1.0,0.0,0.0,0.0,0.0,0.0,0.0,2.0,1.0,1.0,1.0,2.0,1.0,2.0,1.0,2.0,2.0,2.0,2.0,4.0,1.0,1.0,1.0,4.0,1.0,2.0,1.0,1.0,4.0,1.0,1.0,13.0,11.0,11.0,0.0,2.0,1.0,0.0,0.0,4.0,0.0,1.0,4.0,1.0,1.0,4.0,1.0,2.0,1.0,1.0,2.0,1.0,1.0,1.0,1.0,1.0,1.0,1.0,1.0,1.0,1.0,1.0,1.0,1.0,2.0,1.0,5.0,1.0,1.0,1.0,1.0,1.0,4.0,1.0,1.0,2.0,3.0,3.0,0.0,1.0,1.0,1.0,1.0,2.0,1.0,1.0,1.0,1.0,4.0,1.0,1.0,2.0
2016,104.3.xml,1.0,1.0,1.0,1.0,5.0,1.0,1.0,1.0,1.0,2.0,2.0,1.0,5.0,1.0,7.0,2.0,7.0,3.0,4.0,7.0,4.0,4.0,4.0,1.0,1.0,1.0,1.0,0.0,0.0,0.0,0.0,0.0,0.0,2.0,1.0,1.0,1.0,2.0,1.0,2.0,1.0,2.0,2.0,2.0,2.0,4.0,1.0,1.0,1.0,4.0,1.0,2.0,1.0,1.0,4.0,1.0,1.0,13.0,11.0,11.0,0.0,2.0,1.0,0.0,0.0,4.0,0.0,1.0,4.0,1.0,1.0,4.0,1.0,2.0,1.0,1.0,2.0,1.0,1.0,1.0,1.0,1.0,1.0,1.0,1.0,1.0,1.0,1.0,1.0,1.0,2.0,1.0,5.0,1.0,1.0,1.0,1.0,1.0,4.0,1.0,1.0,2.0,3.0,3.0,0.0,1.0,1.0,1.0,1.0,2.0,1.0,1.0,1.0,1.0,4.0,1.0,1.0,2.0
2016,11.2.xml,1.0,1.0,1.0,1.0,5.0,1.0,1.0,1.0,1.0,2.0,2.0,1.0,3.0,1.0,4.0,1.0,4.0,1.0,3.0,4.0,3.0,3.0,3.0,1.0,1.0,1.0,1.0,0.0,0.0,0.0,0.0,0.0,0.0,2.0,1.0,1.0,1.0,2.0,1.0,2.0,1.0,2.0,2.0,2.0,2.0,4.0,1.0,1.0,1.0,4.0,1.0,2.0,1.0,1.0,4.0,1.0,1.0,12.0,10.0,12.0,1.0,2.0,1.0,0.0,0.0,2.0,0.0,1.0,2.0,1.0,1.0,3.0,1.0,2.0,1.0,1.0,2.0,1.0,1.0,1.0,1.0,1.0,1.0,1.0,1.0,1.0,1.0,1.0,1.0,1.0,2.0,1.0,6.0,1.0,1.0,1.0,1.0,1.0,4.0,1.0,1.0,2.0,1.0,1.0,0.0,0.0,0.0,0.0,0.0,2.0,1.0,1.0,1.0,1.0,4.0,1.0,1.0,2.0
2016,113.2.xml,1.0,1.0,1.0,1.0,5.0,1.0,1.0,1.0,1.0,2.0,2.0,1.0,7.0,1.0,8.0,4.0,8.0,4.0,4.0,8.0,4.0,4.0,4.0,1.0,1.0,1.0,1.0,0.0,0.0,0.0,0.0,0.0,0.0,2.0,1.0,1.0,1.0,2.0,1.0,2.0,1.0,2.0,2.0,2.0,2.0,4.0,1.0,1.0,1.0,4.0,1.0,2.0,1.0,1.0,4.0,1.0,1.0,21.0,12.0,21.0,0.0,2.0,1.0,0.0,0.0,5.0,0.0,1.0,4.0,3.0,2.0,3.0,1.0,2.0,1.0,1.0,2.0,1.0,1.0,1.0,1.0,1.0,1.0,1.0,1.0,1.0,1.0,1.0,1.0,1.0,2.0,1.0,5.0,1.0,1.0,1.0,1.0,1.0,4.0,1.0,1.0,2.0,2.0,2.0,0.0,1.0,1.0,1.0,1.0,2.0,1.0,1.0,1.0,1.0,4.0,1.0,1.0,2.0
2016,119.2.xml,1.0,1.0,1.0,1.0,5.0,1.0,1.0,1.0,1.0,2.0,2.0,1.0,5.0,1.0,6.0,3.0,6.0,3.0,3.0,6.0,3.0,3.0,3.0,1.0,1.0,1.0,1.0,0.0,0.0,0.0,0.0,0.0,0.0,2.0,1.0,1.0,1.0,2.0,1.0,2.0,1.0,2.0,2.0,2.0,2.0,4.0,1.0,1.0,1.0,4.0,1.0,2.0,1.0,1.0,4.0,1.0,1.0,20.0,14.0,20.0,0.0,2.0,1.0,0.0,0.0,4.0,0.0,1.0,3.0,1.0,1.0,4.0,1.0,2.0,1.0,1.0,2.0,1.0,1.0,1.0,1.0,1.0,1.0,1.0,1.0,1.0,1.0,1.0,1.0,1.0,2.0,1.0,7.0,1.0,1.0,1.0,1.0,1.0,4.0,1.0,1.0,2.0,3.0,2.0,0.0,1.0,1.0,1.0,1.0,2.0,1.0,1.0,1.0,1.0,4.0,1.0,1.0,2.0
2016,13.2.xml,1.0,1.0,1.0,1.0,5.0,1.0,1.0,1.0,1.0,2.0,2.0,1.0,5.0,2.0,5.0,2.0,5.0,2.0,3.0,5.0,3.0,3.0,3.0,1.0,1.0,1.0,1.0,0.0,0.0,0.0,0.0,0.0,0.0,2.0,1.0,1.0,1.0,2.0,1.0,2.0,1.0,2.0,2.0,2.0,2.0,2.0,1.0,1.0,1.0,3.0,1.0,0.0,0.0,0.0,2.0,1.0,1.0,18.0,9.0,18.0,1.0,0.0,0.0,0.0,0.0,3.0,0.0,1.0,3.0,3.0,2.0,3.0,1.0,2.0,1.0,1.0,2.0,1.0,1.0,1.0,1.0,1.0,1.0,1.0,1.0,1.0,1.0,1.0,1.0,1.0,2.0,1.0,5.0,1.0,1.0,1.0,1.0,1.0,4.0,1.0,1.0,2.0,2.0,2.0,0.0,1.0,1.0,1.0,1.0,2.0,1.0,1.0,1.0,1.0,4.0,1.0,1.0,2.0
2016,143.2.xml,1.0,1.0,1.0,1.0,5.0,1.0,1.0,1.0,1.0,2.0,2.0,1.0,9.0,2.0,9.0,2.0,9.0,2.0,7.0,9.0,7.0,7.0,8.0,5.0,1.0,1.0,1.0,0.0,0.0,0.0,0.0,0.0,0.0,2.0,1.0,1.0,1.0,2.0,1.0,2.0,1.0,2.0,2.0,2.0,2.0,4.0,1.0,1.0,1.0,4.0,1.0,2.0,1.0,1.0,4.0,1.0,1.0,14.0,14.0,14.0,0.0,1.0,1.0,0.0,0.0,2.0,0.0,1.0,6.0,4.0,2.0,3.0,1.0,2.0,1.0,1.0,2.0,1.0,1.0,1.0,1.0,1.0,1.0,1.0,1.0,1.0,1.0,1.0,1.0,1.0,2.0,1.0,6.0,1.0,1.0,1.0,1.0,1.0,4.0,1.0,1.0,2.0,3.0,3.0,0.0,0.0,0.0,0.0,0.0,2.0,1.0,1.0,1.0,1.0,4.0,1.0,1.0,2.0
2016,15.2.xml,1.0,1.0,1.0,1.0,5.0,1.0,1.0,1.0,1.0,2.0,2.0,1.0,2.0,1.0,2.0,1.0,2.0,1.0,1.0,2.0,1.0,1.0,1.0,0.0,1.0,1.0,1.0,0.0,0.0,0.0,0.0,0.0,0.0,2.0,1.0,1.0,1.0,2.0,1.0,2.0,1.0,2.0,2.0,2.0,2.0,2.0,1.0,1.0,1.0,4.0,1.0,0.0,0.0,0.0,2.0,1.0,1.0,6.0,6.0,6.0,1.0,1.0,1.0,0.0,0.0,4.0,0.0,0.0,0.0,1.0,1.0,4.0,1.0,2.0,1.0,1.0,2.0,1.0,1.0,1.0,1.0,1.0,1.0,1.0,1.0,1.0,1.0,1.0,1.0,1.0,2.0,1.0,4.0,1.0,1.0,1.0,1.0,1.0,4.0,1.0,1.0,2.0,2.0,2.0,0.0,1.0,1.0,1.0,1.0,2.0,1.0,1.0,1.0,1.0,4.0,1.0,1.0,2.0
2016,152.1.xml,1.0,1.0,1.0,1.0,5.0,1.0,1.0,1.0,1.0,2.0,2.0,1.0,2.0,0.0,2.0,0.0,2.0,0.0,2.0,2.0,2.0,2.0,2.0,0.0,1.0,1.0,1.0,0.0,0.0,0.0,0.0,0.0,0.0,2.0,1.0,1.0,1.0,2.0,1.0,2.0,1.0,2.0,2.0,2.0,2.0,4.0,1.0,1.0,1.0,4.0,1.0,2.0,1.0,1.0,4.0,1.0,1.0,7.0,3.0,7.0,0.0,1.0,1.0,0.0,0.0,1.0,0.0,1.0,1.0,4.0,3.0,2.0,1.0,2.0,1.0,1.0,2.0,1.0,1.0,1.0,1.0,1.0,1.0,1.0,1.0,1.0,1.0,1.0,1.0,1.0,2.0,1.0,6.0,1.0,1.0,1.0,1.0,1.0,4.0,1.0,1.0,2.0,1.0,1.0,0.0,0.0,0.0,0.0,0.0,2.0,1.0,1.0,1.0,1.0,4.0,1.0,1.0,2.0
2016,153.2.xml,1.0,1.0,1.0,1.0,5.0,1.0,1.0,1.0,1.0,2.0,2.0,1.0,2.0,1.0,2.0,1.0,2.0,1.0,1.0,2.0,1.0,1.0,1.0,0.0,1.0,1.0,1.0,0.0,0.0,0.0,0.0,0.0,0.0,2.0,1.0,1.0,1.0,2.0,1.0,2.0,1.0,2.0,2.0,2.0,2.0,4.0,2.0,2.0,1.0,6.0,2.0,0.0,0.0,0.0,4.0,1.0,1.0,8.0,4.0,8.0,1.0,0.0,0.0,0.0,0.0,2.0,0.0,1.0,1.0,3.0,2.0,3.0,1.0,2.0,1.0,1.0,2.0,1.0,1.0,1.0,1.0,1.0,1.0,1.0,1.0,1.0,1.0,1.0,1.0,1.0,2.0,1.0,6.0,1.0,1.0,1.0,1.0,1.0,4.0,1.0,1.0,2.0,2.0,2.0,0.0,1.0,1.0,1.0,1.0,2.0,1.0,1.0,1.0,1.0,4.0,1.0,1.0,2.0
2016,153.3.xml,1.0,1.0,1.0,1.0,5.0,1.0,1.0,1.0,1.0,2.0,2.0,1.0,2.0,1.0,2.0,1.0,2.0,1.0,1.0,2.0,1.0,1.0,1.0,0.0,1.0,1.0,1.0,0.0,0.0,0.0,0.0,0.0,0.0,2.0,1.0,1.0,1.0,2.0,1.0,2.0,1.0,2.0,2.0,2.0,2.0,4.0,2.0,2.0,1.0,6.0,2.0,0.0,0.0,0.0,4.0,1.0,1.0,8.0,4.0,8.0,1.0,0.0,0.0,0.0,0.0,2.0,0.0,1.0,1.0,3.0,2.0,3.0,1.0,2.0,1.0,1.0,2.0,1.0,1.0,1.0,1.0,1.0,1.0,1.0,1.0,1.0,1.0,1.0,1.0,1.0,2.0,1.0,6.0,1.0,1.0,1.0,1.0,1.0,4.0,1.0,1.0,2.0,2.0,2.0,0.0,1.0,1.0,1.0,1.0,2.0,1.0,1.0,1.0,1.0,4.0,1.0,1.0,2.0
2016,155.2.xml,1.0,1.0,1.0,1.0,5.0,1.0,1.0,1.0,1.0,2.0,2.0,1.0,1.0,0.0,1.0,0.0,1.0,0.0,1.0,1.0,1.0,1.0,2.0,1.0,1.0,1.0,1.0,0.0,0.0,0.0,0.0,0.0,0.0,2.0,1.0,1.0,1.0,2.0,1.0,2.0,1.0,2.0,2.0,2.0,2.0,4.0,1.0,1.0,1.0,4.0,1.0,2.0,1.0,1.0,4.0,1.0,1.0,8.0,4.0,6.0,0.0,0.0,0.0,0.0,0.0,2.0,0.0,1.0,1.0,1.0,1.0,3.0,1.0,2.0,1.0,1.0,2.0,1.0,1.0,1.0,1.0,1.0,1.0,1.0,1.0,1.0,1.0,1.0,1.0,1.0,2.0,1.0,9.0,1.0,1.0,1.0,1.0,1.0,4.0,1.0,1.0,2.0,3.0,3.0,0.0,1.0,1.0,1.0,1.0,2.0,1.0,1.0,1.0,1.0,4.0,1.0,1.0,2.0
2016,159.2.xml,1.0,1.0,1.0,1.0,5.0,1.0,1.0,1.0,1.0,2.0,2.0,1.0,2.0,1.0,4.0,1.0,4.0,1.0,3.0,4.0,3.0,3.0,2.0,1.0,1.0,1.0,1.0,0.0,0.0,0.0,0.0,0.0,0.0,2.0,1.0,1.0,1.0,2.0,1.0,2.0,1.0,2.0,2.0,2.0,2.0,4.0,1.0,1.0,1.0,4.0,1.0,2.0,1.0,1.0,4.0,1.0,1.0,11.0,9.0,11.0,0.0,2.0,1.0,0.0,0.0,4.0,0.0,1.0,2.0,2.0,2.0,2.0,1.0,2.0,1.0,1.0,2.0,1.0,1.0,1.0,1.0,1.0,1.0,1.0,1.0,1.0,1.0,1.0,1.0,1.0,2.0,1.0,5.0,1.0,1.0,1.0,1.0,1.0,4.0,1.0,1.0,2.0,2.0,2.0,0.0,1.0,1.0,1.0,1.0,2.0,1.0,1.0,1.0,1.0,4.0,1.0,1.0,2.0
2016,162.1.xml,1.0,1.0,1.0,1.0,5.0,1.0,1.0,1.0,1.0,2.0,2.0,1.0,1.0,1.0,2.0,1.0,2.0,1.0,1.0,2.0,1.0,1.0,2.0,1.0,1.0,1.0,1.0,0.0,0.0,0.0,0.0,0.0,0.0,2.0,1.0,1.0,1.0,2.0,1.0,2.0,1.0,2.0,2.0,2.0,2.0,4.0,1.0,1.0,1.0,2.0,1.0,2.0,1.0,1.0,4.0,1.0,1.0,4.0,4.0,4.0,0.0,0.0,0.0,0.0,0.0,2.0,0.0,1.0,1.0,3.0,2.0,4.0,1.0,2.0,1.0,1.0,2.0,1.0,1.0,1.0,1.0,1.0,1.0,1.0,1.0,1.0,1.0,1.0,1.0,1.0,2.0,1.0,5.0,1.0,1.0,1.0,1.0,1.0,4.0,1.0,1.0,2.0,1.0,1.0,0.0,0.0,0.0,0.0,0.0,2.0,1.0,1.0,1.0,1.0,4.0,1.0,1.0,2.0
2016,162.2.xml,1.0,1.0,1.0,1.0,5.0,1.0,1.0,1.0,1.0,2.0,2.0,1.0,1.0,1.0,2.0,1.0,2.0,1.0,1.0,2.0,1.0,1.0,2.0,1.0,1.0,1.0,1.0,0.0,0.0,0.0,0.0,0.0,0.0,2.0,1.0,1.0,1.0,2.0,1.0,2.0,1.0,2.0,2.0,2.0,2.0,6.0,1.0,2.0,1.0,6.0,2.0,2.0,1.0,1.0,6.0,1.0,1.0,4.0,4.0,4.0,0.0,0.0,0.0,0.0,0.0,2.0,0.0,1.0,1.0,3.0,2.0,4.0,1.0,2.0,1.0,1.0,2.0,1.0,1.0,1.0,1.0,1.0,1.0,1.0,1.0,1.0,1.0,1.0,1.0,1.0,2.0,1.0,5.0,1.0,1.0,1.0,1.0,1.0,4.0,1.0,1.0,2.0,1.0,1.0,0.0,0.0,0.0,0.0,0.0,2.0,1.0,1.0,1.0,1.0,4.0,1.0,1.0,2.0
2016,164.1.xml,1.0,1.0,1.0,1.0,5.0,1.0,1.0,1.0,1.0,2.0,2.0,1.0,1.0,1.0,2.0,1.0,2.0,1.0,1.0,2.0,1.0,1.0,2.0,1.0,1.0,1.0,1.0,0.0,0.0,0.0,0.0,0.0,0.0,2.0,1.0,1.0,1.0,2.0,1.0,2.0,1.0,2.0,2.0,2.0,2.0,6.0,1.0,2.0,1.0,6.0,2.0,2.0,1.0,1.0,6.0,1.0,1.0,6.0,6.0,6.0,1.0,0.0,0.0,69.0,69.0,2.0,0.0,2.0,1.0,2.0,2.0,4.0,1.0,2.0,1.0,1.0,2.0,1.0,1.0,1.0,1.0,1.0,1.0,1.0,1.0,1.0,1.0,1.0,1.0,1.0,2.0,1.0,5.0,1.0,1.0,1.0,1.0,1.0,4.0,1.0,1.0,2.0,1.0,1.0,0.0,0.0,0.0,0.0,0.0,2.0,1.0,1.0,1.0,1.0,4.0,1.0,1.0,2.0
2016,17.2.xml,1.0,1.0,1.0,1.0,5.0,1.0,1.0,1.0,1.0,2.0,2.0,1.0,11.0,2.0,12.0,3.0,12.0,5.0,7.0,11.0,7.0,7.0,6.0,3.0,1.0,1.0,1.0,0.0,0.0,0.0,0.0,0.0,0.0,2.0,1.0,1.0,1.0,2.0,1.0,2.0,1.0,2.0,2.0,2.0,2.0,6.0,1.0,1.0,1.0,7.0,2.0,2.0,1.0,1.0,6.0,2.0,1.0,50.0,25.0,25.0,0.0,1.0,1.0,0.0,0.0,1.0,0.0,1.0,7.0,1.0,1.0,2.0,1.0,4.0,2.0,1.0,2.0,1.0,1.0,1.0,1.0,1.0,1.0,1.0,2.0,1.0,2.0,1.0,1.0,1.0,2.0,1.0,7.0,1.0,1.0,1.0,1.0,1.0,4.0,1.0,1.0,2.0,2.0,2.0,0.0,1.0,1.0,1.0,1.0,2.0,1.0,1.0,1.0,1.0,4.0,1.0,1.0,2.0
2016,170.1.xml,1.0,1.0,1.0,1.0,5.0,1.0,1.0,1.0,1.0,2.0,2.0,1.0,2.0,1.0,2.0,1.0,2.0,1.0,1.0,2.0,1.0,1.0,2.0,1.0,1.0,1.0,1.0,0.0,0.0,0.0,0.0,0.0,0.0,2.0,1.0,1.0,1.0,2.0,1.0,2.0,1.0,2.0,2.0,2.0,2.0,4.0,1.0,1.0,1.0,4.0,1.0,2.0,1.0,1.0,4.0,1.0,1.0,4.0,4.0,4.0,0.0,0.0,0.0,0.0,0.0,2.0,0.0,1.0,1.0,2.0,2.0,4.0,1.0,2.0,1.0,1.0,2.0,1.0,1.0,1.0,1.0,1.0,1.0,1.0,1.0,1.0,1.0,1.0,1.0,1.0,2.0,1.0,5.0,1.0,1.0,1.0,1.0,1.0,4.0,1.0,1.0,2.0,3.0,3.0,0.0,1.0,1.0,1.0,1.0,2.0,1.0,1.0,1.0,1.0,4.0,1.0,1.0,2.0
2016,171.3.xml,1.0,1.0,1.0,1.0,5.0,1.0,1.0,1.0,1.0,2.0,2.0,1.0,2.0,1.0,2.0,1.0,2.0,1.0,1.0,2.0,1.0,1.0,2.0,1.0,1.0,1.0,1.0,0.0,0.0,0.0,0.0,0.0,0.0,2.0,1.0,1.0,1.0,2.0,1.0,2.0,1.0,2.0,2.0,2.0,2.0,4.0,1.0,1.0,1.0,4.0,1.0,2.0,1.0,1.0,4.0,1.0,1.0,4.0,4.0,4.0,0.0,0.0,0.0,0.0,0.0,2.0,0.0,1.0,1.0,1.0,1.0,3.0,1.0,2.0,1.0,1.0,2.0,1.0,1.0,1.0,1.0,1.0,1.0,1.0,1.0,1.0,1.0,1.0,1.0,1.0,2.0,1.0,5.0,1.0,1.0,1.0,1.0,1.0,4.0,1.0,1.0,2.0,3.0,3.0,0.0,1.0,1.0,1.0,1.0,2.0,1.0,1.0,1.0,1.0,4.0,1.0,1.0,2.0
2016,172.2.xml,1.0,1.0,1.0,1.0,5.0,1.0,1.0,1.0,1.0,2.0,2.0,1.0,1.0,0.0,1.0,0.0,1.0,0.0,1.0,1.0,1.0,1.0,2.0,1.0,1.0,1.0,1.0,0.0,0.0,0.0,0.0,0.0,0.0,2.0,1.0,1.0,1.0,2.0,1.0,2.0,1.0,2.0,2.0,2.0,2.0,4.0,1.0,1.0,1.0,4.0,1.0,2.0,1.0,1.0,4.0,1.0,1.0,4.0,4.0,4.0,0.0,0.0,0.0,0.0,0.0,2.0,0.0,1.0,1.0,1.0,1.0,3.0,1.0,2.0,1.0,1.0,2.0,1.0,1.0,1.0,1.0,1.0,1.0,1.0,1.0,1.0,1.0,1.0,1.0,1.0,2.0,1.0,10.0,1.0,1.0,1.0,1.0,1.0,4.0,1.0,1.0,2.0,3.0,3.0,0.0,1.0,1.0,1.0,1.0,2.0,1.0,1.0,1.0,1.0,4.0,1.0,1.0,2.0
2016,176.2.xml,1.0,1.0,1.0,1.0,5.0,1.0,1.0,1.0,1.0,2.0,2.0,1.0,2.0,1.0,3.0,1.0,3.0,1.0,2.0,3.0,2.0,2.0,4.0,2.0,1.0,1.0,1.0,0.0,0.0,0.0,0.0,0.0,0.0,2.0,1.0,1.0,1.0,2.0,1.0,2.0,1.0,2.0,2.0,2.0,2.0,4.0,1.0,1.0,1.0,4.0,1.0,2.0,1.0,1.0,4.0,1.0,1.0,7.0,7.0,7.0,0.0,2.0,1.0,0.0,0.0,4.0,0.0,1.0,1.0,1.0,1.0,3.0,1.0,2.0,1.0,1.0,2.0,1.0,1.0,1.0,1.0,1.0,1.0,1.0,1.0,1.0,1.0,1.0,1.0,1.0,2.0,1.0,6.0,1.0,1.0,1.0,1.0,1.0,4.0,1.0,1.0,2.0,1.0,1.0,0.0,1.0,1.0,1.0,1.0,2.0,1.0,1.0,1.0,1.0,4.0,1.0,1.0,2.0
2016,179.2.xml,1.0,1.0,1.0,1.0,5.0,1.0,1.0,1.0,1.0,2.0,2.0,1.0,4.0,1.0,6.0,2.0,6.0,2.0,4.0,6.0,4.0,4.0,3.0,1.0,1.0,1.0,1.0,0.0,0.0,0.0,0.0,0.0,0.0,2.0,1.0,1.0,1.0,2.0,1.0,2.0,1.0,2.0,2.0,2.0,2.0,4.0,1.0,1.0,1.0,4.0,1.0,2.0,1.0,1.0,4.0,1.0,1.0,46.0,9.0,46.0,0.0,2.0,1.0,0.0,0.0,3.0,0.0,1.0,3.0,2.0,2.0,4.0,1.0,2.0,1.0,1.0,2.0,1.0,1.0,1.0,1.0,1.0,1.0,1.0,1.0,1.0,1.0,1.0,1.0,1.0,2.0,1.0,5.0,1.0,1.0,1.0,1.0,1.0,4.0,1.0,1.0,2.0,2.0,2.0,0.0,1.0,1.0,1.0,1.0,2.0,1.0,1.0,1.0,1.0,4.0,1.0,1.0,2.0
2016,180.2.xml,1.0,1.0,1.0,1.0,5.0,1.0,1.0,1.0,1.0,2.0,2.0,1.0,5.0,1.0,6.0,2.0,6.0,2.0,4.0,6.0,4.0,4.0,4.0,1.0,1.0,1.0,1.0,0.0,0.0,0.0,0.0,0.0,0.0,2.0,1.0,1.0,1.0,2.0,1.0,2.0,1.0,2.0,2.0,2.0,2.0,4.0,1.0,1.0,1.0,4.0,1.0,2.0,1.0,1.0,4.0,1.0,1.0,56.0,9.0,56.0,0.0,2.0,1.0,0.0,0.0,3.0,0.0,1.0,3.0,2.0,2.0,4.0,1.0,2.0,1.0,1.0,2.0,1.0,1.0,1.0,1.0,1.0,1.0,1.0,1.0,1.0,1.0,1.0,1.0,1.0,2.0,1.0,6.0,1.0,1.0,1.0,1.0,1.0,4.0,1.0,1.0,2.0,1.0,1.0,0.0,1.0,1.0,1.0,1.0,2.0,1.0,1.0,1.0,1.0,4.0,1.0,1.0,2.0
2016,181.2.xml,1.0,1.0,1.0,1.0,5.0,1.0,1.0,1.0,1.0,2.0,2.0,1.0,6.0,1.0,7.0,2.0,7.0,2.0,5.0,7.0,4.0,4.0,4.0,1.0,1.0,1.0,1.0,0.0,0.0,0.0,0.0,0.0,0.0,2.0,1.0,1.0,1.0,2.0,1.0,2.0,1.0,2.0,2.0,2.0,2.0,4.0,1.0,1.0,1.0,4.0,1.0,2.0,1.0,1.0,4.0,1.0,1.0,14.0,13.0,14.0,0.0,2.0,1.0,0.0,0.0,4.0,0.0,1.0,4.0,1.0,1.0,3.0,1.0,2.0,1.0,1.0,2.0,1.0,1.0,1.0,1.0,1.0,1.0,1.0,1.0,1.0,1.0,1.0,1.0,1.0,2.0,1.0,5.0,1.0,1.0,1.0,1.0,1.0,4.0,1.0,1.0,2.0,2.0,2.0,0.0,0.0,0.0,0.0,0.0,2.0,1.0,1.0,1.0,1.0,4.0,1.0,1.0,2.0
2016,183.2.xml,1.0,1.0,1.0,1.0,5.0,1.0,1.0,1.0,1.0,2.0,2.0,1.0,6.0,1.0,7.0,4.0,7.0,4.0,3.0,7.0,3.0,3.0,3.0,0.0,1.0,1.0,1.0,0.0,0.0,0.0,0.0,0.0,0.0,2.0,1.0,1.0,1.0,2.0,1.0,2.0,1.0,2.0,2.0,2.0,2.0,4.0,1.0,1.0,1.0,4.0,1.0,2.0,1.0,1.0,4.0,1.0,1.0,22.0,16.0,22.0,0.0,1.0,1.0,35.0,37.0,8.0,0.0,2.0,3.0,2.0,2.0,3.0,1.0,2.0,1.0,1.0,2.0,1.0,1.0,1.0,1.0,1.0,1.0,1.0,1.0,1.0,1.0,1.0,1.0,1.0,2.0,1.0,5.0,1.0,1.0,1.0,1.0,1.0,4.0,1.0,1.0,2.0,1.0,1.0,0.0,0.0,0.0,0.0,0.0,2.0,1.0,1.0,1.0,1.0,4.0,1.0,1.0,2.0
2016,184.2.xml,1.0,1.0,1.0,1.0,5.0,1.0,1.0,1.0,1.0,2.0,2.0,1.0,4.0,1.0,4.0,1.0,4.0,1.0,3.0,4.0,3.0,3.0,3.0,0.0,1.0,1.0,1.0,0.0,0.0,0.0,0.0,0.0,0.0,2.0,1.0,1.0,1.0,2.0,1.0,2.0,1.0,2.0,2.0,2.0,2.0,4.0,1.0,1.0,1.0,4.0,1.0,2.0,1.0,1.0,4.0,1.0,1.0,32.0,16.0,32.0,1.0,2.0,1.0,61.0,72.0,8.0,0.0,1.0,2.0,4.0,3.0,6.0,1.0,2.0,1.0,1.0,2.0,1.0,1.0,1.0,1.0,1.0,1.0,1.0,1.0,1.0,1.0,1.0,1.0,1.0,2.0,1.0,7.0,1.0,1.0,1.0,1.0,1.0,4.0,1.0,1.0,2.0,1.0,1.0,0.0,0.0,0.0,0.0,0.0,2.0,1.0,1.0,1.0,1.0,4.0,1.0,1.0,2.0
2016,188.2.xml,1.0,1.0,1.0,1.0,5.0,1.0,1.0,1.0,1.0,2.0,2.0,1.0,5.0,1.0,6.0,1.0,6.0,1.0,4.0,6.0,4.0,4.0,4.0,2.0,1.0,1.0,1.0,0.0,0.0,0.0,0.0,0.0,0.0,2.0,1.0,1.0,1.0,2.0,1.0,2.0,1.0,2.0,2.0,2.0,2.0,4.0,1.0,1.0,1.0,4.0,1.0,2.0,1.0,1.0,4.0,1.0,1.0,26.0,13.0,26.0,1.0,1.0,1.0,7.0,7.0,6.0,0.0,2.0,4.0,1.0,1.0,3.0,1.0,2.0,1.0,1.0,2.0,1.0,1.0,1.0,1.0,1.0,1.0,1.0,1.0,1.0,1.0,1.0,1.0,1.0,2.0,1.0,10.0,1.0,1.0,1.0,1.0,1.0,4.0,1.0,1.0,2.0,2.0,2.0,0.0,0.0,0.0,0.0,0.0,2.0,1.0,1.0,1.0,1.0,4.0,1.0,1.0,2.0
2016,188.3.xml,1.0,1.0,1.0,1.0,5.0,1.0,1.0,1.0,1.0,2.0,2.0,1.0,5.0,1.0,6.0,1.0,6.0,1.0,4.0,6.0,4.0,4.0,4.0,2.0,1.0,1.0,1.0,0.0,0.0,0.0,0.0,0.0,0.0,2.0,1.0,1.0,1.0,2.0,1.0,2.0,1.0,2.0,2.0,2.0,2.0,4.0,1.0,1.0,1.0,4.0,1.0,2.0,1.0,1.0,4.0,1.0,1.0,25.0,12.0,25.0,1.0,1.0,1.0,7.0,7.0,5.0,0.0,2.0,4.0,1.0,1.0,3.0,1.0,2.0,1.0,1.0,2.0,1.0,1.0,1.0,1.0,1.0,1.0,1.0,1.0,1.0,1.0,1.0,1.0,1.0,2.0,1.0,10.0,1.0,1.0,1.0,1.0,1.0,4.0,1.0,1.0,2.0,2.0,2.0,0.0,0.0,0.0,0.0,0.0,2.0,1.0,1.0,1.0,1.0,4.0,1.0,1.0,2.0
2016,19.2.xml,1.0,1.0,1.0,1.0,5.0,1.0,1.0,1.0,1.0,2.0,2.0,1.0,9.0,2.0,10.0,4.0,10.0,5.0,5.0,10.0,5.0,5.0,5.0,1.0,1.0,1.0,1.0,0.0,0.0,0.0,0.0,0.0,0.0,2.0,1.0,1.0,1.0,2.0,1.0,2.0,1.0,2.0,2.0,2.0,2.0,4.0,1.0,1.0,1.0,4.0,1.0,2.0,1.0,1.0,4.0,1.0,1.0,16.0,11.0,15.0,0.0,1.0,2.0,0.0,0.0,3.0,0.0,2.0,5.0,1.0,1.0,4.0,1.0,2.0,1.0,1.0,2.0,1.0,1.0,1.0,1.0,1.0,1.0,1.0,1.0,1.0,1.0,1.0,1.0,1.0,2.0,1.0,5.0,1.0,1.0,1.0,1.0,1.0,4.0,1.0,1.0,2.0,3.0,3.0,0.0,1.0,1.0,1.0,1.0,2.0,1.0,1.0,1.0,1.0,4.0,1.0,1.0,2.0
2016,19.3.xml,1.0,1.0,1.0,1.0,5.0,1.0,1.0,1.0,1.0,2.0,2.0,1.0,9.0,2.0,10.0,4.0,10.0,5.0,5.0,10.0,5.0,5.0,5.0,1.0,1.0,1.0,1.0,0.0,0.0,0.0,0.0,0.0,0.0,2.0,1.0,1.0,1.0,2.0,1.0,2.0,1.0,2.0,2.0,2.0,2.0,4.0,1.0,1.0,1.0,4.0,1.0,2.0,1.0,1.0,4.0,1.0,1.0,16.0,11.0,15.0,0.0,1.0,2.0,0.0,0.0,3.0,0.0,2.0,5.0,1.0,1.0,4.0,1.0,2.0,1.0,1.0,2.0,1.0,1.0,1.0,1.0,1.0,1.0,1.0,1.0,1.0,1.0,1.0,1.0,1.0,2.0,1.0,5.0,1.0,1.0,1.0,1.0,1.0,4.0,1.0,1.0,2.0,3.0,3.0,0.0,1.0,1.0,1.0,1.0,2.0,1.0,1.0,1.0,1.0,4.0,1.0,1.0,2.0
2016,194.2.xml,1.0,1.0,1.0,1.0,5.0,1.0,1.0,1.0,1.0,2.0,2.0,1.0,3.0,1.0,4.0,1.0,4.0,1.0,3.0,4.0,3.0,3.0,3.0,1.0,1.0,1.0,1.0,0.0,0.0,0.0,0.0,0.0,0.0,2.0,1.0,1.0,1.0,2.0,1.0,2.0,1.0,2.0,2.0,2.0,2.0,4.0,1.0,1.0,1.0,4.0,1.0,2.0,1.0,1.0,4.0,1.0,1.0,10.0,8.0,10.0,0.0,2.0,1.0,0.0,0.0,4.0,0.0,1.0,2.0,1.0,1.0,2.0,1.0,2.0,1.0,1.0,2.0,1.0,1.0,1.0,1.0,1.0,1.0,1.0,1.0,1.0,1.0,1.0,1.0,1.0,2.0,1.0,5.0,1.0,1.0,1.0,1.0,1.0,4.0,1.0,1.0,2.0,2.0,2.0,0.0,1.0,1.0,1.0,1.0,2.0,1.0,1.0,1.0,1.0,4.0,1.0,1.0,2.0
2016,20.2.xml,1.0,1.0,1.0,1.0,5.0,1.0,1.0,1.0,1.0,2.0,2.0,1.0,6.0,1.0,6.0,4.0,6.0,4.0,3.0,6.0,3.0,3.0,3.0,1.0,1.0,1.0,1.0,0.0,0.0,0.0,0.0,0.0,0.0,2.0,1.0,1.0,1.0,2.0,1.0,2.0,1.0,2.0,2.0,2.0,2.0,4.0,1.0,1.0,1.0,4.0,1.0,2.0,1.0,1.0,4.0,1.0,1.0,12.0,8.0,12.0,0.0,2.0,1.0,0.0,0.0,2.0,0.0,1.0,3.0,2.0,2.0,5.0,1.0,2.0,1.0,1.0,2.0,1.0,1.0,1.0,1.0,1.0,1.0,1.0,1.0,1.0,1.0,1.0,1.0,1.0,2.0,1.0,4.0,1.0,1.0,1.0,1.0,1.0,4.0,1.0,1.0,2.0,3.0,3.0,0.0,1.0,1.0,1.0,1.0,2.0,1.0,1.0,1.0,1.0,4.0,1.0,1.0,2.0
2016,20.3.xml,1.0,1.0,1.0,1.0,5.0,1.0,1.0,1.0,1.0,2.0,2.0,1.0,6.0,1.0,6.0,4.0,6.0,4.0,3.0,6.0,3.0,3.0,3.0,1.0,1.0,1.0,1.0,0.0,0.0,0.0,0.0,0.0,0.0,2.0,1.0,1.0,1.0,2.0,1.0,2.0,1.0,2.0,2.0,2.0,2.0,4.0,1.0,1.0,1.0,4.0,1.0,2.0,1.0,1.0,4.0,1.0,1.0,10.0,9.0,10.0,0.0,2.0,1.0,0.0,0.0,1.0,0.0,1.0,3.0,1.0,1.0,3.0,1.0,2.0,1.0,1.0,2.0,1.0,1.0,1.0,1.0,1.0,1.0,1.0,1.0,1.0,1.0,1.0,1.0,1.0,2.0,1.0,4.0,1.0,1.0,1.0,1.0,1.0,4.0,1.0,1.0,2.0,3.0,3.0,0.0,1.0,1.0,1.0,1.0,2.0,1.0,1.0,1.0,1.0,4.0,1.0,1.0,2.0
2016,21.2.xml,1.0,1.0,1.0,1.0,5.0,1.0,1.0,1.0,1.0,2.0,2.0,1.0,5.0,1.0,5.0,1.0,5.0,1.0,4.0,5.0,4.0,4.0,4.0,1.0,1.0,1.0,1.0,0.0,0.0,0.0,0.0,0.0,0.0,2.0,1.0,1.0,1.0,2.0,1.0,2.0,1.0,2.0,2.0,2.0,2.0,6.0,1.0,1.0,1.0,7.0,2.0,2.0,1.0,1.0,6.0,1.0,1.0,13.0,12.0,13.0,0.0,2.0,1.0,1.0,1.0,5.0,0.0,1.0,3.0,1.0,1.0,5.0,1.0,2.0,1.0,1.0,2.0,1.0,1.0,1.0,1.0,1.0,1.0,1.0,1.0,1.0,1.0,1.0,1.0,1.0,2.0,1.0,7.0,1.0,1.0,1.0,1.0,1.0,4.0,1.0,1.0,2.0,1.0,1.0,0.0,0.0,0.0,0.0,0.0,2.0,1.0,1.0,1.0,1.0,4.0,1.0,1.0,2.0
2016,213.1.xml,1.0,1.0,1.0,1.0,5.0,1.0,1.0,1.0,1.0,2.0,2.0,1.0,8.0,1.0,11.0,2.0,11.0,4.0,7.0,11.0,7.0,7.0,4.0,2.0,1.0,1.0,1.0,0.0,0.0,0.0,0.0,0.0,0.0,2.0,1.0,1.0,1.0,2.0,1.0,2.0,1.0,2.0,2.0,2.0,2.0,4.0,1.0,1.0,1.0,4.0,1.0,2.0,1.0,1.0,4.0,1.0,1.0,20.0,17.0,20.0,0.0,2.0,1.0,0.0,0.0,8.0,0.0,1.0,6.0,2.0,2.0,3.0,1.0,2.0,1.0,1.0,2.0,1.0,1.0,1.0,1.0,1.0,1.0,1.0,1.0,1.0,1.0,1.0,1.0,1.0,2.0,1.0,6.0,1.0,1.0,1.0,1.0,1.0,4.0,1.0,1.0,2.0,2.0,2.0,0.0,1.0,1.0,1.0,1.0,2.0,1.0,1.0,1.0,1.0,4.0,1.0,1.0,2.0
2016,216.1.xml,1.0,1.0,1.0,1.0,5.0,1.0,1.0,1.0,1.0,2.0,2.0,1.0,5.0,1.0,6.0,2.0,6.0,2.0,4.0,6.0,4.0,4.0,3.0,1.0,1.0,1.0,1.0,0.0,0.0,0.0,0.0,0.0,0.0,2.0,1.0,1.0,1.0,2.0,1.0,2.0,1.0,2.0,2.0,2.0,2.0,4.0,1.0,1.0,1.0,4.0,1.0,2.0,1.0,1.0,4.0,1.0,1.0,9.0,9.0,9.0,0.0,1.0,1.0,0.0,0.0,4.0,0.0,1.0,3.0,1.0,1.0,3.0,1.0,2.0,1.0,1.0,2.0,1.0,1.0,1.0,1.0,1.0,1.0,1.0,1.0,1.0,1.0,1.0,1.0,1.0,2.0,1.0,6.0,1.0,1.0,1.0,1.0,1.0,4.0,1.0,1.0,2.0,1.0,1.0,0.0,1.0,1.0,1.0,1.0,2.0,1.0,1.0,1.0,1.0,4.0,1.0,1.0,2.0
2016,217.1.xml,1.0,1.0,1.0,1.0,5.0,1.0,1.0,1.0,1.0,2.0,2.0,1.0,8.0,1.0,9.0,4.0,9.0,3.0,4.0,9.0,4.0,4.0,3.0,1.0,1.0,1.0,1.0,0.0,0.0,0.0,0.0,0.0,0.0,2.0,1.0,1.0,1.0,2.0,1.0,2.0,1.0,2.0,2.0,2.0,2.0,4.0,1.0,1.0,1.0,4.0,1.0,2.0,1.0,1.0,4.0,1.0,1.0,14.0,14.0,14.0,2.0,2.0,1.0,0.0,0.0,4.0,0.0,1.0,5.0,1.0,1.0,5.0,1.0,2.0,1.0,1.0,2.0,1.0,1.0,1.0,1.0,1.0,1.0,1.0,1.0,1.0,1.0,1.0,1.0,1.0,2.0,1.0,6.0,1.0,1.0,1.0,1.0,1.0,4.0,1.0,1.0,2.0,1.0,1.0,0.0,1.0,1.0,1.0,1.0,2.0,1.0,1.0,1.0,1.0,4.0,1.0,1.0,2.0
2016,218.1.xml,1.0,1.0,1.0,1.0,5.0,1.0,1.0,1.0,1.0,2.0,2.0,1.0,7.0,1.0,7.0,3.0,7.0,3.0,4.0,7.0,4.0,4.0,4.0,0.0,1.0,1.0,1.0,0.0,0.0,0.0,0.0,0.0,0.0,2.0,1.0,1.0,1.0,2.0,1.0,2.0,1.0,2.0,2.0,2.0,2.0,4.0,1.0,1.0,1.0,4.0,1.0,2.0,1.0,1.0,4.0,1.0,1.0,14.0,14.0,14.0,0.0,1.0,1.0,0.0,0.0,9.0,0.0,1.0,3.0,1.0,1.0,4.0,1.0,2.0,1.0,1.0,2.0,1.0,1.0,1.0,1.0,1.0,1.0,1.0,1.0,1.0,1.0,1.0,1.0,1.0,2.0,1.0,6.0,1.0,1.0,1.0,1.0,1.0,4.0,1.0,1.0,2.0,1.0,1.0,0.0,1.0,1.0,1.0,1.0,2.0,1.0,1.0,1.0,1.0,4.0,1.0,1.0,2.0
2016,22.2.xml,1.0,1.0,1.0,1.0,5.0,1.0,1.0,1.0,1.0,2.0,2.0,1.0,4.0,1.0,4.0,2.0,4.0,2.0,3.0,4.0,3.0,3.0,3.0,1.0,1.0,1.0,1.0,0.0,0.0,0.0,0.0,0.0,0.0,2.0,1.0,1.0,1.0,2.0,1.0,2.0,1.0,2.0,2.0,2.0,2.0,4.0,1.0,1.0,1.0,4.0,1.0,2.0,1.0,1.0,4.0,1.0,1.0,16.0,13.0,16.0,0.0,2.0,1.0,0.0,0.0,4.0,0.0,1.0,2.0,2.0,2.0,5.0,1.0,2.0,1.0,1.0,2.0,1.0,1.0,1.0,1.0,1.0,1.0,1.0,1.0,1.0,1.0,1.0,1.0,1.0,2.0,1.0,6.0,1.0,1.0,1.0,1.0,1.0,4.0,1.0,1.0,2.0,2.0,2.0,0.0,2.0,2.0,1.0,2.0,2.0,1.0,1.0,1.0,1.0,4.0,1.0,1.0,2.0
2016,222.1.xml,1.0,1.0,1.0,1.0,5.0,1.0,1.0,1.0,1.0,2.0,2.0,1.0,7.0,1.0,7.0,2.0,7.0,2.0,5.0,6.0,5.0,5.0,5.0,2.0,1.0,1.0,1.0,0.0,0.0,0.0,0.0,0.0,0.0,2.0,1.0,1.0,1.0,2.0,1.0,2.0,1.0,2.0,2.0,2.0,2.0,4.0,1.0,1.0,1.0,4.0,1.0,2.0,1.0,1.0,4.0,1.0,1.0,13.0,13.0,13.0,0.0,0.0,0.0,0.0,0.0,5.0,0.0,1.0,5.0,2.0,2.0,3.0,1.0,2.0,1.0,1.0,2.0,1.0,1.0,1.0,1.0,1.0,1.0,1.0,1.0,1.0,1.0,1.0,1.0,1.0,2.0,1.0,6.0,1.0,1.0,1.0,1.0,1.0,4.0,1.0,1.0,2.0,1.0,1.0,0.0,0.0,0.0,0.0,0.0,2.0,1.0,1.0,1.0,1.0,4.0,1.0,1.0,2.0
2016,222.2.xml,1.0,1.0,1.0,1.0,5.0,1.0,1.0,1.0,1.0,2.0,2.0,1.0,7.0,1.0,7.0,2.0,7.0,2.0,5.0,6.0,5.0,5.0,5.0,2.0,1.0,1.0,1.0,0.0,0.0,0.0,0.0,0.0,0.0,2.0,1.0,1.0,1.0,2.0,1.0,2.0,1.0,2.0,2.0,2.0,2.0,4.0,1.0,1.0,1.0,4.0,1.0,2.0,1.0,1.0,4.0,1.0,1.0,13.0,13.0,13.0,0.0,0.0,0.0,0.0,0.0,5.0,0.0,1.0,5.0,2.0,2.0,3.0,1.0,2.0,1.0,1.0,2.0,1.0,1.0,1.0,1.0,1.0,1.0,1.0,1.0,1.0,1.0,1.0,1.0,1.0,2.0,1.0,6.0,1.0,1.0,1.0,1.0,1.0,4.0,1.0,1.0,2.0,1.0,1.0,0.0,0.0,0.0,0.0,0.0,2.0,1.0,1.0,1.0,1.0,4.0,1.0,1.0,2.0
2016,23.2.xml,1.0,1.0,1.0,1.0,5.0,1.0,1.0,1.0,1.0,2.0,2.0,1.0,3.0,1.0,3.0,1.0,3.0,1.0,2.0,3.0,2.0,2.0,2.0,0.0,1.0,1.0,1.0,0.0,0.0,0.0,0.0,0.0,0.0,2.0,1.0,1.0,1.0,2.0,1.0,2.0,1.0,2.0,2.0,2.0,2.0,2.0,1.0,1.0,1.0,4.0,1.0,0.0,0.0,0.0,2.0,1.0,1.0,15.0,13.0,15.0,0.0,2.0,1.0,0.0,0.0,9.0,0.0,1.0,1.0,1.0,1.0,3.0,1.0,2.0,1.0,1.0,2.0,1.0,1.0,1.0,1.0,1.0,1.0,1.0,1.0,1.0,1.0,1.0,1.0,1.0,2.0,1.0,4.0,1.0,1.0,1.0,1.0,1.0,4.0,1.0,1.0,2.0,1.0,1.0,0.0,0.0,0.0,0.0,0.0,2.0,1.0,1.0,1.0,1.0,4.0,1.0,1.0,2.0
2016,23.3.xml,1.0,1.0,1.0,1.0,5.0,1.0,1.0,1.0,1.0,2.0,2.0,1.0,3.0,1.0,3.0,1.0,3.0,1.0,2.0,3.0,2.0,2.0,2.0,0.0,1.0,1.0,1.0,0.0,0.0,0.0,0.0,0.0,0.0,2.0,1.0,1.0,1.0,2.0,1.0,2.0,1.0,2.0,2.0,2.0,2.0,2.0,1.0,1.0,1.0,4.0,1.0,0.0,0.0,0.0,2.0,1.0,1.0,15.0,13.0,15.0,0.0,2.0,1.0,0.0,0.0,9.0,0.0,1.0,1.0,1.0,1.0,3.0,1.0,2.0,1.0,1.0,2.0,1.0,1.0,1.0,1.0,1.0,1.0,1.0,1.0,1.0,1.0,1.0,1.0,1.0,2.0,1.0,4.0,1.0,1.0,1.0,1.0,1.0,4.0,1.0,1.0,2.0,1.0,1.0,0.0,0.0,0.0,0.0,0.0,2.0,1.0,1.0,1.0,1.0,4.0,1.0,1.0,2.0
2016,240.1.xml,1.0,1.0,1.0,1.0,5.0,1.0,1.0,1.0,1.0,2.0,2.0,1.0,8.0,1.0,8.0,4.0,8.0,4.0,5.0,8.0,5.0,5.0,6.0,1.0,1.0,1.0,1.0,0.0,0.0,0.0,0.0,0.0,0.0,2.0,1.0,1.0,1.0,2.0,1.0,2.0,1.0,2.0,2.0,2.0,2.0,4.0,1.0,1.0,1.0,4.0,1.0,2.0,1.0,1.0,4.0,1.0,1.0,12.0,12.0,12.0,2.0,0.0,0.0,0.0,0.0,4.0,0.0,2.0,5.0,2.0,2.0,6.0,1.0,2.0,1.0,1.0,2.0,1.0,1.0,1.0,1.0,1.0,1.0,1.0,1.0,1.0,1.0,1.0,1.0,1.0,2.0,1.0,4.0,1.0,1.0,1.0,1.0,1.0,4.0,1.0,1.0,2.0,1.0,1.0,1.0,0.0,0.0,0.0,0.0,2.0,1.0,1.0,1.0,1.0,4.0,1.0,1.0,2.0
2016,249.1.xml,1.0,1.0,1.0,1.0,5.0,1.0,1.0,1.0,1.0,2.0,2.0,1.0,4.0,1.0,4.0,1.0,4.0,1.0,3.0,4.0,3.0,3.0,2.0,3.0,1.0,1.0,1.0,0.0,0.0,0.0,0.0,0.0,0.0,2.0,1.0,1.0,1.0,2.0,1.0,2.0,1.0,2.0,2.0,2.0,2.0,4.0,1.0,1.0,1.0,2.0,1.0,2.0,1.0,1.0,4.0,1.0,1.0,8.0,8.0,8.0,0.0,0.0,0.0,0.0,0.0,3.0,0.0,1.0,3.0,1.0,1.0,2.0,1.0,2.0,1.0,1.0,2.0,1.0,1.0,1.0,1.0,1.0,1.0,1.0,1.0,1.0,1.0,1.0,1.0,1.0,2.0,1.0,7.0,1.0,1.0,1.0,1.0,1.0,4.0,1.0,1.0,2.0,1.0,1.0,0.0,0.0,0.0,0.0,0.0,2.0,1.0,1.0,1.0,1.0,4.0,1.0,1.0,2.0
2016,249.2.xml,1.0,1.0,1.0,1.0,5.0,1.0,1.0,1.0,1.0,2.0,2.0,1.0,4.0,1.0,4.0,1.0,4.0,1.0,3.0,4.0,3.0,3.0,2.0,3.0,1.0,1.0,1.0,0.0,0.0,0.0,0.0,0.0,0.0,2.0,1.0,1.0,1.0,2.0,1.0,2.0,1.0,2.0,2.0,2.0,2.0,4.0,1.0,1.0,1.0,2.0,1.0,0.0,1.0,1.0,4.0,1.0,1.0,8.0,8.0,8.0,0.0,0.0,0.0,0.0,0.0,3.0,0.0,1.0,3.0,1.0,1.0,2.0,1.0,2.0,1.0,1.0,2.0,1.0,1.0,1.0,1.0,1.0,1.0,1.0,1.0,1.0,1.0,1.0,1.0,1.0,2.0,1.0,7.0,1.0,1.0,1.0,1.0,1.0,4.0,1.0,1.0,2.0,1.0,1.0,0.0,0.0,0.0,0.0,0.0,2.0,1.0,1.0,1.0,1.0,4.0,1.0,1.0,2.0
2016,254.1.xml,1.0,1.0,1.0,1.0,5.0,1.0,1.0,1.0,1.0,2.0,2.0,1.0,1.0,0.0,1.0,0.0,1.0,0.0,1.0,0.0,84.0,84.0,9.0,5.0,1.0,1.0,1.0,0.0,0.0,0.0,0.0,0.0,0.0,2.0,1.0,1.0,1.0,2.0,1.0,2.0,1.0,2.0,2.0,2.0,2.0,6.0,1.0,1.0,1.0,7.0,2.0,2.0,1.0,1.0,6.0,1.0,1.0,9.0,9.0,9.0,0.0,0.0,0.0,4.0,4.0,2.0,0.0,1.0,1.0,1.0,1.0,2.0,1.0,2.0,1.0,1.0,2.0,1.0,1.0,1.0,1.0,1.0,1.0,1.0,1.0,1.0,1.0,1.0,1.0,1.0,2.0,1.0,5.0,1.0,1.0,1.0,1.0,1.0,4.0,1.0,1.0,0.0,0.0,0.0,0.0,0.0,0.0,0.0,0.0,2.0,1.0,1.0,1.0,1.0,4.0,1.0,1.0,2.0
2016,255.1.xml,1.0,1.0,1.0,1.0,5.0,1.0,1.0,1.0,1.0,2.0,2.0,1.0,6.0,1.0,6.0,1.0,6.0,1.0,5.0,6.0,5.0,5.0,4.0,1.0,1.0,1.0,1.0,1.0,1.0,1.0,1.0,1.0,1.0,2.0,1.0,1.0,1.0,2.0,1.0,2.0,1.0,2.0,2.0,2.0,2.0,8.0,1.0,2.0,1.0,9.0,3.0,2.0,1.0,1.0,8.0,6.0,4.0,72.0,25.0,23.0,1.0,1.0,1.0,75.0,75.0,11.0,1.0,1.0,4.0,1.0,1.0,4.0,1.0,12.0,6.0,1.0,2.0,1.0,1.0,1.0,1.0,1.0,1.0,1.0,6.0,1.0,6.0,1.0,1.0,1.0,2.0,1.0,4.0,1.0,1.0,1.0,1.0,1.0,4.0,1.0,1.0,0.0,0.0,0.0,0.0,0.0,0.0,0.0,0.0,2.0,1.0,1.0,1.0,1.0,4.0,1.0,1.0,2.0
2016,262.1.xml,1.0,1.0,1.0,1.0,5.0,1.0,1.0,1.0,1.0,2.0,2.0,1.0,9.0,1.0,10.0,6.0,10.0,5.0,4.0,10.0,4.0,4.0,4.0,1.0,1.0,1.0,1.0,2.0,2.0,2.0,2.0,1.0,1.0,2.0,1.0,1.0,1.0,2.0,1.0,2.0,1.0,2.0,2.0,2.0,2.0,4.0,1.0,1.0,1.0,4.0,1.0,2.0,1.0,1.0,4.0,1.0,1.0,61.0,59.0,61.0,2.0,1.0,1.0,0.0,0.0,39.0,0.0,1.0,7.0,1.0,1.0,5.0,1.0,2.0,1.0,1.0,2.0,1.0,1.0,1.0,1.0,1.0,1.0,1.0,1.0,1.0,1.0,1.0,1.0,1.0,2.0,1.0,4.0,1.0,1.0,1.0,1.0,1.0,4.0,1.0,1.0,2.0,2.0,2.0,0.0,0.0,0.0,0.0,0.0,2.0,1.0,1.0,1.0,1.0,4.0,1.0,1.0,2.0
2016,263.1.xml,1.0,1.0,1.0,1.0,5.0,1.0,1.0,1.0,1.0,2.0,2.0,1.0,3.0,1.0,4.0,1.0,4.0,1.0,3.0,4.0,3.0,3.0,3.0,1.0,1.0,1.0,1.0,0.0,0.0,0.0,0.0,0.0,0.0,2.0,1.0,1.0,1.0,2.0,1.0,2.0,1.0,2.0,2.0,2.0,2.0,4.0,1.0,1.0,1.0,4.0,1.0,2.0,1.0,1.0,4.0,1.0,1.0,7.0,7.0,7.0,0.0,2.0,1.0,0.0,0.0,1.0,0.0,1.0,2.0,1.0,1.0,3.0,1.0,2.0,1.0,1.0,2.0,1.0,1.0,1.0,1.0,1.0,1.0,1.0,1.0,1.0,1.0,1.0,1.0,1.0,2.0,1.0,6.0,1.0,1.0,1.0,1.0,1.0,4.0,1.0,1.0,2.0,1.0,1.0,0.0,0.0,0.0,0.0,0.0,2.0,1.0,1.0,1.0,1.0,4.0,1.0,1.0,2.0
2016,264.1.xml,1.0,1.0,1.0,1.0,5.0,1.0,1.0,1.0,1.0,2.0,2.0,1.0,12.0,2.0,14.0,4.0,14.0,5.0,7.0,13.0,7.0,7.0,7.0,2.0,1.0,1.0,1.0,0.0,0.0,0.0,0.0,0.0,0.0,2.0,1.0,1.0,1.0,2.0,1.0,2.0,1.0,2.0,2.0,2.0,2.0,4.0,1.0,1.0,1.0,4.0,1.0,2.0,1.0,1.0,4.0,1.0,1.0,19.0,19.0,19.0,0.0,2.0,2.0,0.0,0.0,3.0,0.0,1.0,8.0,1.0,1.0,3.0,1.0,2.0,1.0,1.0,2.0,1.0,1.0,1.0,1.0,1.0,1.0,1.0,1.0,1.0,1.0,1.0,1.0,1.0,2.0,1.0,6.0,1.0,1.0,1.0,1.0,1.0,4.0,1.0,1.0,2.0,1.0,1.0,0.0,1.0,1.0,1.0,1.0,2.0,1.0,1.0,1.0,1.0,4.0,1.0,1.0,2.0
2016,265.1.xml,1.0,1.0,1.0,1.0,5.0,1.0,1.0,1.0,1.0,2.0,2.0,1.0,14.0,2.0,15.0,4.0,15.0,6.0,9.0,15.0,9.0,9.0,8.0,4.0,1.0,1.0,1.0,0.0,0.0,0.0,0.0,0.0,0.0,2.0,1.0,1.0,1.0,2.0,1.0,2.0,1.0,2.0,2.0,2.0,2.0,4.0,1.0,1.0,1.0,4.0,1.0,2.0,1.0,1.0,4.0,1.0,1.0,27.0,16.0,27.0,0.0,2.0,2.0,0.0,0.0,3.0,1.0,1.0,9.0,1.0,1.0,3.0,1.0,2.0,1.0,1.0,2.0,1.0,1.0,1.0,1.0,1.0,1.0,1.0,1.0,1.0,1.0,1.0,1.0,1.0,2.0,1.0,6.0,1.0,1.0,1.0,1.0,1.0,4.0,1.0,1.0,2.0,1.0,1.0,0.0,1.0,1.0,1.0,1.0,2.0,1.0,1.0,1.0,1.0,4.0,1.0,1.0,2.0
2016,54.2.xml,1.0,1.0,1.0,1.0,5.0,1.0,1.0,1.0,1.0,2.0,2.0,1.0,7.0,1.0,9.0,3.0,9.0,4.0,5.0,9.0,5.0,5.0,5.0,1.0,1.0,1.0,1.0,0.0,0.0,0.0,0.0,0.0,0.0,2.0,1.0,1.0,1.0,2.0,1.0,2.0,1.0,2.0,2.0,2.0,2.0,6.0,1.0,1.0,1.0,7.0,2.0,2.0,1.0,1.0,6.0,1.0,1.0,18.0,14.0,16.0,0.0,2.0,1.0,0.0,0.0,5.0,0.0,1.0,5.0,2.0,2.0,3.0,1.0,2.0,1.0,1.0,2.0,1.0,1.0,1.0,1.0,1.0,1.0,1.0,1.0,1.0,1.0,1.0,1.0,1.0,2.0,1.0,5.0,1.0,1.0,1.0,1.0,1.0,4.0,1.0,1.0,2.0,3.0,3.0,0.0,1.0,1.0,1.0,1.0,2.0,1.0,1.0,1.0,1.0,4.0,1.0,1.0,2.0
2016,54.3.xml,1.0,1.0,1.0,1.0,5.0,1.0,1.0,1.0,1.0,2.0,2.0,1.0,7.0,1.0,9.0,3.0,9.0,4.0,5.0,9.0,5.0,5.0,5.0,1.0,1.0,1.0,1.0,0.0,0.0,0.0,0.0,0.0,0.0,2.0,1.0,1.0,1.0,2.0,1.0,2.0,1.0,2.0,2.0,2.0,2.0,6.0,1.0,1.0,1.0,7.0,2.0,2.0,1.0,1.0,6.0,1.0,1.0,18.0,14.0,16.0,0.0,2.0,1.0,0.0,0.0,5.0,0.0,1.0,5.0,2.0,2.0,4.0,1.0,2.0,1.0,1.0,2.0,1.0,1.0,1.0,1.0,1.0,1.0,1.0,1.0,1.0,1.0,1.0,1.0,1.0,2.0,1.0,5.0,1.0,1.0,1.0,1.0,1.0,4.0,1.0,1.0,2.0,3.0,3.0,0.0,1.0,1.0,1.0,1.0,2.0,1.0,1.0,1.0,1.0,4.0,1.0,1.0,2.0
2016,55.2.xml,1.0,1.0,1.0,1.0,5.0,1.0,1.0,1.0,1.0,2.0,2.0,1.0,2.0,1.0,4.0,1.0,4.0,1.0,3.0,4.0,3.0,3.0,2.0,1.0,1.0,1.0,1.0,0.0,0.0,0.0,0.0,0.0,0.0,2.0,1.0,1.0,1.0,2.0,1.0,2.0,1.0,2.0,2.0,2.0,2.0,4.0,1.0,1.0,1.0,4.0,1.0,2.0,1.0,1.0,4.0,1.0,1.0,12.0,10.0,12.0,0.0,2.0,1.0,0.0,0.0,4.0,0.0,1.0,2.0,2.0,2.0,2.0,1.0,2.0,1.0,1.0,2.0,1.0,1.0,1.0,1.0,1.0,1.0,1.0,1.0,1.0,1.0,1.0,1.0,1.0,2.0,1.0,5.0,1.0,1.0,1.0,1.0,1.0,4.0,1.0,1.0,2.0,2.0,2.0,0.0,1.0,1.0,1.0,1.0,2.0,1.0,1.0,1.0,1.0,4.0,1.0,1.0,2.0
2016,57.2.xml,1.0,1.0,1.0,1.0,5.0,1.0,1.0,1.0,1.0,2.0,2.0,1.0,5.0,1.0,6.0,2.0,6.0,2.0,4.0,6.0,4.0,4.0,4.0,1.0,1.0,1.0,1.0,0.0,0.0,0.0,0.0,0.0,0.0,2.0,1.0,1.0,1.0,2.0,1.0,2.0,1.0,2.0,2.0,2.0,2.0,4.0,1.0,1.0,1.0,4.0,1.0,2.0,1.0,1.0,4.0,1.0,1.0,59.0,11.0,59.0,0.0,2.0,1.0,0.0,0.0,4.0,0.0,1.0,3.0,2.0,2.0,4.0,1.0,2.0,1.0,1.0,2.0,1.0,1.0,1.0,1.0,1.0,1.0,1.0,1.0,1.0,1.0,1.0,1.0,1.0,2.0,1.0,6.0,1.0,1.0,1.0,1.0,1.0,4.0,1.0,1.0,2.0,1.0,1.0,0.0,1.0,1.0,1.0,1.0,2.0,1.0,1.0,1.0,1.0,4.0,1.0,1.0,2.0
2016,58.2.xml,1.0,1.0,1.0,1.0,5.0,1.0,1.0,1.0,1.0,2.0,2.0,1.0,4.0,1.0,6.0,2.0,6.0,2.0,4.0,6.0,4.0,4.0,3.0,1.0,1.0,1.0,1.0,0.0,0.0,0.0,0.0,0.0,0.0,2.0,1.0,1.0,1.0,2.0,1.0,2.0,1.0,2.0,2.0,2.0,2.0,4.0,1.0,1.0,1.0,4.0,1.0,2.0,1.0,1.0,4.0,1.0,1.0,49.0,11.0,49.0,0.0,2.0,1.0,0.0,0.0,4.0,0.0,1.0,3.0,2.0,2.0,3.0,1.0,2.0,1.0,1.0,2.0,1.0,1.0,1.0,1.0,1.0,1.0,1.0,1.0,1.0,1.0,1.0,1.0,1.0,2.0,1.0,5.0,1.0,1.0,1.0,1.0,1.0,4.0,1.0,1.0,2.0,2.0,2.0,0.0,1.0,1.0,1.0,1.0,2.0,1.0,1.0,1.0,1.0,4.0,1.0,1.0,2.0
2016,59.2.xml,1.0,1.0,1.0,1.0,5.0,1.0,1.0,1.0,1.0,2.0,2.0,1.0,14.0,2.0,15.0,4.0,15.0,6.0,9.0,15.0,9.0,9.0,8.0,4.0,1.0,1.0,1.0,0.0,0.0,0.0,0.0,0.0,0.0,2.0,1.0,1.0,1.0,2.0,1.0,2.0,1.0,2.0,2.0,2.0,2.0,4.0,1.0,1.0,1.0,4.0,1.0,2.0,1.0,1.0,4.0,1.0,1.0,31.0,19.0,31.0,0.0,2.0,2.0,0.0,0.0,4.0,1.0,1.0,9.0,1.0,1.0,3.0,1.0,2.0,1.0,1.0,2.0,1.0,1.0,1.0,1.0,1.0,1.0,1.0,1.0,1.0,1.0,1.0,1.0,1.0,2.0,1.0,6.0,1.0,1.0,1.0,1.0,1.0,4.0,1.0,1.0,2.0,1.0,1.0,0.0,1.0,1.0,1.0,1.0,2.0,1.0,1.0,1.0,1.0,4.0,1.0,1.0,2.0
2016,60.1.xml,1.0,1.0,1.0,1.0,5.0,1.0,1.0,1.0,1.0,2.0,2.0,1.0,1.0,0.0,1.0,0.0,1.0,0.0,1.0,1.0,1.0,1.0,2.0,1.0,1.0,1.0,1.0,0.0,0.0,0.0,0.0,0.0,0.0,2.0,1.0,1.0,1.0,2.0,1.0,2.0,1.0,2.0,2.0,2.0,2.0,4.0,1.0,1.0,1.0,4.0,1.0,2.0,1.0,1.0,4.0,1.0,1.0,3.0,3.0,3.0,1.0,0.0,0.0,0.0,0.0,1.0,0.0,1.0,1.0,2.0,2.0,3.0,1.0,2.0,1.0,1.0,2.0,1.0,1.0,1.0,1.0,1.0,1.0,1.0,1.0,1.0,1.0,1.0,1.0,1.0,2.0,1.0,5.0,1.0,1.0,1.0,1.0,1.0,4.0,1.0,1.0,0.0,0.0,0.0,0.0,0.0,0.0,0.0,0.0,2.0,1.0,1.0,1.0,1.0,4.0,1.0,1.0,2.0
2016,61.1.xml,1.0,1.0,1.0,1.0,5.0,1.0,1.0,1.0,1.0,2.0,2.0,1.0,3.0,1.0,3.0,2.0,3.0,2.0,2.0,3.0,2.0,2.0,2.0,0.0,1.0,1.0,1.0,0.0,0.0,0.0,0.0,0.0,0.0,2.0,1.0,1.0,1.0,2.0,1.0,2.0,1.0,2.0,2.0,2.0,2.0,4.0,1.0,1.0,1.0,4.0,1.0,2.0,1.0,1.0,4.0,1.0,1.0,4.0,4.0,4.0,1.0,0.0,0.0,0.0,0.0,1.0,0.0,1.0,2.0,2.0,2.0,3.0,1.0,2.0,1.0,1.0,2.0,1.0,1.0,1.0,1.0,1.0,1.0,1.0,1.0,1.0,1.0,1.0,1.0,1.0,2.0,1.0,5.0,1.0,1.0,1.0,1.0,1.0,4.0,1.0,1.0,0.0,0.0,0.0,0.0,0.0,0.0,0.0,0.0,2.0,1.0,1.0,1.0,1.0,4.0,1.0,1.0,2.0
2016,62.2.xml,1.0,1.0,1.0,1.0,5.0,1.0,1.0,1.0,1.0,2.0,2.0,1.0,6.0,1.0,7.0,3.0,7.0,2.0,4.0,6.0,4.0,4.0,5.0,2.0,1.0,1.0,1.0,0.0,0.0,0.0,0.0,0.0,0.0,2.0,1.0,1.0,1.0,2.0,1.0,2.0,1.0,2.0,2.0,2.0,2.0,4.0,1.0,1.0,1.0,4.0,1.0,2.0,1.0,1.0,4.0,1.0,1.0,19.0,11.0,19.0,0.0,1.0,1.0,0.0,0.0,3.0,0.0,1.0,4.0,2.0,2.0,3.0,1.0,2.0,1.0,1.0,2.0,1.0,1.0,1.0,1.0,1.0,1.0,1.0,1.0,1.0,1.0,1.0,1.0,1.0,2.0,1.0,5.0,1.0,1.0,1.0,1.0,1.0,4.0,1.0,1.0,2.0,1.0,1.0,0.0,0.0,0.0,0.0,0.0,2.0,1.0,1.0,1.0,1.0,4.0,1.0,1.0,2.0
2016,63.1.xml,1.0,1.0,1.0,1.0,5.0,1.0,1.0,1.0,1.0,2.0,2.0,1.0,5.0,1.0,5.0,2.0,5.0,2.0,3.0,5.0,3.0,3.0,3.0,1.0,1.0,1.0,1.0,0.0,0.0,0.0,0.0,0.0,0.0,2.0,1.0,1.0,1.0,2.0,1.0,2.0,1.0,2.0,2.0,2.0,2.0,4.0,1.0,1.0,1.0,4.0,1.0,2.0,1.0,1.0,4.0,1.0,1.0,8.0,8.0,8.0,0.0,0.0,0.0,0.0,0.0,3.0,0.0,1.0,3.0,2.0,2.0,4.0,1.0,2.0,1.0,1.0,2.0,1.0,1.0,1.0,1.0,1.0,1.0,1.0,1.0,1.0,1.0,1.0,1.0,1.0,2.0,1.0,5.0,1.0,1.0,1.0,1.0,1.0,4.0,1.0,1.0,0.0,0.0,0.0,0.0,0.0,0.0,0.0,0.0,2.0,1.0,1.0,1.0,1.0,4.0,1.0,1.0,2.0
2016,71.2.xml,1.0,1.0,1.0,1.0,5.0,1.0,1.0,1.0,1.0,2.0,2.0,1.0,3.0,1.0,4.0,1.0,4.0,1.0,3.0,4.0,3.0,3.0,4.0,2.0,1.0,1.0,1.0,0.0,0.0,0.0,0.0,0.0,0.0,2.0,1.0,1.0,1.0,2.0,1.0,2.0,1.0,2.0,2.0,2.0,2.0,4.0,1.0,1.0,1.0,4.0,1.0,2.0,1.0,1.0,4.0,1.0,1.0,10.0,10.0,10.0,0.0,3.0,1.0,0.0,0.0,4.0,0.0,1.0,2.0,2.0,2.0,4.0,1.0,2.0,1.0,1.0,2.0,1.0,1.0,1.0,1.0,1.0,1.0,1.0,1.0,1.0,1.0,1.0,1.0,1.0,2.0,1.0,5.0,1.0,1.0,1.0,1.0,1.0,4.0,1.0,1.0,2.0,1.0,1.0,0.0,1.0,1.0,1.0,1.0,2.0,1.0,1.0,1.0,1.0,4.0,1.0,1.0,2.0
2016,72.2.xml,1.0,1.0,1.0,1.0,5.0,1.0,1.0,1.0,1.0,2.0,2.0,1.0,3.0,1.0,4.0,1.0,4.0,1.0,3.0,4.0,3.0,3.0,3.0,1.0,1.0,1.0,1.0,0.0,0.0,0.0,0.0,0.0,0.0,2.0,1.0,1.0,1.0,2.0,1.0,2.0,1.0,2.0,2.0,2.0,2.0,4.0,1.0,1.0,1.0,4.0,1.0,2.0,1.0,1.0,4.0,1.0,1.0,29.0,24.0,29.0,0.0,2.0,1.0,0.0,0.0,4.0,0.0,1.0,2.0,3.0,2.0,4.0,1.0,2.0,1.0,1.0,2.0,1.0,1.0,1.0,1.0,1.0,1.0,1.0,1.0,1.0,1.0,1.0,1.0,1.0,2.0,1.0,6.0,1.0,1.0,1.0,1.0,1.0,4.0,1.0,1.0,2.0,3.0,3.0,0.0,1.0,1.0,1.0,1.0,2.0,1.0,1.0,1.0,1.0,4.0,1.0,1.0,2.0
2016,76.2.xml,1.0,1.0,1.0,1.0,5.0,1.0,1.0,1.0,1.0,2.0,2.0,1.0,3.0,1.0,4.0,1.0,4.0,1.0,3.0,4.0,3.0,3.0,3.0,1.0,1.0,1.0,1.0,0.0,0.0,0.0,0.0,0.0,0.0,2.0,1.0,1.0,1.0,2.0,1.0,2.0,1.0,2.0,2.0,2.0,2.0,4.0,1.0,1.0,1.0,4.0,1.0,2.0,1.0,1.0,4.0,1.0,1.0,11.0,8.0,11.0,0.0,2.0,1.0,0.0,0.0,4.0,0.0,1.0,2.0,2.0,2.0,3.0,1.0,2.0,1.0,1.0,2.0,1.0,1.0,1.0,1.0,1.0,1.0,1.0,1.0,1.0,1.0,1.0,1.0,1.0,2.0,1.0,6.0,1.0,1.0,1.0,1.0,1.0,4.0,1.0,1.0,2.0,2.0,2.0,0.0,1.0,1.0,1.0,1.0,2.0,1.0,1.0,1.0,1.0,4.0,1.0,1.0,2.0
2016,78.2.xml,1.0,1.0,1.0,1.0,5.0,1.0,1.0,1.0,1.0,2.0,2.0,1.0,25.0,2.0,28.0,10.0,28.0,12.0,12.0,28.0,11.0,11.0,7.0,4.0,1.0,1.0,1.0,0.0,0.0,0.0,0.0,0.0,0.0,2.0,1.0,1.0,1.0,2.0,1.0,2.0,1.0,2.0,2.0,2.0,2.0,4.0,1.0,1.0,1.0,4.0,1.0,2.0,1.0,1.0,4.0,2.0,2.0,129.0,127.0,126.0,1.0,1.0,1.0,0.0,0.0,77.0,0.0,3.0,19.0,1.0,1.0,4.0,1.0,4.0,2.0,1.0,2.0,1.0,1.0,1.0,1.0,1.0,1.0,1.0,2.0,1.0,2.0,1.0,1.0,1.0,2.0,1.0,7.0,1.0,1.0,1.0,1.0,1.0,4.0,1.0,1.0,2.0,1.0,1.0,0.0,1.0,1.0,1.0,1.0,2.0,1.0,1.0,1.0,1.0,4.0,1.0,1.0,2.0
2016,9.2.xml,1.0,1.0,1.0,1.0,5.0,1.0,1.0,1.0,1.0,2.0,2.0,1.0,4.0,1.0,4.0,1.0,4.0,1.0,3.0,4.0,3.0,3.0,3.0,0.0,1.0,1.0,1.0,0.0,0.0,0.0,0.0,0.0,0.0,2.0,1.0,1.0,1.0,2.0,1.0,2.0,1.0,2.0,2.0,2.0,2.0,4.0,1.0,1.0,1.0,4.0,1.0,2.0,1.0,1.0,4.0,1.0,1.0,9.0,9.0,9.0,0.0,2.0,1.0,0.0,0.0,4.0,0.0,1.0,2.0,1.0,1.0,3.0,1.0,2.0,1.0,1.0,2.0,1.0,1.0,1.0,1.0,1.0,1.0,1.0,1.0,1.0,1.0,1.0,1.0,1.0,2.0,1.0,5.0,1.0,1.0,1.0,1.0,1.0,4.0,1.0,1.0,0.0,0.0,0.0,0.0,0.0,0.0,0.0,0.0,2.0,1.0,1.0,1.0,1.0,4.0,1.0,1.0,2.0
