XPath,266.7.xml,267.8.xml,268.7.xml,272.8.xml,274.7.xml,276.8.xml,277.8.xml,278.11.xml,278.12.xml,281.10.xml,282.7.xml,30.9.xml,630.1.xml,636.4.xml,652.1.xml,652.2.xml,653.1.xml,653.2.xml
/eml:eml/@packageId,1.0,1.0,1.0,1.0,1.0,1.0,1.0,1.0,1.0,1.0,1.0,1.0,1.0,1.0,1.0,1.0,1.0,1.0
/eml:eml/@scope,1.0,1.0,1.0,1.0,1.0,1.0,1.0,1.0,1.0,1.0,1.0,0.0,1.0,1.0,1.0,1.0,1.0,1.0
/eml:eml/@system,1.0,1.0,1.0,1.0,1.0,1.0,1.0,1.0,1.0,1.0,1.0,1.0,1.0,1.0,1.0,1.0,1.0,1.0
/eml:eml/@xsi:schemaLocation,1.0,1.0,1.0,1.0,1.0,1.0,1.0,1.0,1.0,1.0,1.0,1.0,1.0,1.0,1.0,1.0,1.0,1.0
/eml:eml/access,5.0,5.0,5.0,5.0,5.0,5.0,5.0,5.0,5.0,5.0,5.0,5.0,5.0,5.0,5.0,5.0,5.0,5.0
/eml:eml/access/@authSystem,1.0,1.0,1.0,1.0,1.0,1.0,1.0,1.0,1.0,1.0,1.0,1.0,1.0,1.0,1.0,1.0,1.0,1.0
/eml:eml/access/@order,1.0,1.0,1.0,1.0,1.0,1.0,1.0,1.0,1.0,1.0,1.0,1.0,1.0,1.0,1.0,1.0,1.0,1.0
/eml:eml/access/@scope,1.0,1.0,1.0,1.0,1.0,1.0,1.0,1.0,1.0,1.0,1.0,1.0,1.0,1.0,1.0,1.0,1.0,1.0
/eml:eml/access/@system,1.0,1.0,1.0,1.0,1.0,1.0,1.0,1.0,1.0,1.0,1.0,1.0,1.0,1.0,1.0,1.0,1.0,1.0
/eml:eml/access/allow/permission,2.0,2.0,2.0,2.0,2.0,2.0,2.0,2.0,2.0,2.0,2.0,2.0,2.0,2.0,2.0,2.0,2.0,2.0
/eml:eml/access/allow/principal,2.0,2.0,2.0,2.0,2.0,2.0,2.0,2.0,2.0,2.0,2.0,2.0,2.0,2.0,2.0,2.0,2.0,2.0
/eml:eml/additionalMetadata/metadata/stmml:unitList/@xsi:schemaLocation,0.0,0.0,0.0,0.0,0.0,0.0,0.0,1.0,1.0,0.0,0.0,0.0,0.0,0.0,0.0,0.0,0.0,0.0
/eml:eml/additionalMetadata/metadata/stmml:unitList/stmml:unit/@abbreviation,0.0,0.0,0.0,0.0,0.0,0.0,0.0,1.0,1.0,0.0,0.0,0.0,0.0,0.0,0.0,0.0,0.0,0.0
/eml:eml/additionalMetadata/metadata/stmml:unitList/stmml:unit/@constantToSI,0.0,0.0,0.0,0.0,0.0,0.0,0.0,1.0,1.0,0.0,0.0,0.0,0.0,0.0,0.0,0.0,0.0,0.0
/eml:eml/additionalMetadata/metadata/stmml:unitList/stmml:unit/@id,0.0,0.0,0.0,0.0,0.0,0.0,0.0,1.0,1.0,0.0,0.0,0.0,0.0,0.0,0.0,0.0,0.0,0.0
/eml:eml/additionalMetadata/metadata/stmml:unitList/stmml:unit/@multiplierToSI,0.0,0.0,0.0,0.0,0.0,0.0,0.0,1.0,1.0,0.0,0.0,0.0,0.0,0.0,0.0,0.0,0.0,0.0
/eml:eml/additionalMetadata/metadata/stmml:unitList/stmml:unit/@name,0.0,0.0,0.0,0.0,0.0,0.0,0.0,1.0,1.0,0.0,0.0,0.0,0.0,0.0,0.0,0.0,0.0,0.0
/eml:eml/additionalMetadata/metadata/stmml:unitList/stmml:unit/@parentSI,0.0,0.0,0.0,0.0,0.0,0.0,0.0,1.0,1.0,0.0,0.0,0.0,0.0,0.0,0.0,0.0,0.0,0.0
/eml:eml/additionalMetadata/metadata/stmml:unitList/stmml:unit/@unitType,0.0,0.0,0.0,0.0,0.0,0.0,0.0,1.0,1.0,0.0,0.0,0.0,0.0,0.0,0.0,0.0,0.0,0.0
/eml:eml/additionalMetadata/metadata/stmml:unitList/stmml:unit/stmml:description,0.0,0.0,0.0,0.0,0.0,0.0,0.0,1.0,1.0,0.0,0.0,0.0,0.0,0.0,0.0,0.0,0.0,0.0
/eml:eml/additionalMetadata/metadata/stmml:unitList/unit/@id,0.0,0.0,0.0,0.0,0.0,0.0,0.0,0.0,0.0,0.0,0.0,0.0,0.0,2.0,0.0,0.0,0.0,0.0
/eml:eml/additionalMetadata/metadata/stmml:unitList/unit/@multiplierToSI,0.0,0.0,0.0,0.0,0.0,0.0,0.0,0.0,0.0,0.0,0.0,0.0,0.0,2.0,0.0,0.0,0.0,0.0
/eml:eml/additionalMetadata/metadata/stmml:unitList/unit/@name,0.0,0.0,0.0,0.0,0.0,0.0,0.0,0.0,0.0,0.0,0.0,0.0,0.0,2.0,0.0,0.0,0.0,0.0
/eml:eml/additionalMetadata/metadata/stmml:unitList/unit/@parentSI,0.0,0.0,0.0,0.0,0.0,0.0,0.0,0.0,0.0,0.0,0.0,0.0,0.0,2.0,0.0,0.0,0.0,0.0
/eml:eml/additionalMetadata/metadata/stmml:unitList/unit/@unitType,0.0,0.0,0.0,0.0,0.0,0.0,0.0,0.0,0.0,0.0,0.0,0.0,0.0,1.0,0.0,0.0,0.0,0.0
/eml:eml/additionalMetadata/metadata/stmml:unitList/unit/description,0.0,0.0,0.0,0.0,0.0,0.0,0.0,0.0,0.0,0.0,0.0,0.0,0.0,2.0,0.0,0.0,0.0,0.0
/eml:eml/additionalMetadata/metadata/unitList/unit/@id,0.0,0.0,0.0,0.0,0.0,0.0,0.0,0.0,0.0,2.0,0.0,0.0,2.0,0.0,1.0,1.0,0.0,0.0
/eml:eml/additionalMetadata/metadata/unitList/unit/@multiplierToSI,0.0,0.0,0.0,0.0,0.0,0.0,0.0,0.0,0.0,2.0,0.0,0.0,2.0,0.0,1.0,1.0,0.0,0.0
/eml:eml/additionalMetadata/metadata/unitList/unit/@name,0.0,0.0,0.0,0.0,0.0,0.0,0.0,0.0,0.0,2.0,0.0,0.0,2.0,0.0,1.0,1.0,0.0,0.0
/eml:eml/additionalMetadata/metadata/unitList/unit/@parentSI,0.0,0.0,0.0,0.0,0.0,0.0,0.0,0.0,0.0,2.0,0.0,0.0,2.0,0.0,1.0,1.0,0.0,0.0
/eml:eml/additionalMetadata/metadata/unitList/unit/@unitType,0.0,0.0,0.0,0.0,0.0,0.0,0.0,0.0,0.0,2.0,0.0,0.0,2.0,0.0,1.0,1.0,0.0,0.0
/eml:eml/additionalMetadata/metadata/unitList/unit/description,0.0,0.0,0.0,0.0,0.0,0.0,0.0,0.0,0.0,2.0,0.0,0.0,2.0,0.0,1.0,1.0,0.0,0.0
/eml:eml/dataset/@id,1.0,1.0,1.0,1.0,1.0,1.0,1.0,1.0,1.0,0.0,1.0,1.0,0.0,0.0,0.0,0.0,0.0,0.0
/eml:eml/dataset/@scope,1.0,1.0,1.0,1.0,1.0,1.0,1.0,1.0,1.0,0.0,1.0,0.0,0.0,0.0,0.0,0.0,0.0,0.0
/eml:eml/dataset/@system,1.0,1.0,1.0,1.0,1.0,1.0,1.0,1.0,1.0,0.0,1.0,1.0,0.0,0.0,0.0,0.0,0.0,0.0
/eml:eml/dataset/abstract,1.0,1.0,1.0,1.0,1.0,1.0,1.0,1.0,1.0,1.0,1.0,1.0,1.0,1.0,1.0,1.0,1.0,1.0
/eml:eml/dataset/abstract/para,2.0,2.0,2.0,2.0,2.0,2.0,3.0,3.0,3.0,2.0,2.0,4.0,2.0,0.0,3.0,3.0,3.0,3.0
/eml:eml/dataset/alternateIdentifier,2.0,2.0,2.0,2.0,2.0,2.0,2.0,2.0,2.0,1.0,2.0,2.0,1.0,1.0,1.0,1.0,1.0,1.0
/eml:eml/dataset/alternateIdentifier/@system,2.0,2.0,2.0,2.0,2.0,2.0,2.0,2.0,2.0,1.0,2.0,2.0,1.0,1.0,1.0,1.0,1.0,1.0
/eml:eml/dataset/contact,1.0,1.0,1.0,1.0,1.0,1.0,1.0,1.0,1.0,1.0,1.0,1.0,1.0,1.0,1.0,1.0,1.0,1.0
/eml:eml/dataset/contact/address/administrativeArea,0.0,0.0,0.0,0.0,0.0,0.0,0.0,0.0,0.0,1.0,0.0,1.0,1.0,1.0,1.0,1.0,1.0,1.0
/eml:eml/dataset/contact/address/city,1.0,1.0,1.0,1.0,1.0,1.0,1.0,1.0,1.0,1.0,1.0,1.0,1.0,1.0,1.0,1.0,1.0,1.0
/eml:eml/dataset/contact/address/country,1.0,1.0,1.0,1.0,1.0,1.0,1.0,1.0,1.0,1.0,1.0,0.0,1.0,1.0,1.0,1.0,1.0,1.0
/eml:eml/dataset/contact/address/deliveryPoint,3.0,3.0,3.0,3.0,3.0,3.0,3.0,3.0,3.0,1.0,3.0,2.0,1.0,1.0,1.0,1.0,1.0,1.0
/eml:eml/dataset/contact/address/postalCode,1.0,1.0,1.0,1.0,1.0,1.0,1.0,1.0,1.0,1.0,1.0,1.0,1.0,1.0,1.0,1.0,1.0,1.0
/eml:eml/dataset/contact/electronicMailAddress,1.0,1.0,1.0,1.0,1.0,1.0,1.0,1.0,1.0,1.0,1.0,1.0,1.0,1.0,1.0,1.0,1.0,1.0
/eml:eml/dataset/contact/organizationName,0.0,0.0,0.0,0.0,0.0,0.0,0.0,0.0,0.0,1.0,0.0,1.0,1.0,1.0,1.0,1.0,1.0,1.0
/eml:eml/dataset/contact/phone,2.0,2.0,2.0,2.0,2.0,2.0,2.0,2.0,2.0,0.0,2.0,2.0,0.0,0.0,0.0,0.0,0.0,0.0
/eml:eml/dataset/contact/phone/@phonetype,2.0,2.0,2.0,2.0,2.0,2.0,2.0,2.0,2.0,0.0,2.0,2.0,0.0,0.0,0.0,0.0,0.0,0.0
/eml:eml/dataset/contact/positionName,1.0,1.0,1.0,1.0,1.0,1.0,1.0,1.0,1.0,1.0,1.0,1.0,1.0,1.0,1.0,1.0,1.0,1.0
/eml:eml/dataset/coverage/geographicCoverage,1.0,1.0,1.0,1.0,1.0,1.0,1.0,1.0,1.0,1.0,1.0,1.0,1.0,2.0,1.0,1.0,1.0,1.0
/eml:eml/dataset/coverage/geographicCoverage/@id,0.0,0.0,0.0,0.0,0.0,0.0,0.0,0.0,0.0,0.0,0.0,0.0,0.0,2.0,0.0,0.0,0.0,0.0
/eml:eml/dataset/coverage/geographicCoverage/boundingCoordinates,1.0,1.0,1.0,1.0,1.0,1.0,1.0,1.0,1.0,1.0,1.0,1.0,1.0,2.0,1.0,1.0,1.0,1.0
/eml:eml/dataset/coverage/geographicCoverage/boundingCoordinates/eastBoundingCoordinate,1.0,1.0,1.0,1.0,1.0,1.0,1.0,1.0,1.0,1.0,1.0,1.0,1.0,2.0,1.0,1.0,1.0,1.0
/eml:eml/dataset/coverage/geographicCoverage/boundingCoordinates/northBoundingCoordinate,1.0,1.0,1.0,1.0,1.0,1.0,1.0,1.0,1.0,1.0,1.0,1.0,1.0,2.0,1.0,1.0,1.0,1.0
/eml:eml/dataset/coverage/geographicCoverage/boundingCoordinates/southBoundingCoordinate,1.0,1.0,1.0,1.0,1.0,1.0,1.0,1.0,1.0,1.0,1.0,1.0,1.0,2.0,1.0,1.0,1.0,1.0
/eml:eml/dataset/coverage/geographicCoverage/boundingCoordinates/westBoundingCoordinate,1.0,1.0,1.0,1.0,1.0,1.0,1.0,1.0,1.0,1.0,1.0,1.0,1.0,2.0,1.0,1.0,1.0,1.0
/eml:eml/dataset/coverage/geographicCoverage/geographicDescription,1.0,1.0,1.0,1.0,1.0,1.0,1.0,1.0,1.0,1.0,1.0,1.0,1.0,1.0,1.0,1.0,1.0,1.0
/eml:eml/dataset/coverage/taxonomicCoverage,0.0,0.0,0.0,0.0,0.0,0.0,0.0,0.0,0.0,0.0,0.0,0.0,0.0,0.0,1.0,1.0,1.0,1.0
/eml:eml/dataset/coverage/taxonomicCoverage/taxonomicClassification/taxonRankName,0.0,0.0,0.0,0.0,0.0,0.0,0.0,0.0,0.0,0.0,0.0,0.0,0.0,0.0,5.0,5.0,3.0,3.0
/eml:eml/dataset/coverage/taxonomicCoverage/taxonomicClassification/taxonRankValue,0.0,0.0,0.0,0.0,0.0,0.0,0.0,0.0,0.0,0.0,0.0,0.0,0.0,0.0,7.0,7.0,3.0,3.0
/eml:eml/dataset/coverage/taxonomicCoverage/taxonomicClassification/taxonomicClassification/taxonRankName,0.0,0.0,0.0,0.0,0.0,0.0,0.0,0.0,0.0,0.0,0.0,0.0,0.0,0.0,1.0,1.0,1.0,1.0
/eml:eml/dataset/coverage/taxonomicCoverage/taxonomicClassification/taxonomicClassification/taxonRankValue,0.0,0.0,0.0,0.0,0.0,0.0,0.0,0.0,0.0,0.0,0.0,0.0,0.0,0.0,2.0,2.0,1.0,1.0
/eml:eml/dataset/coverage/taxonomicCoverage/taxonomicClassification/taxonomicClassification/taxonomicClassification/taxonRankName,0.0,0.0,0.0,0.0,0.0,0.0,0.0,0.0,0.0,0.0,0.0,0.0,0.0,0.0,1.0,1.0,1.0,1.0
/eml:eml/dataset/coverage/taxonomicCoverage/taxonomicClassification/taxonomicClassification/taxonomicClassification/taxonRankValue,0.0,0.0,0.0,0.0,0.0,0.0,0.0,0.0,0.0,0.0,0.0,0.0,0.0,0.0,2.0,2.0,1.0,1.0
/eml:eml/dataset/coverage/taxonomicCoverage/taxonomicClassification/taxonomicClassification/taxonomicClassification/taxonomicClassification/taxonRankName,0.0,0.0,0.0,0.0,0.0,0.0,0.0,0.0,0.0,0.0,0.0,0.0,0.0,0.0,2.0,2.0,1.0,1.0
/eml:eml/dataset/coverage/taxonomicCoverage/taxonomicClassification/taxonomicClassification/taxonomicClassification/taxonomicClassification/taxonRankValue,0.0,0.0,0.0,0.0,0.0,0.0,0.0,0.0,0.0,0.0,0.0,0.0,0.0,0.0,2.0,2.0,1.0,1.0
/eml:eml/dataset/coverage/taxonomicCoverage/taxonomicClassification/taxonomicClassification/taxonomicClassification/taxonomicClassification/taxonomicClassification/taxonRankName,0.0,0.0,0.0,0.0,0.0,0.0,0.0,0.0,0.0,0.0,0.0,0.0,0.0,0.0,2.0,2.0,1.0,1.0
/eml:eml/dataset/coverage/taxonomicCoverage/taxonomicClassification/taxonomicClassification/taxonomicClassification/taxonomicClassification/taxonomicClassification/taxonRankValue,0.0,0.0,0.0,0.0,0.0,0.0,0.0,0.0,0.0,0.0,0.0,0.0,0.0,0.0,2.0,2.0,1.0,1.0
/eml:eml/dataset/coverage/taxonomicCoverage/taxonomicClassification/taxonomicClassification/taxonomicClassification/taxonomicClassification/taxonomicClassification/taxonomicClassification/taxonRankName,0.0,0.0,0.0,0.0,0.0,0.0,0.0,0.0,0.0,0.0,0.0,0.0,0.0,0.0,2.0,2.0,1.0,1.0
/eml:eml/dataset/coverage/taxonomicCoverage/taxonomicClassification/taxonomicClassification/taxonomicClassification/taxonomicClassification/taxonomicClassification/taxonomicClassification/taxonRankValue,0.0,0.0,0.0,0.0,0.0,0.0,0.0,0.0,0.0,0.0,0.0,0.0,0.0,0.0,6.0,6.0,1.0,1.0
/eml:eml/dataset/coverage/taxonomicCoverage/taxonomicClassification/taxonomicClassification/taxonomicClassification/taxonomicClassification/taxonomicClassification/taxonomicClassification/taxonomicClassification/taxonRankName,0.0,0.0,0.0,0.0,0.0,0.0,0.0,0.0,0.0,0.0,0.0,0.0,0.0,0.0,1.0,1.0,1.0,1.0
/eml:eml/dataset/coverage/taxonomicCoverage/taxonomicClassification/taxonomicClassification/taxonomicClassification/taxonomicClassification/taxonomicClassification/taxonomicClassification/taxonomicClassification/taxonRankValue,0.0,0.0,0.0,0.0,0.0,0.0,0.0,0.0,0.0,0.0,0.0,0.0,0.0,0.0,10.0,10.0,3.0,3.0
/eml:eml/dataset/coverage/taxonomicCoverage/taxonomicClassification/taxonomicClassification/taxonomicClassification/taxonomicClassification/taxonomicClassification/taxonomicClassification/taxonomicClassification/taxonomicClassification/taxonRankName,0.0,0.0,0.0,0.0,0.0,0.0,0.0,0.0,0.0,0.0,0.0,0.0,0.0,0.0,3.0,3.0,2.0,2.0
/eml:eml/dataset/coverage/taxonomicCoverage/taxonomicClassification/taxonomicClassification/taxonomicClassification/taxonomicClassification/taxonomicClassification/taxonomicClassification/taxonomicClassification/taxonomicClassification/taxonRankValue,0.0,0.0,0.0,0.0,0.0,0.0,0.0,0.0,0.0,0.0,0.0,0.0,0.0,0.0,20.0,20.0,10.0,10.0
/eml:eml/dataset/coverage/taxonomicCoverage/taxonomicClassification/taxonomicClassification/taxonomicClassification/taxonomicClassification/taxonomicClassification/taxonomicClassification/taxonomicClassification/taxonomicClassification/taxonomicClassification/taxonRankName,0.0,0.0,0.0,0.0,0.0,0.0,0.0,0.0,0.0,0.0,0.0,0.0,0.0,0.0,5.0,5.0,1.0,1.0
/eml:eml/dataset/coverage/taxonomicCoverage/taxonomicClassification/taxonomicClassification/taxonomicClassification/taxonomicClassification/taxonomicClassification/taxonomicClassification/taxonomicClassification/taxonomicClassification/taxonomicClassification/taxonRankValue,0.0,0.0,0.0,0.0,0.0,0.0,0.0,0.0,0.0,0.0,0.0,0.0,0.0,0.0,64.0,64.0,32.0,32.0
/eml:eml/dataset/coverage/taxonomicCoverage/taxonomicClassification/taxonomicClassification/taxonomicClassification/taxonomicClassification/taxonomicClassification/taxonomicClassification/taxonomicClassification/taxonomicClassification/taxonomicClassification/taxonomicClassification/taxonRankName,0.0,0.0,0.0,0.0,0.0,0.0,0.0,0.0,0.0,0.0,0.0,0.0,0.0,0.0,4.0,4.0,1.0,1.0
/eml:eml/dataset/coverage/taxonomicCoverage/taxonomicClassification/taxonomicClassification/taxonomicClassification/taxonomicClassification/taxonomicClassification/taxonomicClassification/taxonomicClassification/taxonomicClassification/taxonomicClassification/taxonomicClassification/taxonRankValue,0.0,0.0,0.0,0.0,0.0,0.0,0.0,0.0,0.0,0.0,0.0,0.0,0.0,0.0,107.0,107.0,61.0,61.0
/eml:eml/dataset/coverage/taxonomicCoverage/taxonomicClassification/taxonomicClassification/taxonomicClassification/taxonomicClassification/taxonomicClassification/taxonomicClassification/taxonomicClassification/taxonomicClassification/taxonomicClassification/taxonomicClassification/taxonomicClassification/taxonRankName,0.0,0.0,0.0,0.0,0.0,0.0,0.0,0.0,0.0,0.0,0.0,0.0,0.0,0.0,4.0,4.0,1.0,1.0
/eml:eml/dataset/coverage/taxonomicCoverage/taxonomicClassification/taxonomicClassification/taxonomicClassification/taxonomicClassification/taxonomicClassification/taxonomicClassification/taxonomicClassification/taxonomicClassification/taxonomicClassification/taxonomicClassification/taxonomicClassification/taxonRankValue,0.0,0.0,0.0,0.0,0.0,0.0,0.0,0.0,0.0,0.0,0.0,0.0,0.0,0.0,351.0,351.0,135.0,135.0
/eml:eml/dataset/coverage/taxonomicCoverage/taxonomicClassification/taxonomicClassification/taxonomicClassification/taxonomicClassification/taxonomicClassification/taxonomicClassification/taxonomicClassification/taxonomicClassification/taxonomicClassification/taxonomicClassification/taxonomicClassification/taxonomicClassification/taxonRankName,0.0,0.0,0.0,0.0,0.0,0.0,0.0,0.0,0.0,0.0,0.0,0.0,0.0,0.0,5.0,5.0,1.0,1.0
/eml:eml/dataset/coverage/taxonomicCoverage/taxonomicClassification/taxonomicClassification/taxonomicClassification/taxonomicClassification/taxonomicClassification/taxonomicClassification/taxonomicClassification/taxonomicClassification/taxonomicClassification/taxonomicClassification/taxonomicClassification/taxonomicClassification/taxonRankValue,0.0,0.0,0.0,0.0,0.0,0.0,0.0,0.0,0.0,0.0,0.0,0.0,0.0,0.0,513.0,513.0,177.0,177.0
/eml:eml/dataset/coverage/taxonomicCoverage/taxonomicClassification/taxonomicClassification/taxonomicClassification/taxonomicClassification/taxonomicClassification/taxonomicClassification/taxonomicClassification/taxonomicClassification/taxonomicClassification/taxonomicClassification/taxonomicClassification/taxonomicClassification/taxonomicClassification/taxonRankName,0.0,0.0,0.0,0.0,0.0,0.0,0.0,0.0,0.0,0.0,0.0,0.0,0.0,0.0,6.0,6.0,0.0,0.0
/eml:eml/dataset/coverage/taxonomicCoverage/taxonomicClassification/taxonomicClassification/taxonomicClassification/taxonomicClassification/taxonomicClassification/taxonomicClassification/taxonomicClassification/taxonomicClassification/taxonomicClassification/taxonomicClassification/taxonomicClassification/taxonomicClassification/taxonomicClassification/taxonRankValue,0.0,0.0,0.0,0.0,0.0,0.0,0.0,0.0,0.0,0.0,0.0,0.0,0.0,0.0,38.0,38.0,0.0,0.0
/eml:eml/dataset/coverage/taxonomicCoverage/taxonomicClassification/taxonomicClassification/taxonomicClassification/taxonomicClassification/taxonomicClassification/taxonomicClassification/taxonomicClassification/taxonomicClassification/taxonomicClassification/taxonomicClassification/taxonomicClassification/taxonomicClassification/taxonomicClassification/taxonomicClassification/taxonRankName,0.0,0.0,0.0,0.0,0.0,0.0,0.0,0.0,0.0,0.0,0.0,0.0,0.0,0.0,3.0,3.0,0.0,0.0
/eml:eml/dataset/coverage/taxonomicCoverage/taxonomicClassification/taxonomicClassification/taxonomicClassification/taxonomicClassification/taxonomicClassification/taxonomicClassification/taxonomicClassification/taxonomicClassification/taxonomicClassification/taxonomicClassification/taxonomicClassification/taxonomicClassification/taxonomicClassification/taxonomicClassification/taxonRankValue,0.0,0.0,0.0,0.0,0.0,0.0,0.0,0.0,0.0,0.0,0.0,0.0,0.0,0.0,58.0,58.0,0.0,0.0
/eml:eml/dataset/coverage/taxonomicCoverage/taxonomicClassification/taxonomicClassification/taxonomicClassification/taxonomicClassification/taxonomicClassification/taxonomicClassification/taxonomicClassification/taxonomicClassification/taxonomicClassification/taxonomicClassification/taxonomicClassification/taxonomicClassification/taxonomicClassification/taxonomicClassification/taxonomicClassification/taxonRankName,0.0,0.0,0.0,0.0,0.0,0.0,0.0,0.0,0.0,0.0,0.0,0.0,0.0,0.0,1.0,1.0,0.0,0.0
/eml:eml/dataset/coverage/taxonomicCoverage/taxonomicClassification/taxonomicClassification/taxonomicClassification/taxonomicClassification/taxonomicClassification/taxonomicClassification/taxonomicClassification/taxonomicClassification/taxonomicClassification/taxonomicClassification/taxonomicClassification/taxonomicClassification/taxonomicClassification/taxonomicClassification/taxonomicClassification/taxonRankValue,0.0,0.0,0.0,0.0,0.0,0.0,0.0,0.0,0.0,0.0,0.0,0.0,0.0,0.0,52.0,52.0,0.0,0.0
/eml:eml/dataset/coverage/taxonomicCoverage/taxonomicClassification/taxonomicClassification/taxonomicClassification/taxonomicClassification/taxonomicClassification/taxonomicClassification/taxonomicClassification/taxonomicClassification/taxonomicClassification/taxonomicClassification/taxonomicClassification/taxonomicClassification/taxonomicClassification/taxonomicClassification/taxonomicClassification/taxonomicClassification/taxonRankName,0.0,0.0,0.0,0.0,0.0,0.0,0.0,0.0,0.0,0.0,0.0,0.0,0.0,0.0,1.0,1.0,0.0,0.0
/eml:eml/dataset/coverage/taxonomicCoverage/taxonomicClassification/taxonomicClassification/taxonomicClassification/taxonomicClassification/taxonomicClassification/taxonomicClassification/taxonomicClassification/taxonomicClassification/taxonomicClassification/taxonomicClassification/taxonomicClassification/taxonomicClassification/taxonomicClassification/taxonomicClassification/taxonomicClassification/taxonomicClassification/taxonRankValue,0.0,0.0,0.0,0.0,0.0,0.0,0.0,0.0,0.0,0.0,0.0,0.0,0.0,0.0,9.0,9.0,0.0,0.0
/eml:eml/dataset/coverage/taxonomicCoverage/taxonomicClassification/taxonomicClassification/taxonomicClassification/taxonomicClassification/taxonomicClassification/taxonomicClassification/taxonomicClassification/taxonomicClassification/taxonomicClassification/taxonomicClassification/taxonomicClassification/taxonomicClassification/taxonomicClassification/taxonomicClassification/taxonomicClassification/taxonomicClassification/taxonomicClassification/taxonRankName,0.0,0.0,0.0,0.0,0.0,0.0,0.0,0.0,0.0,0.0,0.0,0.0,0.0,0.0,2.0,2.0,0.0,0.0
/eml:eml/dataset/coverage/taxonomicCoverage/taxonomicClassification/taxonomicClassification/taxonomicClassification/taxonomicClassification/taxonomicClassification/taxonomicClassification/taxonomicClassification/taxonomicClassification/taxonomicClassification/taxonomicClassification/taxonomicClassification/taxonomicClassification/taxonomicClassification/taxonomicClassification/taxonomicClassification/taxonomicClassification/taxonomicClassification/taxonRankValue,0.0,0.0,0.0,0.0,0.0,0.0,0.0,0.0,0.0,0.0,0.0,0.0,0.0,0.0,7.0,7.0,0.0,0.0
/eml:eml/dataset/coverage/taxonomicCoverage/taxonomicClassification/taxonomicClassification/taxonomicClassification/taxonomicClassification/taxonomicClassification/taxonomicClassification/taxonomicClassification/taxonomicClassification/taxonomicClassification/taxonomicClassification/taxonomicClassification/taxonomicClassification/taxonomicClassification/taxonomicClassification/taxonomicClassification/taxonomicClassification/taxonomicClassification/taxonomicClassification/taxonRankName,0.0,0.0,0.0,0.0,0.0,0.0,0.0,0.0,0.0,0.0,0.0,0.0,0.0,0.0,2.0,2.0,0.0,0.0
/eml:eml/dataset/coverage/taxonomicCoverage/taxonomicClassification/taxonomicClassification/taxonomicClassification/taxonomicClassification/taxonomicClassification/taxonomicClassification/taxonomicClassification/taxonomicClassification/taxonomicClassification/taxonomicClassification/taxonomicClassification/taxonomicClassification/taxonomicClassification/taxonomicClassification/taxonomicClassification/taxonomicClassification/taxonomicClassification/taxonomicClassification/taxonRankValue,0.0,0.0,0.0,0.0,0.0,0.0,0.0,0.0,0.0,0.0,0.0,0.0,0.0,0.0,5.0,5.0,0.0,0.0
/eml:eml/dataset/coverage/taxonomicCoverage/taxonomicClassification/taxonomicClassification/taxonomicClassification/taxonomicClassification/taxonomicClassification/taxonomicClassification/taxonomicClassification/taxonomicClassification/taxonomicClassification/taxonomicClassification/taxonomicClassification/taxonomicClassification/taxonomicClassification/taxonomicClassification/taxonomicClassification/taxonomicClassification/taxonomicClassification/taxonomicClassification/taxonomicClassification/taxonRankName,0.0,0.0,0.0,0.0,0.0,0.0,0.0,0.0,0.0,0.0,0.0,0.0,0.0,0.0,1.0,1.0,0.0,0.0
/eml:eml/dataset/coverage/taxonomicCoverage/taxonomicClassification/taxonomicClassification/taxonomicClassification/taxonomicClassification/taxonomicClassification/taxonomicClassification/taxonomicClassification/taxonomicClassification/taxonomicClassification/taxonomicClassification/taxonomicClassification/taxonomicClassification/taxonomicClassification/taxonomicClassification/taxonomicClassification/taxonomicClassification/taxonomicClassification/taxonomicClassification/taxonomicClassification/taxonRankValue,0.0,0.0,0.0,0.0,0.0,0.0,0.0,0.0,0.0,0.0,0.0,0.0,0.0,0.0,1.0,1.0,0.0,0.0
/eml:eml/dataset/coverage/temporalCoverage,1.0,1.0,1.0,1.0,1.0,1.0,1.0,1.0,1.0,1.0,1.0,1.0,1.0,1.0,1.0,1.0,1.0,1.0
/eml:eml/dataset/coverage/temporalCoverage/rangeOfDates/beginDate/calendarDate,1.0,1.0,1.0,1.0,1.0,1.0,1.0,1.0,1.0,1.0,1.0,1.0,1.0,1.0,1.0,1.0,1.0,1.0
/eml:eml/dataset/coverage/temporalCoverage/rangeOfDates/endDate,1.0,1.0,1.0,1.0,1.0,1.0,1.0,1.0,1.0,1.0,1.0,1.0,1.0,1.0,1.0,1.0,1.0,1.0
/eml:eml/dataset/coverage/temporalCoverage/rangeOfDates/endDate/calendarDate,1.0,1.0,1.0,1.0,1.0,1.0,1.0,1.0,1.0,1.0,1.0,1.0,1.0,1.0,1.0,1.0,1.0,1.0
/eml:eml/dataset/creator,6.0,2.0,10.0,6.0,10.0,10.0,6.0,10.0,10.0,10.0,6.0,4.0,4.0,10.0,14.0,14.0,6.0,6.0
/eml:eml/dataset/creator/@id,0.0,0.0,0.0,0.0,0.0,5.0,3.0,0.0,0.0,5.0,3.0,0.0,2.0,5.0,7.0,7.0,3.0,3.0
/eml:eml/dataset/creator/@system,0.0,0.0,0.0,0.0,0.0,1.0,1.0,0.0,0.0,0.0,1.0,0.0,0.0,0.0,0.0,0.0,0.0,0.0
/eml:eml/dataset/creator/address/administrativeArea,1.0,1.0,1.0,0.0,1.0,1.0,0.0,1.0,1.0,0.0,1.0,1.0,0.0,0.0,0.0,0.0,0.0,0.0
/eml:eml/dataset/creator/address/city,2.0,1.0,1.0,0.0,2.0,2.0,0.0,2.0,2.0,0.0,1.0,2.0,0.0,0.0,0.0,0.0,0.0,0.0
/eml:eml/dataset/creator/address/country,1.0,0.0,0.0,0.0,1.0,1.0,0.0,1.0,1.0,0.0,1.0,0.0,0.0,0.0,0.0,0.0,0.0,0.0
/eml:eml/dataset/creator/address/deliveryPoint,6.0,2.0,2.0,0.0,6.0,6.0,0.0,6.0,6.0,0.0,3.0,5.0,0.0,0.0,0.0,0.0,0.0,0.0
/eml:eml/dataset/creator/address/postalCode,2.0,1.0,1.0,0.0,2.0,2.0,0.0,2.0,2.0,0.0,1.0,1.0,0.0,0.0,0.0,0.0,0.0,0.0
/eml:eml/dataset/creator/electronicMailAddress,0.0,2.0,2.0,0.0,0.0,0.0,0.0,0.0,0.0,10.0,0.0,2.0,4.0,10.0,14.0,14.0,6.0,6.0
/eml:eml/dataset/creator/individualName/givenName,4.0,2.0,8.0,3.0,7.0,8.0,3.0,8.0,8.0,5.0,4.0,0.0,2.0,5.0,6.0,6.0,3.0,3.0
/eml:eml/dataset/creator/individualName/surName,3.0,1.0,5.0,3.0,5.0,5.0,3.0,5.0,5.0,5.0,3.0,0.0,2.0,5.0,7.0,7.0,3.0,3.0
/eml:eml/dataset/creator/organizationName,2.0,2.0,8.0,4.0,2.0,4.0,4.0,4.0,4.0,4.0,2.0,4.0,2.0,6.0,8.0,8.0,2.0,2.0
/eml:eml/dataset/creator/phone,0.0,2.0,1.0,0.0,0.0,0.0,0.0,0.0,0.0,0.0,0.0,2.0,0.0,0.0,0.0,0.0,0.0,0.0
/eml:eml/dataset/creator/phone/@phonetype,0.0,2.0,1.0,0.0,0.0,0.0,0.0,0.0,0.0,0.0,0.0,2.0,0.0,0.0,0.0,0.0,0.0,0.0
/eml:eml/dataset/creator/positionName,0.0,1.0,3.0,0.0,0.0,0.0,0.0,0.0,0.0,0.0,0.0,0.0,0.0,0.0,0.0,0.0,0.0,0.0
/eml:eml/dataset/creator/userId,0.0,0.0,0.0,0.0,0.0,0.0,0.0,0.0,0.0,1.0,0.0,0.0,0.0,1.0,1.0,1.0,1.0,1.0
/eml:eml/dataset/creator/userId/@directory,0.0,0.0,0.0,0.0,0.0,0.0,0.0,0.0,0.0,1.0,0.0,0.0,0.0,1.0,1.0,1.0,1.0,1.0
/eml:eml/dataset/dataTable/@id,1.0,1.0,2.0,2.0,5.0,3.0,1.0,9.0,9.0,6.0,2.0,8.0,2.0,2.0,16.0,16.0,10.0,10.0
/eml:eml/dataset/dataTable/@system,0.0,0.0,0.0,0.0,0.0,0.0,0.0,0.0,0.0,0.0,0.0,0.0,0.0,1.0,0.0,1.0,0.0,0.0
/eml:eml/dataset/dataTable/attributeList,1.0,1.0,2.0,2.0,5.0,3.0,1.0,9.0,9.0,6.0,2.0,8.0,2.0,2.0,16.0,16.0,10.0,10.0
/eml:eml/dataset/dataTable/attributeList/@id,1.0,1.0,2.0,2.0,5.0,3.0,1.0,8.0,8.0,0.0,2.0,8.0,0.0,0.0,0.0,0.0,0.0,0.0
/eml:eml/dataset/dataTable/attributeList/attribute/@id,3.0,8.0,16.0,21.0,16.0,36.0,144.0,67.0,67.0,0.0,22.0,58.0,0.0,0.0,0.0,0.0,0.0,0.0
/eml:eml/dataset/dataTable/attributeList/attribute/attributeDefinition,3.0,8.0,14.0,21.0,11.0,35.0,144.0,56.0,56.0,93.0,21.0,55.0,14.0,9.0,191.0,192.0,152.0,152.0
/eml:eml/dataset/dataTable/attributeList/attribute/attributeLabel,1.0,1.0,1.0,1.0,2.0,0.0,0.0,0.0,0.0,0.0,0.0,1.0,0.0,0.0,0.0,0.0,0.0,0.0
/eml:eml/dataset/dataTable/attributeList/attribute/attributeName,3.0,8.0,13.0,20.0,8.0,33.0,144.0,40.0,40.0,95.0,19.0,38.0,14.0,9.0,182.0,183.0,148.0,148.0
/eml:eml/dataset/dataTable/attributeList/attribute/measurementScale/dateTime/dateTimeDomain/bounds/maximum,1.0,1.0,1.0,1.0,1.0,0.0,1.0,7.0,7.0,1.0,2.0,2.0,0.0,0.0,0.0,1.0,0.0,0.0
/eml:eml/dataset/dataTable/attributeList/attribute/measurementScale/dateTime/dateTimeDomain/bounds/maximum/@exclusive,1.0,1.0,1.0,1.0,1.0,0.0,1.0,1.0,1.0,1.0,1.0,1.0,0.0,0.0,0.0,1.0,0.0,0.0
/eml:eml/dataset/dataTable/attributeList/attribute/measurementScale/dateTime/dateTimeDomain/bounds/minimum,1.0,1.0,1.0,1.0,1.0,0.0,1.0,7.0,7.0,1.0,2.0,4.0,0.0,0.0,0.0,1.0,0.0,0.0
/eml:eml/dataset/dataTable/attributeList/attribute/measurementScale/dateTime/dateTimeDomain/bounds/minimum/@exclusive,1.0,1.0,1.0,1.0,1.0,0.0,1.0,1.0,1.0,1.0,1.0,1.0,0.0,0.0,0.0,1.0,0.0,0.0
/eml:eml/dataset/dataTable/attributeList/attribute/measurementScale/dateTime/dateTimePrecision,1.0,1.0,1.0,1.0,1.0,0.0,1.0,1.0,1.0,0.0,1.0,1.0,0.0,0.0,0.0,0.0,0.0,0.0
/eml:eml/dataset/dataTable/attributeList/attribute/measurementScale/dateTime/formatString,1.0,1.0,1.0,1.0,1.0,1.0,1.0,4.0,4.0,1.0,1.0,1.0,1.0,1.0,2.0,3.0,1.0,1.0
/eml:eml/dataset/dataTable/attributeList/attribute/measurementScale/nominal/nonNumericDomain/enumeratedDomain/codeDefinition/code,0.0,0.0,5.0,0.0,0.0,0.0,0.0,9.0,9.0,12.0,8.0,2.0,0.0,0.0,50.0,53.0,68.0,68.0
/eml:eml/dataset/dataTable/attributeList/attribute/measurementScale/nominal/nonNumericDomain/enumeratedDomain/codeDefinition/definition,0.0,0.0,5.0,0.0,0.0,0.0,0.0,5.0,5.0,5.0,9.0,2.0,0.0,0.0,51.0,54.0,69.0,69.0
/eml:eml/dataset/dataTable/attributeList/attribute/measurementScale/nominal/nonNumericDomain/textDomain/definition,2.0,7.0,2.0,11.0,8.0,13.0,2.0,19.0,19.0,3.0,6.0,29.0,1.0,1.0,31.0,32.0,12.0,12.0
/eml:eml/dataset/dataTable/attributeList/attribute/measurementScale/ratio/numericDomain/bounds/maximum,0.0,0.0,0.0,0.0,0.0,0.0,0.0,0.0,0.0,73.0,0.0,0.0,12.0,14.0,82.0,80.0,37.0,37.0
/eml:eml/dataset/dataTable/attributeList/attribute/measurementScale/ratio/numericDomain/bounds/maximum/@exclusive,0.0,0.0,0.0,0.0,0.0,0.0,0.0,0.0,0.0,1.0,0.0,0.0,1.0,1.0,1.0,1.0,1.0,1.0
/eml:eml/dataset/dataTable/attributeList/attribute/measurementScale/ratio/numericDomain/bounds/minimum,0.0,0.0,0.0,0.0,0.0,0.0,0.0,0.0,0.0,70.0,0.0,0.0,12.0,7.0,51.0,52.0,18.0,18.0
/eml:eml/dataset/dataTable/attributeList/attribute/measurementScale/ratio/numericDomain/bounds/minimum/@exclusive,0.0,0.0,0.0,0.0,0.0,0.0,0.0,0.0,0.0,1.0,0.0,0.0,1.0,1.0,1.0,1.0,1.0,1.0
/eml:eml/dataset/dataTable/attributeList/attribute/measurementScale/ratio/numericDomain/numberType,0.0,0.0,2.0,0.0,0.0,1.0,1.0,1.0,1.0,3.0,2.0,1.0,1.0,1.0,4.0,4.0,4.0,4.0
/eml:eml/dataset/dataTable/attributeList/attribute/measurementScale/ratio/precision,0.0,0.0,3.0,0.0,0.0,1.0,1.0,3.0,3.0,0.0,3.0,1.0,0.0,0.0,0.0,0.0,0.0,0.0
/eml:eml/dataset/dataTable/attributeList/attribute/measurementScale/ratio/unit/customUnit,0.0,0.0,0.0,0.0,0.0,0.0,0.0,0.0,0.0,2.0,0.0,0.0,2.0,2.0,1.0,1.0,0.0,0.0
/eml:eml/dataset/dataTable/attributeList/attribute/measurementScale/ratio/unit/standardUnit,0.0,0.0,3.0,0.0,0.0,2.0,2.0,5.0,5.0,8.0,3.0,3.0,4.0,5.0,13.0,13.0,6.0,6.0
/eml:eml/dataset/dataTable/attributeList/attribute/missingValueCode/code,0.0,0.0,0.0,0.0,0.0,0.0,0.0,0.0,0.0,1.0,0.0,0.0,1.0,1.0,1.0,1.0,1.0,1.0
/eml:eml/dataset/dataTable/attributeList/attribute/missingValueCode/codeExplanation,0.0,0.0,0.0,0.0,0.0,0.0,0.0,0.0,0.0,1.0,0.0,0.0,1.0,1.0,1.0,1.0,1.0,1.0
/eml:eml/dataset/dataTable/attributeList/attribute/storageType,3.0,3.0,4.0,2.0,2.0,4.0,3.0,4.0,4.0,3.0,4.0,4.0,3.0,3.0,3.0,3.0,3.0,3.0
/eml:eml/dataset/dataTable/attributeList/attribute/storageType/@typeSystem,1.0,1.0,1.0,1.0,1.0,2.0,1.0,1.0,1.0,0.0,1.0,1.0,0.0,0.0,0.0,0.0,0.0,0.0
/eml:eml/dataset/dataTable/coverage/temporalCoverage/rangeOfDates/beginDate/calendarDate,0.0,0.0,0.0,0.0,0.0,0.0,0.0,0.0,0.0,1.0,0.0,0.0,1.0,2.0,6.0,6.0,3.0,3.0
/eml:eml/dataset/dataTable/coverage/temporalCoverage/rangeOfDates/endDate/calendarDate,0.0,0.0,0.0,0.0,0.0,0.0,0.0,0.0,0.0,1.0,0.0,0.0,1.0,1.0,3.0,3.0,2.0,2.0
/eml:eml/dataset/dataTable/entityDescription,2.0,2.0,4.0,4.0,10.0,6.0,2.0,18.0,18.0,8.0,4.0,14.0,4.0,4.0,32.0,32.0,20.0,20.0
/eml:eml/dataset/dataTable/entityName,1.0,1.0,2.0,2.0,5.0,3.0,1.0,9.0,9.0,6.0,2.0,8.0,2.0,2.0,16.0,16.0,10.0,10.0
/eml:eml/dataset/dataTable/numberOfRecords,0.0,0.0,0.0,0.0,0.0,0.0,0.0,1.0,1.0,4.0,0.0,0.0,2.0,2.0,14.0,14.0,7.0,7.0
/eml:eml/dataset/dataTable/physical/authentication,0.0,0.0,0.0,0.0,0.0,0.0,0.0,1.0,1.0,6.0,0.0,0.0,2.0,2.0,16.0,16.0,10.0,10.0
/eml:eml/dataset/dataTable/physical/authentication/@method,0.0,0.0,0.0,0.0,0.0,0.0,0.0,1.0,1.0,1.0,0.0,0.0,1.0,1.0,1.0,1.0,1.0,1.0
/eml:eml/dataset/dataTable/physical/dataFormat,2.0,2.0,2.0,4.0,2.0,4.0,2.0,6.0,6.0,2.0,2.0,4.0,2.0,2.0,2.0,2.0,2.0,2.0
/eml:eml/dataset/dataTable/physical/dataFormat/textFormat/attributeOrientation,1.0,1.0,1.0,1.0,1.0,1.0,1.0,1.0,1.0,1.0,1.0,1.0,1.0,1.0,1.0,1.0,1.0,1.0
/eml:eml/dataset/dataTable/physical/dataFormat/textFormat/numHeaderLines,1.0,1.0,1.0,1.0,1.0,1.0,1.0,1.0,1.0,1.0,1.0,1.0,1.0,1.0,1.0,1.0,1.0,1.0
/eml:eml/dataset/dataTable/physical/dataFormat/textFormat/recordDelimiter,1.0,1.0,1.0,2.0,1.0,2.0,1.0,3.0,3.0,1.0,1.0,2.0,1.0,1.0,1.0,1.0,1.0,1.0
/eml:eml/dataset/dataTable/physical/dataFormat/textFormat/simpleDelimited/fieldDelimiter,1.0,1.0,1.0,1.0,1.0,1.0,1.0,1.0,1.0,1.0,1.0,1.0,1.0,1.0,1.0,1.0,1.0,1.0
/eml:eml/dataset/dataTable/physical/dataFormat/textFormat/simpleDelimited/quoteCharacter,0.0,0.0,0.0,1.0,0.0,1.0,0.0,1.0,1.0,1.0,0.0,1.0,1.0,1.0,1.0,1.0,1.0,1.0
/eml:eml/dataset/dataTable/physical/distribution/online/url,1.0,1.0,2.0,2.0,5.0,3.0,1.0,9.0,9.0,6.0,2.0,8.0,2.0,2.0,16.0,16.0,10.0,10.0
/eml:eml/dataset/dataTable/physical/objectName,1.0,1.0,2.0,2.0,5.0,3.0,1.0,9.0,9.0,6.0,2.0,8.0,2.0,2.0,16.0,16.0,10.0,10.0
/eml:eml/dataset/dataTable/physical/size,1.0,1.0,2.0,2.0,3.0,2.0,1.0,8.0,8.0,6.0,2.0,7.0,2.0,2.0,16.0,16.0,10.0,10.0
/eml:eml/dataset/dataTable/physical/size/@unit,1.0,1.0,1.0,1.0,1.0,1.0,1.0,2.0,2.0,1.0,1.0,1.0,1.0,1.0,1.0,1.0,1.0,1.0
/eml:eml/dataset/distribution,1.0,1.0,1.0,1.0,1.0,1.0,1.0,1.0,1.0,1.0,1.0,1.0,1.0,1.0,1.0,1.0,1.0,1.0
/eml:eml/dataset/distribution/online/onlineDescription,0.0,0.0,0.0,0.0,0.0,0.0,0.0,0.0,0.0,1.0,0.0,0.0,1.0,1.0,1.0,1.0,1.0,1.0
/eml:eml/dataset/distribution/online/url,1.0,1.0,1.0,1.0,1.0,1.0,1.0,1.0,1.0,1.0,1.0,1.0,1.0,1.0,1.0,1.0,1.0,1.0
/eml:eml/dataset/intellectualRights,2.0,2.0,2.0,2.0,2.0,2.0,2.0,2.0,2.0,2.0,2.0,2.0,2.0,2.0,2.0,2.0,2.0,2.0
/eml:eml/dataset/intellectualRights/section/para,1.0,1.0,1.0,1.0,1.0,1.0,1.0,1.0,1.0,0.0,1.0,1.0,0.0,0.0,0.0,0.0,0.0,0.0
/eml:eml/dataset/intellectualRights/section/para/itemizedlist/listitem/para,7.0,7.0,7.0,7.0,7.0,7.0,7.0,7.0,7.0,0.0,7.0,7.0,0.0,0.0,0.0,0.0,0.0,0.0
/eml:eml/dataset/keywordSet/keyword,11.0,32.0,11.0,11.0,11.0,11.0,27.0,45.0,45.0,57.0,0.0,37.0,33.0,29.0,73.0,73.0,42.0,42.0
/eml:eml/dataset/keywordSet/keyword/@keywordType,2.0,2.0,2.0,2.0,2.0,2.0,2.0,2.0,2.0,2.0,0.0,2.0,2.0,2.0,2.0,2.0,2.0,2.0
/eml:eml/dataset/keywordSet/keywordThesaurus,2.0,4.0,2.0,2.0,2.0,2.0,4.0,4.0,4.0,4.0,0.0,4.0,4.0,4.0,4.0,4.0,4.0,4.0
/eml:eml/dataset/language,0.0,0.0,0.0,0.0,0.0,0.0,0.0,0.0,0.0,0.0,0.0,1.0,0.0,0.0,0.0,0.0,0.0,0.0
/eml:eml/dataset/maintenance,0.0,0.0,0.0,0.0,0.0,0.0,0.0,0.0,0.0,0.0,0.0,1.0,0.0,0.0,0.0,0.0,0.0,0.0
/eml:eml/dataset/maintenance/description/para,0.0,0.0,0.0,0.0,0.0,0.0,0.0,0.0,0.0,0.0,0.0,1.0,0.0,0.0,0.0,0.0,0.0,0.0
/eml:eml/dataset/metadataProvider,0.0,0.0,0.0,0.0,0.0,0.0,0.0,0.0,0.0,2.0,0.0,0.0,1.0,1.0,8.0,8.0,5.0,5.0
/eml:eml/dataset/metadataProvider/@id,0.0,0.0,0.0,0.0,0.0,0.0,0.0,0.0,0.0,2.0,0.0,0.0,1.0,1.0,8.0,8.0,5.0,5.0
/eml:eml/dataset/metadataProvider/electronicMailAddress,0.0,0.0,0.0,0.0,0.0,0.0,0.0,0.0,0.0,2.0,0.0,0.0,1.0,1.0,8.0,8.0,4.0,4.0
/eml:eml/dataset/metadataProvider/individualName/givenName,0.0,0.0,0.0,0.0,0.0,0.0,0.0,0.0,0.0,2.0,0.0,0.0,1.0,1.0,8.0,8.0,5.0,5.0
/eml:eml/dataset/metadataProvider/individualName/surName,0.0,0.0,0.0,0.0,0.0,0.0,0.0,0.0,0.0,2.0,0.0,0.0,1.0,1.0,8.0,8.0,5.0,5.0
/eml:eml/dataset/metadataProvider/organizationName,0.0,0.0,0.0,0.0,0.0,0.0,0.0,0.0,0.0,1.0,0.0,0.0,1.0,1.0,1.0,1.0,1.0,1.0
/eml:eml/dataset/metadataProvider/userId,0.0,0.0,0.0,0.0,0.0,0.0,0.0,0.0,0.0,1.0,0.0,0.0,0.0,1.0,1.0,1.0,1.0,1.0
/eml:eml/dataset/metadataProvider/userId/@directory,0.0,0.0,0.0,0.0,0.0,0.0,0.0,0.0,0.0,1.0,0.0,0.0,0.0,1.0,1.0,1.0,1.0,1.0
/eml:eml/dataset/methods,2.0,2.0,2.0,2.0,2.0,2.0,2.0,2.0,2.0,2.0,2.0,2.0,2.0,2.0,2.0,2.0,2.0,2.0
/eml:eml/dataset/methods/methodStep/description/para,0.0,0.0,0.0,0.0,0.0,0.0,0.0,0.0,0.0,0.0,0.0,0.0,0.0,5.0,0.0,0.0,0.0,0.0
/eml:eml/dataset/methods/methodStep/description/para/emphasis,0.0,0.0,0.0,0.0,0.0,0.0,0.0,0.0,0.0,0.0,0.0,0.0,0.0,5.0,0.0,0.0,0.0,0.0
/eml:eml/dataset/methods/methodStep/description/section/para,2.0,15.0,6.0,42.0,15.0,9.0,7.0,75.0,75.0,95.0,34.0,26.0,11.0,0.0,84.0,84.0,20.0,20.0
/eml:eml/dataset/methods/methodStep/description/section/para/emphasis,0.0,4.0,0.0,0.0,0.0,0.0,0.0,3.0,3.0,0.0,0.0,0.0,0.0,0.0,43.0,43.0,12.0,12.0
/eml:eml/dataset/methods/methodStep/description/section/para/itemizedlist/listitem/para,0.0,0.0,0.0,0.0,0.0,0.0,0.0,0.0,0.0,0.0,0.0,19.0,0.0,0.0,157.0,157.0,93.0,93.0
/eml:eml/dataset/methods/methodStep/description/section/para/itemizedlist/listitem/para/emphasis,0.0,0.0,0.0,0.0,0.0,0.0,0.0,0.0,0.0,0.0,0.0,0.0,0.0,0.0,13.0,13.0,0.0,0.0
/eml:eml/dataset/methods/methodStep/description/section/para/itemizedlist/listitem/para/itemizedlist/listitem/para,0.0,0.0,0.0,0.0,0.0,0.0,0.0,0.0,0.0,0.0,0.0,0.0,0.0,0.0,24.0,24.0,16.0,16.0
/eml:eml/dataset/methods/methodStep/description/section/para/itemizedlist/listitem/para/itemizedlist/listitem/para/subscript,0.0,0.0,0.0,0.0,0.0,0.0,0.0,0.0,0.0,0.0,0.0,0.0,0.0,0.0,1.0,1.0,0.0,0.0
/eml:eml/dataset/methods/methodStep/description/section/para/itemizedlist/listitem/para/subscript,0.0,0.0,0.0,0.0,0.0,0.0,0.0,0.0,0.0,0.0,0.0,0.0,0.0,0.0,5.0,5.0,0.0,0.0
/eml:eml/dataset/methods/methodStep/description/section/para/itemizedlist/listitem/para/superscript,0.0,0.0,0.0,0.0,0.0,0.0,0.0,0.0,0.0,0.0,0.0,0.0,0.0,0.0,6.0,6.0,0.0,0.0
/eml:eml/dataset/methods/methodStep/description/section/para/orderedlist/listitem/para,0.0,0.0,0.0,0.0,0.0,0.0,0.0,0.0,0.0,0.0,0.0,0.0,0.0,0.0,54.0,54.0,0.0,0.0
/eml:eml/dataset/methods/methodStep/description/section/para/orderedlist/listitem/para/emphasis,0.0,0.0,0.0,0.0,0.0,0.0,0.0,0.0,0.0,0.0,0.0,0.0,0.0,0.0,3.0,3.0,0.0,0.0
/eml:eml/dataset/methods/methodStep/description/section/para/orderedlist/listitem/para/itemizedlist/listitem/orderedlist/listitem/para,0.0,0.0,0.0,0.0,0.0,0.0,0.0,0.0,0.0,0.0,0.0,0.0,0.0,0.0,3.0,3.0,0.0,0.0
/eml:eml/dataset/methods/methodStep/description/section/para/orderedlist/listitem/para/itemizedlist/listitem/para,0.0,0.0,0.0,0.0,0.0,0.0,0.0,0.0,0.0,0.0,0.0,0.0,0.0,0.0,1.0,1.0,0.0,0.0
/eml:eml/dataset/methods/methodStep/description/section/para/orderedlist/listitem/para/subscript,0.0,0.0,0.0,0.0,0.0,0.0,0.0,0.0,0.0,0.0,0.0,0.0,0.0,0.0,1.0,1.0,0.0,0.0
/eml:eml/dataset/methods/methodStep/description/section/para/orderedlist/listitem/para/superscript,0.0,0.0,0.0,0.0,0.0,0.0,0.0,0.0,0.0,0.0,0.0,0.0,0.0,0.0,1.0,1.0,0.0,0.0
/eml:eml/dataset/methods/methodStep/description/section/para/subscript,0.0,0.0,0.0,0.0,0.0,0.0,0.0,0.0,0.0,7.0,0.0,0.0,0.0,0.0,13.0,13.0,0.0,0.0
/eml:eml/dataset/methods/methodStep/description/section/para/superscript,0.0,0.0,0.0,0.0,0.0,0.0,0.0,0.0,0.0,5.0,0.0,0.0,0.0,0.0,5.0,5.0,0.0,0.0
/eml:eml/dataset/methods/methodStep/description/section/section/para,0.0,0.0,0.0,0.0,0.0,6.0,0.0,0.0,0.0,0.0,0.0,0.0,0.0,0.0,0.0,0.0,0.0,0.0
/eml:eml/dataset/methods/methodStep/description/section/section/title,0.0,0.0,0.0,0.0,0.0,1.0,0.0,0.0,0.0,0.0,0.0,0.0,0.0,0.0,0.0,0.0,0.0,0.0
/eml:eml/dataset/methods/methodStep/description/section/title,1.0,1.0,2.0,2.0,2.0,1.0,1.0,8.0,8.0,3.0,3.0,9.0,11.0,0.0,12.0,12.0,6.0,6.0
/eml:eml/dataset/methods/sampling/samplingDescription/para,0.0,0.0,0.0,0.0,0.0,0.0,0.0,0.0,0.0,1.0,0.0,0.0,0.0,0.0,0.0,0.0,0.0,0.0
/eml:eml/dataset/methods/sampling/studyExtent/coverage/geographicCoverage/boundingCoordinates/eastBoundingCoordinate,0.0,0.0,0.0,0.0,0.0,0.0,0.0,0.0,0.0,1.0,0.0,0.0,0.0,0.0,0.0,0.0,0.0,0.0
/eml:eml/dataset/methods/sampling/studyExtent/coverage/geographicCoverage/boundingCoordinates/northBoundingCoordinate,0.0,0.0,0.0,0.0,0.0,0.0,0.0,0.0,0.0,1.0,0.0,0.0,0.0,0.0,0.0,0.0,0.0,0.0
/eml:eml/dataset/methods/sampling/studyExtent/coverage/geographicCoverage/boundingCoordinates/southBoundingCoordinate,0.0,0.0,0.0,0.0,0.0,0.0,0.0,0.0,0.0,1.0,0.0,0.0,0.0,0.0,0.0,0.0,0.0,0.0
/eml:eml/dataset/methods/sampling/studyExtent/coverage/geographicCoverage/boundingCoordinates/westBoundingCoordinate,0.0,0.0,0.0,0.0,0.0,0.0,0.0,0.0,0.0,1.0,0.0,0.0,0.0,0.0,0.0,0.0,0.0,0.0
/eml:eml/dataset/methods/sampling/studyExtent/coverage/geographicCoverage/geographicDescription,0.0,0.0,0.0,0.0,0.0,0.0,0.0,0.0,0.0,1.0,0.0,0.0,0.0,0.0,0.0,0.0,0.0,0.0
/eml:eml/dataset/methods/sampling/studyExtent/coverage/temporalCoverage/rangeOfDates/beginDate/calendarDate,0.0,0.0,0.0,0.0,0.0,0.0,0.0,0.0,0.0,1.0,0.0,0.0,0.0,0.0,0.0,0.0,0.0,0.0
/eml:eml/dataset/methods/sampling/studyExtent/coverage/temporalCoverage/rangeOfDates/endDate/calendarDate,0.0,0.0,0.0,0.0,0.0,0.0,0.0,0.0,0.0,1.0,0.0,0.0,0.0,0.0,0.0,0.0,0.0,0.0
/eml:eml/dataset/pubDate,2.0,2.0,2.0,2.0,2.0,2.0,2.0,2.0,2.0,2.0,2.0,2.0,2.0,2.0,2.0,2.0,2.0,2.0
/eml:eml/dataset/title,2.0,2.0,2.0,2.0,2.0,2.0,2.0,2.0,2.0,2.0,2.0,2.0,2.0,2.0,2.0,2.0,2.0,2.0
